5	Leystone Fragment
6	Clan Banner
7	Celtic Bullhorn
8	Sigil of Health
9	Sigil of Energy
10	Book of Alteration
11	Elixir of Health
12	Elixir of Energy
13	Backpack Expansion
14	Bag of Gold
15	Book of Rebirth
16	Extra Character Slot
17	Health Potion
18	Energy Potion
19	Extra Hotbar Slot
20	Ancient Resurrection Idol
21	Scroll of Fire Bolt
22	Shrink Potion
23	Super Shrink Potion
24	Growth Potion
25	Super Growth Potion
26	Invisibility Potion
27	Defence Potion
28	Armour Potion
29	Maximum Health Potion
30	Maximum Energy Potion
35	Scroll of Ice Shards
36	Scroll of Camouflage
37	Scroll of Taunt
38	Silver Quiver of Plenty
39	Golden Quiver of Bounty
40	Super Defence Potion
41	Super Armour Potion
42	Super Maximum Health Potion
43	Super Maximum Energy Potion
44	Attack Potion
45	Super Attack Potion
46	Haste Potion
47	Super Haste Potion
48	Travelling Potion
49	Super Travelling Potion
50	Knowledge Potion
51	Ultra Knowledge Potion
52	Regeneration Potion
53	Super Regeneration Potion
54	Energiser Potion
55	Super Energiser Potion
56	Combination Potion
57	Super Combination Potion
58	Elixir of Shrinking
59	Super Elixir of Shrinking
60	Elixir of Growth
61	Super Elixir of Growth
62	Elixir of Defence
63	Super Elixir of Defence
64	Elixir of Maximum Health
65	Super Elixir of Maximum Health
66	Elixir of Maximum Energy
67	Super Elixir of Maximum Energy
68	Elixir of Attack
69	Super Elixir of Attack
70	Elixir of Haste
71	Super Elixir of Haste
72	Elixir of Travelling
73	Super Elixir of Travelling
74	Elixir of Knowledge
75	UNUSED Ultra Elixir of Knowledge
76	Combination Elixir
77	Super Combination Elixir
78	Scroll of Rooting
79	Elixir of Armour
80	Super Elixir of Armour
81	Elixir of Regeneration
82	Super Elixir of Regeneration
83	Elixir of Energisation
84	Super Elixir of Energisation
85	Quiver of Farsight
86	Large Quiver
87	Scroll of Fire Shield
88	Elixir of Wisdom
89	Super Elixir of Wisdom
90	Super Knowledge Potion
91	Super Elixir of Knowledge
92	Bank Expansion
93	Auction House Slot
100	Silver Quiver of Regeneration
101	Silver Quiver of Energisation
102	Golden Quiver of Regeneration
105	Golden Quiver of Energisation
106	Silver Quiver of Rejuvenation
107	Golden Quiver of Rejuvenation
108	Silver Spirit Quiver
109	Silver Health Quiver
110	Silver Energy Quiver
111	Golden Energy Quiver
112	Golden Health Quiver
113	Golden Spirit Quiver
114	Book of Alteration
115	Book of Rebirth
116	Potion of Piranus
117	Drummond's Shrink Potion
118	Drummond's Growth Potion
119	Drummond's Invisibility Potion
120	Drummond's Defence Potion
121	Drummond's Armour Potion
122	DO NOT USE
123	DO NOT USE
124	Drummond's Attack Potion
125	Drummond's Haste Potion
126	Drummond's Travelling Potion
127	Drummond's Knowledge Potion
128	DO NOT USE
129	Drummond's Regeneration Potion
130	Drummond's Energiser Potion
131	Drummond's Health Potion
132	Drummond's Energy Potion
133	Drummond's Minor Energy Potion
134	Drummond's Minor Health Potion
135	Regeneration Potion
136	Energiser Potion
137	Maximum Health Potion
138	Maximum Energy Potion
139	Attack Potion
140	Defence Potion
141	Armour Potion
142	Haste Potion
143	Travelling Potion
144	Knowledge Potion
145	Shrink Potion
146	Growth Potion
147	Invisibility Potion
148	Combination Potion
149	Super Regeneration Potion
150	Super Energiser Potion
151	Super Maximum Health Potion
152	Super Maximum Energy Potion
153	Super Attack Potion
154	Super Defence Potion
155	Super Armour Potion
156	Super Haste Potion
157	Super Travelling Potion
158	Super Knowledge Potion
159	Super Shrink Potion
160	Super Growth Potion
161	Super Combination Potion
162	Restoration Potion
163	Minor Health Potion
164	Minor Energy Potion
165	Health Potion
166	Energy Potion
167	Elixir of Health
168	Elixir of Energy
169	Elixir of Shrinking
170	Super Elixir of Shrinking
171	Elixir of Growth
172	Super Elixir of Growth
173	Elixir of Defence
174	Super Elixir of Defence
175	Elixir of Maximum Health
176	Super Elixir of Maximum Health
177	Elixir of Maximum Energy
178	Super Elixir of Maximum Energy
179	Elixir of Attack
180	Super Elixir of Attack
181	Elixir of Haste
182	Super Elixir of Haste
183	Elixir of Travelling
184	Super Elixir of Travelling
185	Elixir of Knowledge
186	UNUSED Ultra Elixir of Knowledge
187	Combination Elixir
188	Super Combination Elixir
189	Elixir of Armour
190	Super Elixir of Armour
191	Elixir of Regeneration
192	Super Elixir of Regeneration
193	Elixir of Energisation
194	Super Elixir of Energisation
195	Elixir of Wisdom
196	Super Elixir of Wisdom
197	Super Elixir of Knowledge
201	Heroic Elixir of Wisdom
202	Heroic Elixir of Knowledge
203	Heroic Elixir of Energisation
204	Heroic Elixir of Regeneration
205	Heroic Travelling Elixir
211	Heroic Elixir of Haste
212	Heroic Elixir of Defence
213	Heroic Elixir of Attack
214	Heroic Elixir of Armour
215	Heroic Combination Elixir
216	Heroic Combination Elixir
217	Bounty Pledge
218	Heroes Starter Kit
219	Deluxe Heroes Starter Kit
220	Bounty Board Token No Trade
221	Elixir of Fishing Insight
222	Super Elixir of Fishing Insight
223	Heroic Elixir of Fishing Insight
224	Potion of Concentration
225	Elixir of Fishing Insight NO TRADE
226	Super Elixir of Fishing Insight NO TRADE
227	Heroic Elixir of Fishing Insight NO TRADE
228	Super Potion of Concentration
229	Potion of Concentration NO TRADE
230	Super Potion of Concentration NO TRADE
231	Budget Fisherman's Draught
232	Novice Fisherman's Draught
233	Apprentice Fisherman's Draught
234	Aspirant Fisherman's Draught
235	Journeyman Fisherman's Draught
236	Adept Fisherman's Draught
237	Expert Fisherman's Draught
238	Artisan Fisherman's Draught
239	Master Fisherman's Draught
240	Grandmaster Fisherman's Draught
1001	'Pummel' Training Manual
1002	'Protective Stance' Training Manual
1003	'Recuperate' Training Manual
1004	'Bandage Wounds' Training Manual
1005	'Natures Touch' Spell Tome
1008	'Strangling Vines' Spell Tome
1009	'Grasping Roots' Spell Tome
1010	'Howling Wind' Spell Tome
1011	'Fire Bolt' Spell Tome
1012	'Cloak of Fire' Spell Tome
1013	'Sharp Shot' Training Manual
1014	'Steady Aim' Training Manual
1015	'Bolas' Training Manual
1016	'Sneaky Attack' Training Manual
1017	'Hide' Training Manual
1018	'Rend' Training Manual
1032	'Calm' Spell Tome
1033	'Taunt' Training Manual
1034	'Distract' Training Manual
1036	'Shield of Bark' Spell Tome
1037	'Natures Embrace' Spell Tome
1038	'Lightning Strike' Spell Tome
1039	'Abundance' Spell Tome
1040	'Lure of Fire' Spell Tome
1041	'Lure of Ice' Spell Tome
1042	'Ice Shards' Spell Tome
1043	'Energy Shield' Spell Tome
1044	'Energy Well' Spell Tome
1045	'Frenzy' Training Manual
1046	'Shield Bash' Training Manual
1047	'Giant Swing' Training Manual
1048	'Fast Reflexes' Training Manual
1049	'Poison Weapon' Training Manual
1050	'Camouflage' Training Manual
1051	'Rapid Shot' Training Manual
1052	'Barbed Shot' Training Manual
1053	'Quick Strike' Training Manual
1054	'Meditate' Training Manual
1055	'Light Heal' Training Manual
1056	'Energy Boost' Spell Tome
1057	'Pummel' Training Manual
1058	'Protective Stance' Training Manual
1059	'Recuperate' Training Manual
1060	'Bandage Wounds' Training Manual
1061	'Natures Touch' Spell Tome
1062	'Strangling Vines' Spell Tome
1063	'Grasping Roots' Spell Tome
1064	'Fire Bolt' Spell Tome
1065	'Cloak of Fire' Spell Tome
1066	'Sharp Shot' Training Manual
1067	'Bolas' Training Manual
1068	'Sneaky Attack' Training Manual
1069	'Hide' Training Manual
1070	'Rend' Training Manual
1071	'Taunt' Training Manual
1072	'Shield of Bark' Spell Tome
1073	'Lightning Strike' Spell Tome
1074	'Lure of Fire' Spell Tome
1075	'Ice Shards' Spell Tome
1076	'Frenzy' Training Manual
1077	'Giant Swing' Training Manual
1078	'Fast Reflexes' Training Manual
1079	'Poison Weapon' Training Manual
1080	'Rapid Shot' Training Manual
1081	'Barbed Shot' Training Manual
1082	'Quick Strike' Training Manual
1083	'Meditate' Training Manual
1084	'Light Heal' Training Manual
1085	'Energy Boost' Spell Tome
1086	Natural Divination' Training Manual
10000	Tempered Small Sword
10001	Finepoint Dagger
10002	Forest Bow
10003	Ritual Staff
10004	Sprite Wand
10005	Training Buckler
10006	Adventurer's Boots
10007	Burnished Greaves
10008	Wilderness Legguards
10009	Umbrose Breeches
10010	Woodland Leggings
10011	Arcane Skirt
10012	Burnished Breastplate
10013	Wilderness Cuirass
10014	Umbrose Jerkin
10015	Woodland Robe
10016	Arcane Gown
10017	Shoreline Sword
10018	Shoreline Dagger
10019	Shoreline Bow
10020	Shoreline Staff
10021	Shoreline Wand
10022	Dauntless Gauntlets
10023	Crestseeker Vambraces
10024	Dusklight Handwraps
10025	Meadowsun Gloves
10026	Spellbound Gloves
10027	Dauntless Boots
10028	Crestseeker Treads
10029	Dusklight Footguards
10030	Meadowsun Sandals
10031	Spellbound Shoes
10032	Dauntless Helm
10033	Crestseeker Hood
10034	Dusklight Cowl
10035	Meadowsun Mantle
10036	Spellbound Circlet
10037	Dauntless Greaves
10038	Crestseeker Legguards
10039	Dusklight Breeches
10040	Minor Health Potion
10041	Meadowsun Leggings
10042	Spellbound Skirt
10043	Dauntless Breastplate
10044	Crestseeker Cuirass
10045	Dusklight Jerkin
10046	Meadowsun Robe
10047	Club
10048	Hatchet
10049	Small Sword
10050	Knife
10051	Shortbow
10052	Short Staff
10053	Wand
10054	Buckler
10055	Splint Gauntlets
10056	Sheepskin Gloves
10057	Wool Gloves
10058	Splint Boots
10059	Sheepskin Boots
10060	Wool Shoes
10061	Splint Helm
10062	Sheepskin Helm
10063	Wool Hat
10064	Splint Greaves
10065	Sheepskin Greaves
10066	Wool Breeches
10067	Splint Breastplate
10068	Sheepskin Cuirass
10069	Wool Shirt
10070	Robust Club
10071	Fierce Hatchet
10072	Steady Small Sword
10073	Sharp Knife
10074	Sturdy Shortbow
10075	Stout Short Staff
10076	Elegant Wand
10077	Banded Buckler
10078	Hammered Splint Gauntlets
10079	Tanned Sheepskin Gloves
10080	Woven Wool Gloves
10081	Hammered Splint Boots
10082	Tanned Sheepskin Boots
10083	Woven Wool Shoes
10084	Hammered Splint Helm
10085	Tanned Sheepskin Helm
10086	Woven Wool Hat
10087	Hammered Splint Greaves
10088	Tanned Sheepskin Greaves
10089	Woven Wool Breeches
10090	Hammered Splint Breastplate
10091	Tanned Sheepskin Cuirass
10092	Woven Wool Shirt
10093	Brutal Club
10094	Savage Hatchet
10095	Balanced Small Sword
10096	Cruel Knife
10097	Crafted Shortbow
10098	Solid Short Staff
10099	Splendid Wand
10100	Reinforced Buckler
10101	Embossed Splint Gauntlets
10102	Cured Sheepskin Gloves
10103	Tailored Wool Gloves
10104	Embossed Splint Boots
10105	Cured Sheepskin Boots
10106	Tailored Wool Shoes
10107	Embossed Splint Helm
10108	Cured Sheepskin Helm
10109	Tailored Wool Hat
10110	Embossed Splint Greaves
10111	Cured Sheepskin Greaves
10112	Tailored Wool Breeches
10113	Embossed Splint Breastplate
10114	Cured Sheepskin Cuirass
10115	Tailored Wool Shirt
10116	Cudgel
10117	Handaxe
10118	Short Sword
10119	Dagger
10120	Longbow
10121	Walking Staff
10122	Baton
10123	Targe
10124	Chain Gauntlets
10125	Leather Gloves
10126	Cloth Gloves
10127	Chain Boots
10128	Leather Boots
10129	Cloth Shoes
10130	Chain Helm
10131	Leather Helm
10132	Cloth Hat
10133	Chain Greaves
10134	Leather Greaves
10135	Cloth Breeches
10136	Chain Breastplate
10137	Leather Cuirass
10138	Cloth Shirt
10139	Robust Cudgel
10140	Fierce Handaxe
10141	Steady Short Sword
10142	Sharp Dagger
10143	Sturdy Longbow
10144	Stout Walking Staff
10145	Elegant Baton
10146	Banded Targe
10147	Hammered Chain Gauntlets
10148	Tanned Leather Gloves
10149	Woven Cloth Gloves
10150	Hammered Chain Boots
10151	Tanned Leather Boots
10152	Woven Cloth Shoes
10153	Hammered Chain Helm
10154	Tanned Leather Helm
10155	Woven Cloth Hat
10156	Hammered Chain Greaves
10157	Tanned Leather Greaves
10158	Woven Cloth Breeches
10159	Hammered Chain Breastplate
10160	Tanned Leather Cuirass
10161	Woven Cloth Shirt
10162	Brutal Cudgel
10163	Savage Handaxe
10164	Balanced Short Sword
10165	Cruel Dagger
10166	Crafted Longbow
10167	Solid Walking Staff
10168	Splendid Baton
10169	Reinforced Targe
10170	Embossed Chain Gauntlets
10171	Cured Leather Gloves
10172	Tailored Cloth Gloves
10173	Embossed Chain Boots
10174	Cured Leather Boots
10175	Tailored Cloth Shoes
10176	Embossed Chain Helm
10177	Cured Leather Helm
10178	Tailored Cloth Hat
10179	Embossed Chain Greaves
10180	Cured Leather Greaves
10181	Tailored Cloth Breeches
10182	Embossed Chain Breastplate
10183	Cured Leather Cuirass
10184	Tailored Cloth Shirt
10185	Maul
10186	Sparth Axe
10187	Claymore
10188	Dirk
10189	Composite Bow
10190	Quarter Staff
10191	Rod
10192	Kite Shield
10193	Scale Gauntlets
10194	Quilted Gloves
10195	Linen Gloves
10196	Scale Boots
10197	Quilted Boots
10198	Linen Shoes
10199	Scale Helm
10200	Quilted Helm
10201	Linen Hat
10202	Scale Greaves
10203	Quilted Greaves
10204	Linen Breeches
10205	Scale Breastplate
10206	Quilted Cuirass
10207	Linen Shirt
10208	Robust Maul
10209	Fierce Sparth Axe
10210	Steady Claymore
10211	Sharp Dirk
10212	Sturdy Composite Bow
10213	Stout Quarter Staff
10214	Elegant Rod
10215	Banded Kite Shield
10216	Hammered Scale Gauntlets
10217	Tanned Quilted Gloves
10218	Woven Linen Gloves
10219	Hammered Scale Boots
10220	Tanned Quilted Boots
10221	Woven Linen Shoes
10222	Hammered Scale Helm
10223	Tanned Quilted Helm
10224	Woven Linen Hat
10225	Hammered Scale Greaves
10226	Tanned Quilted Greaves
10227	Woven Linen Breeches
10228	Hammered Scale Breastplate
10229	Tanned Quilted Cuirass
10230	Woven Linen Shirt
10231	Brutal Maul
10232	Savage Sparth Axe
10233	Balanced Claymore
10234	Cruel Dirk
10235	Crafted Composite Bow
10236	Solid Quarter Staff
10237	Splendid Rod
10238	Reinforced Kite Shield
10239	Embossed Scale Gauntlets
10240	Cured Quilted Gloves
10241	Tailored Linen Gloves
10242	Embossed Scale Boots
10243	Cured Quilted Boots
10244	Tailored Linen Shoes
10245	Embossed Scale Helm
10246	Cured Quilted Helm
10247	Tailored Linen Hat
10248	Embossed Scale Greaves
10249	Cured Quilted Greaves
10250	Tailored Linen Breeches
10251	Embossed Scale Breastplate
10252	Cured Quilted Cuirass
10253	Tailored Linen Shirt
10254	Great Maul
10255	Great Axe
10256	Greatsword
10257	Langsax
10258	War Bow
10259	Grand Staff
10260	Sceptre
10261	Tower Shield
10262	Plate Gauntlets
10263	Lamellar Gloves
10264	Silk Gloves
10265	Plate Boots
10266	Lamellar Boots
10267	Silk Shoes
10268	Plate Helm
10269	Lamellar Helm
10270	Silk Hat
10271	Plate Greaves
10272	Lamellar Greaves
10273	Silk Breeches
10274	Plate Breastplate
10275	Lamellar Cuirass
10276	Silk Shirt
10277	Robust Great Maul
10278	Fierce Great Axe
10279	Steady Greatsword
10280	Sharp Langsax
10281	Sturdy War Bow
10282	Stout Grand Staff
10283	Elegant Sceptre
10284	Banded Tower Shield
10285	Hammered Plate Gauntlets
10286	Tanned Lamellar Gloves
10287	Woven Silk Gloves
10288	Hammered Plate Boots
10289	Tanned Lamellar Boots
10290	Woven Silk Shoes
10291	Hammered Plate Helm
10292	Tanned Lamellar Helm
10293	Woven Silk Hat
10294	Hammered Plate Greaves
10295	Tanned Lamellar Greaves
10296	Woven Silk Breeches
10297	Hammered Plate Breastplate
10298	Tanned Lamellar Cuirass
10299	Woven Silk Shirt
10300	Brutal Great Maul
10301	Savage Great Axe
10302	Balanced Greatsword
10303	Cruel Langsax
10304	Crafted War Bow
10305	Solid Grand Staff
10306	Splendid Sceptre
10307	Reinforced Tower Shield
10308	Embossed Plate Gauntlets
10309	Cured Lamellar Gloves
10310	Tailored Silk Gloves
10311	Embossed Plate Boots
10312	Cured Lamellar Boots
10313	Tailored Silk Shoes
10314	Embossed Plate Helm
10315	Cured Lamellar Helm
10316	Tailored Silk Hat
10317	Embossed Plate Greaves
10318	Cured Lamellar Greaves
10319	Tailored Silk Breeches
10320	Embossed Plate Breastplate
10321	Cured Lamellar Cuirass
10322	Tailored Silk Shirt
10323	Mallet
10324	Wood Axe
10325	Broadsword
10326	Robust Mallet
10327	Fierce Wood Axe
10328	Steady Broadsword
10329	Brutal Mallet
10330	Savage Wood Axe
10331	Balanced Broadsword
10332	War Hammer
10333	Broad Axe
10334	Longsword
10335	Robust War Hammer
10336	Fierce Broad Axe
10337	Steady Longsword
10338	Brutal War Hammer
10339	Savage Broad Axe
10340	Balanced Longsword
10341	Mace
10342	Short Axe
10343	Cutlass
10344	Robust Mace
10345	Fierce Short Axe
10346	Steady Cutlass
10347	Brutal Mace
10348	Savage Short Axe
10349	Balanced Cutlass
10350	Flanged Mace
10351	Battle Axe
10352	Falchion
10353	Robust Flanged Mace
10354	Fierce Battle Axe
10355	Steady Falchion
10356	Brutal Flanged Mace
10357	Savage Battle Axe
10358	Balanced Falchion
10359	Spellbound Gown
10360	Warhaunter Gauntlets
10361	Brightsong Torc
10362	Helm of the Wanderer
10363	Fiona's Necklace
10364	DNU
10365	Una's Fur Boots
10366	Declan's Ring
10367	Severina's Amulet
10368	Una's Fur Gloves
10369	Winter Warmer
10370	Zeuk's Gloves
10371	Corbin's Bracers
10372	Kayla's Gauntlets
10373	Ring of the Trinity Servant
10374	Leaves of Spring
10375	Leaves of Summer
10376	Leaves of Autumn
10377	Leaves of Winter
15001	Ruined Hide Scraps
15002	Yellowed Canine
15004	Wrecked Grey Wolf Pelt
15005	Grey Wolf Pelt
15006	Fine Grey Wolf Pelt
15007	Pristine Grey Wolf Pelt
15012	Ruined Leather Armour Piece
15013	Stale Bread
15014	Silver Axe of Carnage
15015	Old Cloth Scraps
15016	Damaged Leather Armour Piece
15017	Rusty Mail Scraps
15018	Golden Axe of Carnage
15019	Silver Mace of Virtue
15021	Bronze Torq
15023	Bronze Brooch
15025	Golden Mace of Virtue
15026	Horn Goblet
15028	Crusty Bread
15029	Russet Apple
15030	Cold Sliced Mutton
15031	Refreshing Spring Water
15032	Mug of Ale
15033	Ruined White Wolf Pelt
15034	Pristine White Wolf Pelt
15035	Claws of the Alpha Snarl
15036	Sacred Finger of Pontificus
15037	Hagvar's Head
15038	Arrows
15039	Command Totem
15040	Commendation Scroll
15041	Plain Silver Goblet
15042	Minor Energy Potion
15043	Jasper
15044	Agate
15045	Bloodstone
15046	Amber
15047	Tiger's Eye
15048	Moonstone
15049	Rose Quartz
15050	Jet
15051	Pearl
15052	Amethyst
15053	Peridot
15054	Sapphire
15055	Ruby
15056	Emerald
15057	Diamond
15058	Military Supplies
15059	Bottle of Mead
15060	Farcrag Sewers Map
15061	Red Rooster
15062	Marsh Brown
15063	Black Dumpy
15064	Crow's Tear
15065	Barbed Silver Arrowhead
15066	Skull of Mirrian
15067	Common Chicken
15069	White Pawn
15070	White Knight
15071	White Bishop
15072	White Rook
15073	White Queen
15074	White King
15075	Bracken the Puppy
15076	Necklace of Energy
15077	Strange Letter
15078	Razor Arrow
15079	Pounder Arrow
15080	Icicle Arrow
15090	Flame Arrow
15091	Enchanted Arrow
15092	Tangling Arrow
15093	Ripper Arrow
15094	Short Range Arrow
15095	Bodkin Arrow
15096	Wolf Meat
15097	Russet Apple
15098	Refreshing Spring Water
15099	Skullcrusher Signal Torch
15100	Rafferty's Ring
15101	Mining Pick
15102	Tomb Shovel
15103	Burrower's Brew
15104	Centaury
15105	Mugwort
15106	Thyme
15107	Nettle
15108	Herbal Salve
15109	Rotten Flesh
15110	Minor Energy Potion
15111	Minor Health Potion
15112	Ancient Bone Shards
15113	Blackchalk
15114	Dilute Health Potion
15115	Crookback Jail Key
15116	Figurine of Belenus
15117	Saltfire Brew
15118	Mysterious Egg
15119	Contraband
15120	Maul
15121	Sparth Axe
15122	Claymore
15123	Dirk
15124	Composite Bow
15125	Quarter Staff
15126	Rod
15127	Robust Maul
15128	Fierce Sparth Axe
15129	Steady Claymore
15130	Sharp Dirk
15131	Sturdy Composite Bow
15132	Stout Quarter Staff
15133	Elegant Rod
15134	Brutal Maul
15135	Savage Sparth Axe
15136	Balanced Claymore
15137	Cruel Dirk
15138	Crafted Composite Bow
15139	Solid Quarter Staff
15140	Splendid Rod
15141	Great Maul
15142	Great Axe
15143	Greatsword
15144	Langsax
15145	War Bow
15146	Grand Staff
15147	Sceptre
15148	Robust Great Maul
15149	Fierce Great Axe
15150	Steady Greatsword
15151	Sharp Langsax
15152	Sturdy War Bow
15153	Stout Grand Staff
15154	Elegant Sceptre
15155	Brutal Great Maul
15156	Savage Great Axe
15157	Balanced Greatsword
15158	Cruel Langsax
15159	Crafted War Bow
15160	Solid Grand Staff
15161	Splendid Sceptre
15162	Mace
15163	Short Axe
15164	Cutlass
15165	Robust Mace
15166	Fierce Short Axe
15167	Steady Cutlass
15168	Brutal Mace
15169	Savage Short Axe
15170	Balanced Cutlass
15171	Flanged Mace
15172	Battle Axe
15173	Falchion
15174	Robust Flanged Mace
15175	Fierce Battle Axe
15176	Steady Falchion
15177	Brutal Flanged Mace
15178	Savage Battle Axe
15179	Balanced Falchion
15180	Scale Gauntlets
15181	Quilted Gloves
15182	Linen Gloves
15183	Hammered Scale Gauntlets
15184	Tanned Quilted Gloves
15185	Woven Linen Gloves
15186	Embossed Scale Gauntlets
15187	Cured Quilted Gloves
15188	Tailored Linen Gloves
15189	Plate Gauntlets
15190	Lamellar Gloves
15191	Silk Gloves
15192	Hammered Plate Gauntlets
15193	Tanned Lamellar Gloves
15194	Woven Silk Gloves
15195	Embossed Plate Gauntlets
15196	Cured Lamellar Gloves
15197	Tailored Silk Gloves
15198	Scale Boots
15199	Quilted Boots
15200	Linen Shoes
15201	Hammered Scale Boots
15202	Tanned Quilted Boots
15203	Woven Linen Shoes
15204	Embossed Scale Boots
15205	Cured Quilted Boots
15206	Tailored Linen Shoes
15207	Plate Boots
15208	Lamellar Boots
15209	Silk Shoes
15210	Hammered Plate Boots
15211	Tanned Lamellar Boots
15212	Woven Silk Shoes
15213	Embossed Plate Boots
15214	Cured Lamellar Boots
15215	Tailored Silk Shoes
15216	Scale Helm
15217	Quilted Helm
15218	Linen Hat
15219	Hammered Scale Helm
15220	Tanned Quilted Helm
15221	Woven Linen Hat
15222	Embossed Scale Helm
15223	Cured Quilted Helm
15224	Tailored Linen Hat
15225	Plate Helm
15226	Lamellar Helm
15227	Silk Hat
15228	Hammered Plate Helm
15229	Tanned Lamellar Helm
15230	Woven Silk Hat
15231	Embossed Plate Helm
15232	Cured Lamellar Helm
15233	Tailored Silk Hat
15234	Scale Greaves
15235	Quilted Greaves
15236	Linen Breeches
15237	Hammered Scale Greaves
15238	Tanned Quilted Greaves
15239	Woven Linen Breeches
15240	Embossed Scale Greaves
15241	Cured Quilted Greaves
15242	Tailored Linen Breeches
15243	Plate Greaves
15244	Lamellar Greaves
15245	Silk Breeches
15246	Hammered Plate Greaves
15247	Tanned Lamellar Greaves
15248	Woven Silk Breeches
15249	Embossed Plate Greaves
15250	Cured Lamellar Greaves
15251	Tailored Silk Breeches
15252	Scale Breastplate
15253	Quilted Cuirass
15254	Linen Shirt
15255	Hammered Scale Breastplate
15256	Tanned Quilted Cuirass
15257	Woven Linen Shirt
15258	Embossed Scale Breastplate
15259	Cured Quilted Cuirass
15260	Tailored Linen Shirt
15261	Plate Breastplate
15262	Lamellar Cuirass
15263	Silk Shirt
15264	Hammered Plate Breastplate
15265	Tanned Lamellar Cuirass
15266	Woven Silk Shirt
15267	Embossed Plate Breastplate
15268	Cured Lamellar Cuirass
15269	Tailored Silk Shirt
15270	Kite Shield
15271	Banded Kite Shield
15272	Reinforced Kite Shield
15273	Tower Shield
15274	Banded Tower Shield
15275	Reinforced Tower Shield
15276	Golden Eagle Chieftain Helm
15277	Silver Hawk Guardian Helm
15278	Barbarian Helm
15279	Studded Helm
15280	Rondel
15281	Sharp Rondel
15282	Cruel Rondel
15283	Sgian Dubh
15284	Sharp Sgian Dubh
15285	Cruel Sgian Dubh
15286	Redclaw Breastplate
15287	Redclaw Greaves
15288	Redclaw Helm
15289	Redclaw Boots
15290	Redclaw Gauntlets
15291	Highroad Cuirass
15292	Highroad Greaves
15293	Highroad Hood
15294	Highroad Boots
15295	Highroad Gauntlets
15296	Darkrun Jerkin
15297	Darkrun Breeches
15298	Darkrun Cowl
15299	Darkrun Boots
15300	Darkrun Gloves
15301	Silverleaf Robe
15302	Silverleaf Leggings
15303	Silverleaf Circlet
15304	Silverleaf Sandals
15305	Silverleaf Gloves
15306	Sorcerous Gown
15307	Sorcerous Skirt
15308	Sorcerous Hat
15309	Sorcerous Shoes
15310	Sorcerous Gloves
15311	Hammered Redclaw Breastplate
15312	Hammered Redclaw Greaves
15313	Hammered Redclaw Helm
15314	Hammered Redclaw Boots
15315	Hammered Redclaw Gauntlets
15316	Tanned Highroad Cuirass
15317	Tanned Highroad Greaves
15318	Tanned Highroad Hood
15319	Tanned Highroad Boots
15320	Tanned Highroad Gauntlets
15321	Tanned Darkrun Jerkin
15322	Tanned Darkrun Breeches
15323	Tanned Darkrun Cowl
15324	Tanned Darkrun Boots
15325	Tanned Darkrun Gloves
15326	Woven Silverleaf Robe
15327	Woven Silverleaf Leggings
15328	Woven Silverleaf Circlet
15329	Woven Silverleaf Sandals
15330	Woven Silverleaf Gloves
15331	Woven Sorcerous Gown
15332	Woven Sorcerous Skirt
15333	Woven Sorcerous Hat
15334	Woven Sorcerous Shoes
15335	Woven Sorcerous Gloves
15336	Embossed Redclaw Breastplate
15337	Embossed Redclaw Greaves
15338	Embossed Redclaw Helm
15339	Embossed Redclaw Boots
15340	Embossed Redclaw Gauntlets
15341	Cured Highroad Cuirass
15342	Cured Highroad Greaves
15343	Cured Highroad Hood
15344	Cured Highroad Boots
15345	Cured Highroad Gauntlets
15346	Cured Darkrun Jerkin
15347	Cured Darkrun Breeches
15348	Cured Darkrun Cowl
15349	Cured Darkrun Boots
15350	Cured Darkrun Gloves
15351	Tailored Silverleaf Robe
15352	Tailored Silverleaf Leggings
15353	Tailored Silverleaf Circlet
15354	Tailored Silverleaf Sandals
15355	Tailored Silverleaf Gloves
15356	Tailored Sorcerous Gown
15357	Tailored Sorcerous Skirt
15358	Tailored Sorcerous Hat
15359	Tailored Sorcerous Shoes
15360	Tailored Sorcerous Gloves
15361	Bloodstrike Breastplate
15362	Bloodstrike Greaves
15363	Bloodstrike Helm
15364	Bloodstrike Boots
15365	Bloodstrike Gauntlets
15366	Greythorn Cuirass
15367	Greythorn Greaves
15368	Greythorn Helm
15369	Greythorn Boots
15370	Greythorn Gauntlets
15371	Moonshadow Jerkin
15372	Moonshadow Breeches
15373	Moonshadow Helm
15374	Moonshadow Boots
15375	Moonshadow Gloves
15376	Goldsong Robe
15377	Goldsong Leggings
15378	Goldsong Helm
15379	Goldsong Sandals
15380	Goldsong Gloves
15381	Loremantle Gown
15382	Loremantle Skirt
15383	Loremantle Helm
15384	Loremantle Shoes
15385	Loremantle Gloves
15436	Lesser Necklace of Health
15437	Lesser Necklace of Health
15438	Lesser Necklace of Health
15439	Necklace of Health
15440	Necklace of Health
15441	Necklace of Health
15442	Greater Necklace of Health
15443	Greater Necklace of Health
15444	Greater Necklace of Health
15445	Lesser Energy Pendant
15447	Lesser Energy Pendant
15448	Lesser Energy Pendant
15449	Energy Pendant
15450	Energy Pendant
15451	Energy Pendant
15452	Greater Energy Pendant
15453	Greater Energy Pendant
15454	Greater Energy Pendant
15455	Lesser Necklace of Cold Resistance
15456	Lesser Necklace of Cold Resistance
15457	Lesser Necklace of Cold Resistance
15458	Necklace of Cold Resistance
15459	Necklace of Cold Resistance
15460	Necklace of Cold Resistance
15461	Greater Necklace of Cold Resistance
15462	Greater Necklace of Cold Resistance
15463	Greater Necklace of Cold Resistance
15464	Lesser Pendant of Heat Resistance
15465	Lesser Pendant of Heat Resistance
15466	Lesser Pendant of Heat Resistance
15467	Pendant of Heat Resistance
15468	Pendant of Heat Resistance
15469	Pendant of Heat Resistance
15470	Greater Pendant of Heat Resistance
15471	Greater Pendant of Heat Resistance
15472	Greater Pendant of Heat Resistance
15473	Lesser Torc of Protection
15474	Lesser Torc of Protection
15475	Lesser Torc of Protection
15476	Torc of Protection
15477	Torc of Protection
15478	Torc of Protection
15479	Greater Torc of Protection
15480	Greater Torc of Protection
15481	Greater Torc of Protection
15482	Lesser Twinsoul Necklace
15483	Lesser Twinsoul Necklace
15484	Lesser Twinsoul Necklace
15485	Twinsoul Necklace
15486	Twinsoul Necklace
15487	Twinsoul Necklace
15488	Greater Twinsoul Necklace
15489	Greater Twinsoul Necklace
15490	Greater Twinsoul Necklace
15491	Lesser Icerock Talisman
15492	Lesser Icerock Talisman
15493	Lesser Icerock Talisman
15494	Icerock Talisman
15495	Icerock Talisman
15496	Icerock Talisman
15497	Greater Icerock Talisman
15498	Greater Icerock Talisman
15499	Greater Icerock Talisman
15500	Lesser Charstone Ring
15501	Lesser Charstone Ring
15502	Lesser Charstone Ring
15503	Charstone Ring
15504	Charstone Ring
15505	Charstone Ring
15506	Greater Charstone Ring
15507	Greater Charstone Ring
15508	Greater Charstone Ring
15509	Bronze Flanged Mace
15510	Bronze Battle Axe
15511	Bronze Falchion
15512	Bronze Langsax
15513	Bronze War Bow
15514	Bronze Grand Staff
15515	Bronze Sceptre
15516	Bronze Great Maul
15517	Bronze Great Axe
15518	Bronze Greatsword
15519	Robust Bronze Flanged Mace
15520	Fierce Bronze Battle Axe
15521	Steady Bronze Falchion
15522	Sharp Bronze Langsax
15523	Sturdy Bronze War Bow
15524	Stout Bronze Grand Staff
15525	Elegant Bronze Sceptre
15526	Robust Bronze Great Maul
15527	Fierce Bronze Great Axe
15528	Steady Bronze Greatsword
15529	Brutal Bronze Flanged Mace
15530	Savage Bronze Battle Axe
15531	Balanced Bronze Falchion
15532	Cruel Bronze Langsax
15533	Crafted Bronze War Bow
15534	Solid Bronze Grand Staff
15535	Splendid Bronze Sceptre
15536	Brutal Bronze Great Maul
15537	Savage Bronze Great Axe
15538	Balanced Bronze Greatsword
15539	Iron Flanged Mace
15540	Iron Battle Axe
15541	Iron Falchion
15542	Iron Langsax
15543	Iron War Bow
15544	Iron Grand Staff
15545	Iron Sceptre
15546	Iron Great Maul
15547	Iron Great Axe
15548	Iron Greatsword
15549	Robust Iron Flanged Mace
15550	Fierce Iron Battle Axe
15551	Steady Iron Falchion
15552	Sharp Iron Langsax
15553	Sturdy Iron War Bow
15554	Stout Iron Grand Staff
15555	Elegant Iron Sceptre
15556	Robust Iron Great Maul
15557	Fierce Iron Great Axe
15558	Steady Iron Greatsword
15559	Brutal Iron Flanged Mace
15560	Savage Iron Battle Axe
15561	Balanced Iron Falchion
15562	Cruel Iron Langsax
15563	Crafted Iron War Bow
15564	Solid Iron Grand Staff
15565	Splendid Iron Sceptre
15566	Brutal Iron Great Maul
15567	Savage Iron Great Axe
15568	Balanced Iron Greatsword
15569	Steel Flanged Mace
15570	Steel Battle Axe
15571	Steel Falchion
15572	Steel Langsax
15573	Steel War Bow
15574	Steel Grand Staff
15575	Steel Sceptre
15576	Steel Great Maul
15577	Steel Great Axe
15578	Steel Greatsword
15579	Robust Steel Flanged Mace
15580	Fierce Steel Battle Axe
15581	Steady Steel Falchion
15582	Sharp Steel Langsax
15583	Sturdy Steel War Bow
15584	Stout Steel Grand Staff
15585	Elegant Steel Sceptre
15586	Robust Steel Great Maul
15587	Fierce Steel Great Axe
15588	Steady Steel Greatsword
15589	Brutal Steel Flanged Mace
15590	Savage Steel Battle Axe
15591	Balanced Steel Falchion
15592	Cruel Steel Langsax
15593	Crafted Steel War Bow
15594	Solid Steel Grand Staff
15595	Splendid Steel Sceptre
15596	Brutal Steel Great Maul
15597	Savage Steel Great Axe
15598	Balanced Steel Greatsword
15599	Evasive Flanged Mace
15600	Evasive Battle Axe
15601	Evasive Falchion
15602	Evasive Langsax
15603	Evasive War Bow
15604	Evasive Grand Staff
15605	Evasive Sceptre
15606	Evasive Great Maul
15607	Evasive Great Axe
15608	Evasive Greatsword
15609	Evasive Robust Flanged Mace
15610	Evasive Fierce Battle Axe
15611	Evasive Steady Falchion
15612	Evasive Sharp Langsax
15613	Evasive Sturdy War Bow
15614	Evasive Stout Grand Staff
15615	Evasive Elegant Sceptre
15616	Evasive Robust Great Maul
15617	Evasive Fierce Great Axe
15618	Evasive Steady Greatsword
15619	Evasive Brutal Flanged Mace
15620	Evasive Savage Battle Axe
15621	Evasive Balanced Falchion
15622	Evasive Cruel Langsax
15623	Evasive Crafted War Bow
15624	Evasive Solid Grand Staff
15625	Evasive Splendid Sceptre
15626	Evasive Brutal Great Maul
15627	Evasive Savage Great Axe
15628	Evasive Balanced Greatsword
15629	Illusory Flanged Mace
15630	Illusory Battle Axe
15631	Illusory Falchion
15632	Illusory Langsax
15633	Illusory War Bow
15634	Illusory Grand Staff
15635	Illusory Sceptre
15636	Illusory Great Maul
15637	Illusory Great Axe
15638	Illusory Greatsword
15639	Illusory Robust Flanged Mace
15640	Illusory Fierce Battle Axe
15641	Illusory Steady Falchion
15642	Illusory Sharp Langsax
15643	Illusory Sturdy War Bow
15644	Illusory Stout Grand Staff
15645	Illusory Elegant Sceptre
15646	Illusory Robust Great Maul
15647	Illusory Fierce Great Axe
15648	Illusory Steady Greatsword
15649	Illusory Brutal Flanged Mace
15650	Illusory Savage Battle Axe
15651	Illusory Balanced Falchion
15652	Illusory Cruel Langsax
15653	Illusory Crafted War Bow
15654	Illusory Solid Grand Staff
15655	Illusory Splendid Sceptre
15656	Illusory Brutal Great Maul
15657	Illusory Savage Great Axe
15658	Illusory Balanced Greatsword
15659	Transient Flanged Mace
15660	Transient Battle Axe
15661	Transient Falchion
15662	Transient Langsax
15663	Transient War Bow
15664	Transient Grand Staff
15665	Transient Sceptre
15666	Transient Great Maul
15667	Transient Great Axe
15668	Transient Greatsword
15669	Transient Robust Flanged Mace
15670	Transient Fierce Battle Axe
15671	Transient Steady Falchion
15672	Transient Sharp Langsax
15673	Transient Sturdy War Bow
15674	Transient Stout Grand Staff
15675	Transient Elegant Sceptre
15676	Transient Robust Great Maul
15677	Transient Fierce Great Axe
15678	Transient Steady Greatsword
15679	Transient Brutal Flanged Mace
15680	Transient Savage Battle Axe
15681	Transient Balanced Falchion
15682	Transient Cruel Langsax
15683	Transient Crafted War Bow
15684	Transient Solid Grand Staff
15685	Transient Splendid Sceptre
15686	Transient Brutal Great Maul
15687	Transient Savage Great Axe
15688	Transient Balanced Greatsword
15689	Scarlet Flanged Mace
15690	Scarlet Battle Axe
15691	Scarlet Falchion
15692	Scarlet Langsax
15693	Scarlet War Bow
15694	Scarlet Grand Staff
15695	Scarlet Sceptre
15696	Scarlet Great Maul
15697	Scarlet Great Axe
15698	Scarlet Greatsword
15699	Scarlet Robust Flanged Mace
15700	Scarlet Fierce Battle Axe
15701	Scarlet Steady Falchion
15702	Scarlet Sharp Langsax
15703	Scarlet Sturdy War Bow
15704	Scarlet Stout Grand Staff
15705	Scarlet Elegant Sceptre
15706	Scarlet Robust Great Maul
15707	Scarlet Fierce Great Axe
15708	Scarlet Steady Greatsword
15709	Scarlet Brutal Flanged Mace
15710	Scarlet Savage Battle Axe
15711	Scarlet Balanced Falchion
15712	Scarlet Cruel Langsax
15713	Scarlet Crafted War Bow
15714	Scarlet Solid Grand Staff
15715	Scarlet Splendid Sceptre
15716	Scarlet Brutal Great Maul
15717	Scarlet Savage Great Axe
15718	Scarlet Balanced Greatsword
15719	Crimson Flanged Mace
15720	Crimson Battle Axe
15721	Crimson Falchion
15722	Crimson Langsax
15723	Crimson War Bow
15724	Crimson Grand Staff
15725	Crimson Sceptre
15726	Crimson Great Maul
15727	Crimson Great Axe
15728	Crimson Greatsword
15729	Crimson Robust Flanged Mace
15730	Crimson Fierce Battle Axe
15731	Crimson Steady Falchion
15732	Crimson Sharp Langsax
15733	Crimson Sturdy War Bow
15734	Crimson Stout Grand Staff
15735	Crimson Elegant Sceptre
15736	Crimson Robust Great Maul
15737	Crimson Fierce Great Axe
15738	Crimson Steady Greatsword
15739	Crimson Brutal Flanged Mace
15740	Crimson Savage Battle Axe
15741	Crimson Balanced Falchion
15742	Crimson Cruel Langsax
15743	Crimson Crafted War Bow
15744	Crimson Solid Grand Staff
15745	Crimson Splendid Sceptre
15746	Crimson Brutal Great Maul
15747	Crimson Savage Great Axe
15748	Crimson Balanced Greatsword
15749	Vermillion Flanged Mace
15750	Vermillion Battle Axe
15751	Vermillion Falchion
15752	Vermillion Langsax
15753	Vermillion War Bow
15754	Vermillion Grand Staff
15755	Vermillion Sceptre
15756	Vermillion Great Maul
15757	Vermillion Great Axe
15758	Vermillion Greatsword
15759	Vermillion Robust Flanged Mace
15760	Vermillion Fierce Battle Axe
15761	Vermillion Steady Falchion
15762	Vermillion Sharp Langsax
15763	Vermillion Sturdy War Bow
15764	Vermillion Stout Grand Staff
15765	Vermillion Elegant Sceptre
15766	Vermillion Robust Great Maul
15767	Vermillion Fierce Great Axe
15768	Vermillion Steady Greatsword
15769	Vermillion Brutal Flanged Mace
15770	Vermillion Savage Battle Axe
15771	Vermillion Balanced Falchion
15772	Vermillion Cruel Langsax
15773	Vermillion Crafted War Bow
15774	Vermillion Solid Grand Staff
15775	Vermillion Splendid Sceptre
15776	Vermillion Brutal Great Maul
15777	Vermillion Savage Great Axe
15778	Vermillion Balanced Greatsword
15779	Flanged Mace of Fire
15780	Battle Axe of Fire
15781	Falchion of Fire
15782	Langsax of Fire
15783	War Bow of Fire
15784	Grand Staff of Fire
15785	Sceptre of Fire
15786	Great Maul of Fire
15787	Great Axe of Fire
15788	Greatsword of Fire
15789	Robust Flanged Mace of Fire
15790	Fierce Battle Axe of Fire
15791	Steady Falchion of Fire
15792	Sharp Langsax of Fire
15793	Sturdy War Bow of Fire
15794	Stout Grand Staff of Fire
15795	Elegant Sceptre of Fire
15796	Robust Great Maul of Fire
15797	Fierce Great Axe of Fire
15798	Steady Greatsword of Fire
15799	Brutal Flanged Mace of Fire
15800	Savage Battle Axe of Fire
15801	Balanced Falchion of Fire
15802	Cruel Langsax of Fire
15803	Crafted War Bow of Fire
15804	Solid Grand Staff of Fire
15805	Splendid Sceptre of Fire
15806	Brutal Great Maul of Fire
15807	Savage Great Axe of Fire
15808	Balanced Greatsword of Fire
15809	Flanged Mace of Flame
15810	Battle Axe of Flame
15811	Falchion of Flame
15812	Langsax of Flame
15813	War Bow of Flame
15814	Grand Staff of Flame
15815	Sceptre of Flame
15816	Great Maul of Flame
15817	Great Axe of Flame
15818	Greatsword of Flame
15819	Robust Flanged Mace of Flame
15820	Fierce Battle Axe of Flame
15821	Steady Falchion of Flame
15822	Sharp Langsax of Flame
15823	Sturdy War Bow of Flame
15824	Stout Grand Staff of Flame
15825	Elegant Sceptre of Flame
15826	Robust Great Maul of Flame
15827	Fierce Great Axe of Flame
15828	Steady Greatsword of Flame
15829	Brutal Flanged Mace of Flame
15830	Savage Battle Axe of Flame
15831	Balanced Falchion of Flame
15832	Cruel Langsax of Flame
15833	Crafted War Bow of Flame
15834	Solid Grand Staff of Flame
15835	Splendid Sceptre of Flame
15836	Brutal Great Maul of Flame
15837	Savage Great Axe of Flame
15838	Balanced Greatsword of Flame
15839	Flanged Mace of the Sun
15840	Battle Axe of the Sun
15841	Falchion of the Sun
15842	Langsax of the Sun
15843	War Bow of the Sun
15844	Grand Staff of the Sun
15845	Sceptre of the Sun
15846	Great Maul of the Sun
15847	Great Axe of the Sun
15848	Greatsword of the Sun
15849	Robust Flanged Mace of the Sun
15850	Fierce Battle Axe of the Sun
15851	Steady Falchion of the Sun
15852	Sharp Langsax of the Sun
15853	Sturdy War Bow of the Sun
15854	Stout Grand Staff of the Sun
15855	Elegant Sceptre of the Sun
15856	Robust Great Maul of the Sun
15857	Fierce Great Axe of the Sun
15858	Steady Greatsword of the Sun
15859	Brutal Flanged Mace of the Sun
15860	Savage Battle Axe of the Sun
15861	Balanced Falchion of the Sun
15862	Cruel Langsax of the Sun
15863	Crafted War Bow of the Sun
15864	Solid Grand Staff of the Sun
15865	Splendid Sceptre of the Sun
15866	Brutal Great Maul of the Sun
15867	Savage Great Axe of the Sun
15868	Balanced Greatsword of the Sun
15869	Cyan Flanged Mace
15870	Cyan Battle Axe
15871	Cyan Falchion
15872	Cyan Langsax
15873	Cyan War Bow
15874	Cyan Grand Staff
15875	Cyan Sceptre
15876	Cyan Great Maul
15877	Cyan Great Axe
15878	Cyan Greatsword
15879	Cyan Robust Flanged Mace
15880	Cyan Fierce Battle Axe
15881	Cyan Steady Falchion
15882	Cyan Sharp Langsax
15883	Cyan Sturdy War Bow
15884	Cyan Stout Grand Staff
15885	Cyan Elegant Sceptre
15886	Cyan Robust Great Maul
15887	Cyan Fierce Great Axe
15888	Cyan Steady Greatsword
15889	Cyan Brutal Flanged Mace
15890	Cyan Savage Battle Axe
15891	Cyan Balanced Falchion
15892	Cyan Cruel Langsax
15893	Cyan Crafted War Bow
15894	Cyan Solid Grand Staff
15895	Cyan Splendid Sceptre
15896	Cyan Brutal Great Maul
15897	Cyan Savage Great Axe
15898	Cyan Balanced Greatsword
15899	Turquoise Flanged Mace
15900	Turquoise Battle Axe
15901	Turquoise Falchion
15902	Turquoise Langsax
15903	Turquoise War Bow
15904	Turquoise Grand Staff
15905	Turquoise Sceptre
15906	Turquoise Great Maul
15907	Turquoise Great Axe
15908	Turquoise Greatsword
15909	Turquoise Robust Flanged Mace
15910	Turquoise Fierce Battle Axe
15911	Turquoise Steady Falchion
15912	Turquoise Sharp Langsax
15913	Turquoise Sturdy War Bow
15914	Turquoise Stout Grand Staff
15915	Turquoise Elegant Sceptre
15916	Turquoise Robust Great Maul
15917	Turquoise Fierce Great Axe
15918	Turquoise Steady Greatsword
15919	Turquoise Brutal Flanged Mace
15920	Turquoise Savage Battle Axe
15921	Turquoise Balanced Falchion
15922	Turquoise Cruel Langsax
15923	Turquoise Crafted War Bow
15924	Turquoise Solid Grand Staff
15925	Turquoise Splendid Sceptre
15926	Turquoise Brutal Great Maul
15927	Turquoise Savage Great Axe
15928	Turquoise Balanced Greatsword
15929	Sapphire Flanged Mace
15930	Sapphire Battle Axe
15931	Sapphire Falchion
15932	Sapphire Langsax
15933	Sapphire War Bow
15934	Sapphire Grand Staff
15935	Sapphire Sceptre
15936	Sapphire Great Maul
15937	Sapphire Great Axe
15938	Sapphire Greatsword
15939	Sapphire Robust Flanged Mace
15940	Sapphire Fierce Battle Axe
15941	Sapphire Steady Falchion
15942	Sapphire Sharp Langsax
15943	Sapphire Sturdy War Bow
15944	Sapphire Stout Grand Staff
15945	Sapphire Elegant Sceptre
15946	Sapphire Robust Great Maul
15947	Sapphire Fierce Great Axe
15948	Sapphire Steady Greatsword
15949	Sapphire Brutal Flanged Mace
15950	Sapphire Savage Battle Axe
15951	Sapphire Balanced Falchion
15952	Sapphire Cruel Langsax
15953	Sapphire Crafted War Bow
15954	Sapphire Solid Grand Staff
15955	Sapphire Splendid Sceptre
15956	Sapphire Brutal Great Maul
15957	Sapphire Savage Great Axe
15958	Sapphire Balanced Greatsword
15959	Flanged Mace of Frost
15960	Battle Axe of Frost
15961	Falchion of Frost
15962	Langsax of Frost
15963	War Bow of Frost
15964	Grand Staff of Frost
15965	Sceptre of Frost
15966	Great Maul of Frost
15967	Great Axe of Frost
15968	Greatsword of Frost
15969	Robust Flanged Mace of Frost
15970	Fierce Battle Axe of Frost
15971	Steady Falchion of Frost
15972	Sharp Langsax of Frost
15973	Sturdy War Bow of Frost
15974	Stout Grand Staff of Frost
15975	Elegant Sceptre of Frost
15976	Robust Great Maul of Frost
15977	Fierce Great Axe of Frost
15978	Steady Greatsword of Frost
15979	Brutal Flanged Mace of Frost
15980	Savage Battle Axe of Frost
15981	Balanced Falchion of Frost
15982	Cruel Langsax of Frost
15983	Crafted War Bow of Frost
15984	Solid Grand Staff of Frost
15985	Splendid Sceptre of Frost
15986	Brutal Great Maul of Frost
15987	Savage Great Axe of Frost
15988	Balanced Greatsword of Frost
15989	Flanged Mace of Ice
15990	Battle Axe of Ice
15991	Falchion of Ice
15992	Langsax of Ice
15993	War Bow of Ice
15994	Grand Staff of Ice
15995	Sceptre of Ice
15996	Great Maul of Ice
15997	Great Axe of Ice
15998	Greatsword of Ice
15999	Robust Flanged Mace of Ice
16000	Fierce Battle Axe of Ice
16001	Steady Falchion of Ice
16002	Sharp Langsax of Ice
16003	Sturdy War Bow of Ice
16004	Stout Grand Staff of Ice
16005	Elegant Sceptre of Ice
16006	Robust Great Maul of Ice
16007	Fierce Great Axe of Ice
16008	Steady Greatsword of Ice
16009	Brutal Flanged Mace of Ice
16010	Savage Battle Axe of Ice
16011	Balanced Falchion of Ice
16012	Cruel Langsax of Ice
16013	Crafted War Bow of Ice
16014	Solid Grand Staff of Ice
16015	Splendid Sceptre of Ice
16016	Brutal Great Maul of Ice
16017	Savage Great Axe of Ice
16018	Balanced Greatsword of Ice
16019	Flanged Mace of Winter
16020	Battle Axe of Winter
16021	Falchion of Winter
16022	Langsax of Winter
16023	War Bow of Winter
16024	Grand Staff of Winter
16025	Sceptre of Winter
16026	Great Maul of Winter
16027	Great Axe of Winter
16028	Greatsword of Winter
16029	Robust Flanged Mace of Winter
16030	Fierce Battle Axe of Winter
16031	Steady Falchion of Winter
16032	Sharp Langsax of Winter
16033	Sturdy War Bow of Winter
16034	Stout Grand Staff of Winter
16035	Elegant Sceptre of Winter
16036	Robust Great Maul of Winter
16037	Fierce Great Axe of Winter
16038	Steady Greatsword of Winter
16039	Brutal Flanged Mace of Winter
16040	Savage Battle Axe of Winter
16041	Balanced Falchion of Winter
16042	Cruel Langsax of Winter
16043	Crafted War Bow of Winter
16044	Solid Grand Staff of Winter
16045	Splendid Sceptre of Winter
16046	Brutal Great Maul of Winter
16047	Savage Great Axe of Winter
16048	Balanced Greatsword of Winter
16049	Vicious Flanged Mace
16050	Vicious Battle Axe
16051	Vicious Falchion
16052	Vicious Langsax
16053	Vicious War Bow
16054	Vicious Grand Staff
16055	Vicious Sceptre
16056	Vicious Great Maul
16057	Vicious Great Axe
16058	Vicious Greatsword
16059	Vicious Robust Flanged Mace
16060	Vicious Fierce Battle Axe
16061	Vicious Steady Falchion
16062	Vicious Sharp Langsax
16063	Vicious Sturdy War Bow
16064	Vicious Stout Grand Staff
16065	Vicious Elegant Sceptre
16066	Vicious Robust Great Maul
16067	Vicious Fierce Great Axe
16068	Vicious Steady Greatsword
16069	Vicious Brutal Flanged Mace
16070	Vicious Savage Battle Axe
16071	Vicious Balanced Falchion
16072	Vicious Cruel Langsax
16073	Vicious Crafted War Bow
16074	Vicious Solid Grand Staff
16075	Vicious Splendid Sceptre
16076	Vicious Brutal Great Maul
16077	Vicious Savage Great Axe
16078	Vicious Balanced Greatsword
16079	Lethal Flanged Mace
16080	Lethal Battle Axe
16081	Lethal Falchion
16082	Lethal Langsax
16083	Lethal War Bow
16084	Lethal Grand Staff
16085	Lethal Sceptre
16086	Lethal Great Maul
16087	Lethal Great Axe
16088	Lethal Greatsword
16089	Lethal Robust Flanged Mace
16090	Lethal Fierce Battle Axe
16091	Lethal Steady Falchion
16092	Lethal Sharp Langsax
16093	Lethal Sturdy War Bow
16094	Lethal Stout Grand Staff
16095	Lethal Elegant Sceptre
16096	Lethal Robust Great Maul
16097	Lethal Fierce Great Axe
16098	Lethal Steady Greatsword
16099	Lethal Brutal Flanged Mace
16100	Lethal Savage Battle Axe
16101	Lethal Balanced Falchion
16102	Lethal Cruel Langsax
16103	Lethal Crafted War Bow
16104	Lethal Solid Grand Staff
16105	Lethal Splendid Sceptre
16106	Lethal Brutal Great Maul
16107	Lethal Savage Great Axe
16108	Lethal Balanced Greatsword
16109	Deadly Flanged Mace
16110	Deadly Battle Axe
16111	Deadly Falchion
16112	Deadly Langsax
16113	Deadly War Bow
16114	Deadly Grand Staff
16115	Deadly Sceptre
16116	Deadly Great Maul
16117	Deadly Great Axe
16118	Deadly Greatsword
16119	Deadly Robust Flanged Mace
16120	Deadly Fierce Battle Axe
16121	Deadly Steady Falchion
16122	Deadly Sharp Langsax
16123	Deadly Sturdy War Bow
16124	Deadly Stout Grand Staff
16125	Deadly Elegant Sceptre
16126	Deadly Robust Great Maul
16127	Deadly Fierce Great Axe
16128	Deadly Steady Greatsword
16129	Deadly Brutal Flanged Mace
16130	Deadly Savage Battle Axe
16131	Deadly Balanced Falchion
16132	Deadly Cruel Langsax
16133	Deadly Crafted War Bow
16134	Deadly Solid Grand Staff
16135	Deadly Splendid Sceptre
16136	Deadly Brutal Great Maul
16137	Deadly Savage Great Axe
16138	Deadly Balanced Greatsword
16139	Flanged Mace of Swiftness
16140	Battle Axe of Swiftness
16141	Falchion of Swiftness
16142	Langsax of Swiftness
16143	War Bow of Swiftness
16144	Grand Staff of Swiftness
16145	Sceptre of Swiftness
16146	Great Maul of Swiftness
16147	Great Axe of Swiftness
16148	Greatsword of Swiftness
16149	Robust Flanged Mace of Swiftness
16150	Fierce Battle Axe of Swiftness
16151	Steady Falchion of Swiftness
16152	Sharp Langsax of Swiftness
16153	Sturdy War Bow of Swiftness
16154	Stout Grand Staff of Swiftness
16155	Elegant Sceptre of Swiftness
16156	Robust Great Maul of Swiftness
16157	Fierce Great Axe of Swiftness
16158	Steady Greatsword of Swiftness
16159	Brutal Flanged Mace of Swiftness
16160	Savage Battle Axe of Swiftness
16161	Balanced Falchion of Swiftness
16162	Cruel Langsax of Swiftness
16163	Crafted War Bow of Swiftness
16164	Solid Grand Staff of Swiftness
16165	Splendid Sceptre of Swiftness
16166	Brutal Great Maul of Swiftness
16167	Savage Great Axe of Swiftness
16168	Balanced Greatsword of Swiftness
16169	Flanged Mace of Speed
16170	Battle Axe of Speed
16171	Falchion of Speed
16172	Langsax of Speed
16173	War Bow of Speed
16174	Grand Staff of Speed
16175	Sceptre of Speed
16176	Great Maul of Speed
16177	Great Axe of Speed
16178	Greatsword of Speed
16179	Robust Flanged Mace of Speed
16180	Fierce Battle Axe of Speed
16181	Steady Falchion of Speed
16182	Sharp Langsax of Speed
16183	Sturdy War Bow of Speed
16184	Stout Grand Staff of Speed
16185	Elegant Sceptre of Speed
16186	Robust Great Maul of Speed
16187	Fierce Great Axe of Speed
16188	Steady Greatsword of Speed
16189	Brutal Flanged Mace of Speed
16190	Savage Battle Axe of Speed
16191	Balanced Falchion of Speed
16192	Cruel Langsax of Speed
16193	Crafted War Bow of Speed
16194	Solid Grand Staff of Speed
16195	Splendid Sceptre of Speed
16196	Brutal Great Maul of Speed
16197	Savage Great Axe of Speed
16198	Balanced Greatsword of Speed
16199	Flanged Mace of Celerity
16200	Battle Axe of Celerity
16201	Falchion of Celerity
16202	Langsax of Celerity
16203	War Bow of Celerity
16204	Grand Staff of Celerity
16205	Sceptre of Celerity
16206	Great Maul of Celerity
16207	Great Axe of Celerity
16208	Greatsword of Celerity
16209	Robust Flanged Mace of Celerity
16210	Fierce Battle Axe of Celerity
16211	Steady Falchion of Celerity
16212	Sharp Langsax of Celerity
16213	Sturdy War Bow of Celerity
16214	Stout Grand Staff of Celerity
16215	Elegant Sceptre of Celerity
16216	Robust Great Maul of Celerity
16217	Fierce Great Axe of Celerity
16218	Steady Greatsword of Celerity
16219	Brutal Flanged Mace of Celerity
16220	Savage Battle Axe of Celerity
16221	Balanced Falchion of Celerity
16222	Cruel Langsax of Celerity
16223	Crafted War Bow of Celerity
16224	Solid Grand Staff of Celerity
16225	Splendid Sceptre of Celerity
16226	Brutal Great Maul of Celerity
16227	Savage Great Axe of Celerity
16228	Balanced Greatsword of Celerity
16229	Flanged Mace of Balance
16230	Battle Axe of Balance
16231	Falchion of Balance
16232	Langsax of Balance
16233	War Bow of Balance
16234	Grand Staff of Balance
16235	Sceptre of Balance
16236	Great Maul of Balance
16237	Great Axe of Balance
16238	Greatsword of Balance
16239	Robust Flanged Mace of Balance
16240	Fierce Battle Axe of Balance
16241	Steady Falchion of Balance
16242	Sharp Langsax of Balance
16243	Sturdy War Bow of Balance
16244	Stout Grand Staff of Balance
16245	Elegant Sceptre of Balance
16246	Robust Great Maul of Balance
16247	Fierce Great Axe of Balance
16248	Steady Greatsword of Balance
16249	Brutal Flanged Mace of Balance
16250	Savage Battle Axe of Balance
16251	Balanced Falchion of Balance
16252	Cruel Langsax of Balance
16253	Crafted War Bow of Balance
16254	Solid Grand Staff of Balance
16255	Splendid Sceptre of Balance
16256	Brutal Great Maul of Balance
16257	Savage Great Axe of Balance
16258	Balanced Greatsword of Balance
16259	Flanged Mace of Lightness
16260	Battle Axe of Lightness
16261	Falchion of Lightness
16262	Langsax of Lightness
16263	War Bow of Lightness
16264	Grand Staff of Lightness
16265	Sceptre of Lightness
16266	Great Maul of Lightness
16267	Great Axe of Lightness
16268	Greatsword of Lightness
16269	Robust Flanged Mace of Lightness
16270	Fierce Battle Axe of Lightness
16271	Steady Falchion of Lightness
16272	Sharp Langsax of Lightness
16273	Sturdy War Bow of Lightness
16274	Stout Grand Staff of Lightness
16275	Elegant Sceptre of Lightness
16276	Robust Great Maul of Lightness
16277	Fierce Great Axe of Lightness
16278	Steady Greatsword of Lightness
16279	Brutal Flanged Mace of Lightness
16280	Savage Battle Axe of Lightness
16281	Balanced Falchion of Lightness
16282	Cruel Langsax of Lightness
16283	Crafted War Bow of Lightness
16284	Solid Grand Staff of Lightness
16285	Splendid Sceptre of Lightness
16286	Brutal Great Maul of Lightness
16287	Savage Great Axe of Lightness
16288	Balanced Greatsword of Lightness
16289	Flanged Mace of Grace
16290	Battle Axe of Grace
16291	Falchion of Grace
16292	Langsax of Grace
16293	War Bow of Grace
16294	Grand Staff of Grace
16295	Sceptre of Grace
16296	Great Maul of Grace
16297	Great Axe of Grace
16298	Greatsword of Grace
16299	Robust Flanged Mace of Grace
16300	Fierce Battle Axe of Grace
16301	Steady Falchion of Grace
16302	Sharp Langsax of Grace
16303	Sturdy War Bow of Grace
16304	Stout Grand Staff of Grace
16305	Elegant Sceptre of Grace
16306	Robust Great Maul of Grace
16307	Fierce Great Axe of Grace
16308	Steady Greatsword of Grace
16309	Brutal Flanged Mace of Grace
16310	Savage Battle Axe of Grace
16311	Balanced Falchion of Grace
16312	Cruel Langsax of Grace
16313	Crafted War Bow of Grace
16314	Solid Grand Staff of Grace
16315	Splendid Sceptre of Grace
16316	Brutal Great Maul of Grace
16317	Savage Great Axe of Grace
16318	Balanced Greatsword of Grace
16319	Flanged Mace of Brutes
16320	Battle Axe of Brutes
16321	Falchion of Brutes
16322	Langsax of Brutes
16323	War Bow of Brutes
16324	Grand Staff of Brutes
16325	Sceptre of Brutes
16326	Great Maul of Brutes
16327	Great Axe of Brutes
16328	Greatsword of Brutes
16329	Robust Flanged Mace of Brutes
16330	Fierce Battle Axe of Brutes
16331	Steady Falchion of Brutes
16332	Sharp Langsax of Brutes
16333	Sturdy War Bow of Brutes
16334	Stout Grand Staff of Brutes
16335	Elegant Sceptre of Brutes
16336	Robust Great Maul of Brutes
16337	Fierce Great Axe of Brutes
16338	Steady Greatsword of Brutes
16339	Brutal Flanged Mace of Brutes
16340	Savage Battle Axe of Brutes
16341	Balanced Falchion of Brutes
16342	Cruel Langsax of Brutes
16343	Crafted War Bow of Brutes
16344	Solid Grand Staff of Brutes
16345	Splendid Sceptre of Brutes
16346	Brutal Great Maul of Brutes
16347	Savage Great Axe of Brutes
16348	Balanced Greatsword of Brutes
16349	Flanged Mace of Ogres
16350	Battle Axe of Ogres
16351	Falchion of Ogres
16352	Langsax of Ogres
16353	War Bow of Ogres
16354	Grand Staff of Ogres
16355	Sceptre of Ogres
16356	Great Maul of Ogres
16357	Great Axe of Ogres
16358	Greatsword of Ogres
16359	Robust Flanged Mace of Ogres
16360	Fierce Battle Axe of Ogres
16361	Steady Falchion of Ogres
16362	Sharp Langsax of Ogres
16363	Sturdy War Bow of Ogres
16364	Stout Grand Staff of Ogres
16365	Elegant Sceptre of Ogres
16366	Robust Great Maul of Ogres
16367	Fierce Great Axe of Ogres
16368	Steady Greatsword of Ogres
16369	Brutal Flanged Mace of Ogres
16370	Savage Battle Axe of Ogres
16371	Balanced Falchion of Ogres
16372	Cruel Langsax of Ogres
16373	Crafted War Bow of Ogres
16374	Solid Grand Staff of Ogres
16375	Splendid Sceptre of Ogres
16376	Brutal Great Maul of Ogres
16377	Savage Great Axe of Ogres
16378	Balanced Greatsword of Ogres
16379	Flanged Mace of Giants
16380	Battle Axe of Giants
16381	Falchion of Giants
16382	Langsax of Giants
16383	War Bow of Giants
16384	Grand Staff of Giants
16385	Sceptre of Giants
16386	Great Maul of Giants
16387	Great Axe of Giants
16388	Greatsword of Giants
16389	Robust Flanged Mace of Giants
16390	Fierce Battle Axe of Giants
16391	Steady Falchion of Giants
16392	Sharp Langsax of Giants
16393	Sturdy War Bow of Giants
16394	Stout Grand Staff of Giants
16395	Elegant Sceptre of Giants
16396	Robust Great Maul of Giants
16397	Fierce Great Axe of Giants
16398	Steady Greatsword of Giants
16399	Brutal Flanged Mace of Giants
16400	Savage Battle Axe of Giants
16401	Balanced Falchion of Giants
16402	Cruel Langsax of Giants
16403	Crafted War Bow of Giants
16404	Solid Grand Staff of Giants
16405	Splendid Sceptre of Giants
16406	Brutal Great Maul of Giants
16407	Savage Great Axe of Giants
16408	Balanced Greatsword of Giants
16409	Flanged Mace of Scholars
16410	Battle Axe of Scholars
16411	Falchion of Scholars
16412	Langsax of Scholars
16413	War Bow of Scholars
16414	Grand Staff of Scholars
16415	Sceptre of Scholars
16416	Great Maul of Scholars
16417	Great Axe of Scholars
16418	Greatsword of Scholars
16419	Robust Flanged Mace of Scholars
16420	Fierce Battle Axe of Scholars
16421	Steady Falchion of Scholars
16422	Sharp Langsax of Scholars
16423	Sturdy War Bow of Scholars
16424	Stout Grand Staff of Scholars
16425	Elegant Sceptre of Scholars
16426	Robust Great Maul of Scholars
16427	Fierce Great Axe of Scholars
16428	Steady Greatsword of Scholars
16429	Brutal Flanged Mace of Scholars
16430	Savage Battle Axe of Scholars
16431	Balanced Falchion of Scholars
16432	Cruel Langsax of Scholars
16433	Crafted War Bow of Scholars
16434	Solid Grand Staff of Scholars
16435	Splendid Sceptre of Scholars
16436	Brutal Great Maul of Scholars
16437	Savage Great Axe of Scholars
16438	Balanced Greatsword of Scholars
16439	Flanged Mace of Witches
16440	Battle Axe of Witches
16441	Falchion of Witches
16442	Langsax of Witches
16443	War Bow of Witches
16444	Grand Staff of Witches
16445	Sceptre of Witches
16446	Great Maul of Witches
16447	Great Axe of Witches
16448	Greatsword of Witches
16449	Robust Flanged Mace of Witches
16450	Fierce Battle Axe of Witches
16451	Steady Falchion of Witches
16452	Sharp Langsax of Witches
16453	Sturdy War Bow of Witches
16454	Stout Grand Staff of Witches
16455	Elegant Sceptre of Witches
16456	Robust Great Maul of Witches
16457	Fierce Great Axe of Witches
16458	Steady Greatsword of Witches
16459	Brutal Flanged Mace of Witches
16460	Savage Battle Axe of Witches
16461	Balanced Falchion of Witches
16462	Cruel Langsax of Witches
16463	Crafted War Bow of Witches
16464	Solid Grand Staff of Witches
16465	Splendid Sceptre of Witches
16466	Brutal Great Maul of Witches
16467	Savage Great Axe of Witches
16468	Balanced Greatsword of Witches
16469	Flanged Mace of Mystics
16470	Battle Axe of Mystics
16471	Falchion of Mystics
16472	Langsax of Mystics
16473	War Bow of Mystics
16474	Grand Staff of Mystics
16475	Sceptre of Mystics
16476	Great Maul of Mystics
16477	Great Axe of Mystics
16478	Greatsword of Mystics
16479	Robust Flanged Mace of Mystics
16480	Fierce Battle Axe of Mystics
16481	Steady Falchion of Mystics
16482	Sharp Langsax of Mystics
16483	Sturdy War Bow of Mystics
16484	Stout Grand Staff of Mystics
16485	Elegant Sceptre of Mystics
16486	Robust Great Maul of Mystics
16487	Fierce Great Axe of Mystics
16488	Steady Greatsword of Mystics
16489	Brutal Flanged Mace of Mystics
16490	Savage Battle Axe of Mystics
16491	Balanced Falchion of Mystics
16492	Cruel Langsax of Mystics
16493	Crafted War Bow of Mystics
16494	Solid Grand Staff of Mystics
16495	Splendid Sceptre of Mystics
16496	Brutal Great Maul of Mystics
16497	Savage Great Axe of Mystics
16498	Balanced Greatsword of Mystics
16499	Bronze Sgian Dubh
16500	Sharp Bronze Sgian Dubh
16501	Cruel Bronze Sgian Dubh
16502	Bronze Tower Shield
16503	Banded Bronze Tower Shield
16504	Reinforced Bronze Tower Shield
16505	Iron Sgian Dubh
16506	Sharp Iron Sgian Dubh
16507	Cruel Iron Sgian Dubh
16508	Iron Tower Shield
16509	Banded Iron Tower Shield
16510	Reinforced Iron Tower Shield
16511	Steel Sgian Dubh
16512	Sharp Steel Sgian Dubh
16513	Cruel Steel Sgian Dubh
16514	Steel Tower Shield
16515	Banded Steel Tower Shield
16516	Reinforced Steel Tower Shield
16517	Evasive Sgian Dubh
16518	Evasive Sharp Sgian Dubh
16519	Evasive Cruel Sgian Dubh
16520	Evasive Tower Shield
16521	Evasive Banded Tower Shield
16522	Evasive Reinforced Tower Shield
16523	Illusory Sgian Dubh
16524	Illusory Sharp Sgian Dubh
16525	Illusory Cruel Sgian Dubh
16526	Illusory Tower Shield
16527	Illusory Banded Tower Shield
16528	Illusory Reinforced Tower Shield
16529	Transient Sgian Dubh
16530	Transient Sharp Sgian Dubh
16531	Transient Cruel Sgian Dubh
16532	Transient Tower Shield
16533	Transient Banded Tower Shield
16534	Transient Reinforced Tower Shield
16535	Crimson Sgian Dubh
16536	Crimson Sharp Sgian Dubh
16537	Crimson Cruel Sgian Dubh
16538	Crimson Tower Shield
16539	Crimson Banded Tower Shield
16540	Crimson Reinforced Tower Shield
16541	Scarlet Sgian Dubh
16542	Scarlet Sharp Sgian Dubh
16543	Scarlet Cruel Sgian Dubh
16544	Scarlet Tower Shield
16545	Scarlet Banded Tower Shield
16546	Scarlet Reinforced Tower Shield
16547	Vermillion Sgian Dubh
16548	Vermillion Sharp Sgian Dubh
16549	Vermillion Cruel Sgian Dubh
16550	Vermillion Tower Shield
16551	Vermillion Banded Tower Shield
16552	Vermillion Reinforced Tower Shield
16553	Cyan Sgian Dubh
16554	Cyan Sharp Sgian Dubh
16555	Cyan Cruel Sgian Dubh
16556	Cyan Tower Shield
16557	Cyan Banded Tower Shield
16558	Cyan Reinforced Tower Shield
16559	Turquoise Sgian Dubh
16560	Turquoise Sharp Sgian Dubh
16561	Turquoise Cruel Sgian Dubh
16562	Turquoise Tower Shield
16563	Turquoise Banded Tower Shield
16564	Turquoise Reinforced Tower Shield
16565	Sapphire Sgian Dubh
16566	Sapphire Sharp Sgian Dubh
16567	Sapphire Cruel Sgian Dubh
16568	Sapphire Tower Shield
16569	Sapphire Banded Tower Shield
16570	Sapphire Reinforced Tower Shield
16571	Vicious Sgian Dubh
16572	Vicious Sharp Sgian Dubh
16573	Vicious Cruel Sgian Dubh
16574	Lethal Sgian Dubh
16575	Lethal Sharp Sgian Dubh
16576	Lethal Cruel Sgian Dubh
16577	Deadly Sgian Dubh
16578	Deadly Sharp Sgian Dubh
16579	Deadly Cruel Sgian Dubh
16580	Sgian Dubh of Fire
16581	Sharp Sgian Dubh of Fire
16582	Cruel Sgian Dubh of Fire
16583	Sgian Dubh of Flame
16584	Sharp Sgian Dubh of Flame
16585	Cruel Sgian Dubh of Flame
16586	Sgian Dubh of the Sun
16587	Sharp Sgian Dubh of the Sun
16588	Cruel Sgian Dubh of the Sun
16589	Sgian Dubh of Frost
16590	Sharp Sgian Dubh of Frost
16591	Cruel Sgian Dubh of Frost
16592	Sgian Dubh of Ice
16593	Sharp Sgian Dubh of Ice
16594	Cruel Sgian Dubh of Ice
16595	Sgian Dubh of Winter
16596	Sharp Sgian Dubh of Winter
16597	Cruel Sgian Dubh of Winter
16598	Sgian Dubh of Balance
16599	Sharp Sgian Dubh of Balance
16600	Cruel Sgian Dubh of Balance
16601	Tower Shield of Balance
16602	Banded Tower Shield of Balance
16603	Reinforced Tower Shield of Balance
16604	Sgian Dubh of Lightness
16605	Sharp Sgian Dubh of Lightness
16606	Cruel Sgian Dubh of Lightness
16607	Tower Shield of Lightness
16608	Banded Tower Shield of Lightness
16609	Reinforced Tower Shield of Lightness
16610	Sgian Dubh of Grace
16611	Sharp Sgian Dubh of Grace
16612	Cruel Sgian Dubh of Grace
16613	Tower Shield of Grace
16614	Banded Tower Shield of Grace
16615	Reinforced Tower Shield of Grace
16616	Sgian Dubh of Brutes
16617	Sharp Sgian Dubh of Brutes
16618	Cruel Sgian Dubh of Brutes
16619	Tower Shield of Brutes
16620	Banded Tower Shield of Brutes
16621	Reinforced Tower Shield of Brutes
16622	Sgian Dubh of Ogres
16623	Sharp Sgian Dubh of Ogres
16624	Cruel Sgian Dubh of Ogres
16625	Tower Shield of Ogres
16626	Banded Tower Shield of Ogres
16627	Reinforced Tower Shield of Ogres
16628	Sgian Dubh of Giants
16629	Sharp Sgian Dubh of Giants
16630	Cruel Sgian Dubh of Giants
16631	Tower Shield of Giants
16632	Banded Tower Shield of Giants
16633	Reinforced Tower Shield of Giants
16634	Sgian Dubh of Scholars
16635	Sharp Sgian Dubh of Scholars
16636	Cruel Sgian Dubh of Scholars
16637	Tower Shield of Scholars
16638	Banded Tower Shield of Scholars
16639	Reinforced Tower Shield of Scholars
16640	Sgian Dubh of Witches
16641	Sharp Sgian Dubh of Witches
16642	Cruel Sgian Dubh of Witches
16643	Tower Shield of Witches
16644	Banded Tower Shield of Witches
16645	Reinforced Tower Shield of Witches
16646	Sgian Dubh of Mystics
16647	Sharp Sgian Dubh of Mystics
16648	Cruel Sgian Dubh of Mystics
16649	Tower Shield of Mystics
16650	Banded Tower Shield of Mystics
16651	Reinforced Tower Shield of Mystics
16652	Solid Bodkin Arrow
16653	Straight Bodkin Arrow
16654	Broadhead Arrow
16655	Solid Broadhead Arrow
16656	Straight Broadhead Arrow
16657	Solid Flame Arrow
16658	Straight Flame Arrow
16659	Solid Icicle Arrow
16660	Straight Icicle Arrow
16661	Frostfang
16662	Training Bow
16663	Dilute Energy Potion
16664	Clover
16665	Maelcum's Skull
16666	Mathanach Claymore
16667	Mathanach Bow
16668	Mathanach Quarterstaff
16669	Mathanach Rod
16670	Mathanach Dirk
16671	Flintblade Assassin's Dagger
16672	Killer's Silver Baselard
16673	Silver Orb of Energy
16674	Quiver of Plenty OLD
16676	Scruffy Connacht Tunic Piece
16677	Tarnished Connacht Armour Piece
16678	Connacht Tunic Piece
16679	Connacht Armour Piece
16680	Fine Connacht Tunic Piece
16681	Fine Connacht Armour Piece
16682	Connacht Chainmail Piece
16683	Connacht Brooch
16684	Connacht Torc
16685	Connacht Goblet
16686	Connacht Silver Ring
16687	Connacht Gold Ring
16688	Officer's Pin
16689	Symbol of Mac Roth
16690	Symbol of Medb
16691	Connacht Bronze Ring
16692	Slayer's Golden Baselard
16693	Golden Orb of Power
16994	Fettlecap Mushroom
16995	Pine Timber Bundle
16996	Bandages
16997	Herbal Remedy
16998	Medical Supplies
16999	Silver Helm of the Berserker
17000	Golden Helm of Bloodlust
17001	Harbinger Ritual Blade
17002	Spoils of Battle
17003	Ternstone
17004	Glumstump's Shackle Key
17005	Ruffcramp's Shackle Key
17006	Darrion's Letter
17007	Gannon's Letter
17008	Luther's Head
17009	Restoration Potion
17010	Weightless Axe
17011	Bronze Amulet of Regeneration
17012	Heroic Amulet of Regeneration
17013	Bronze Amulet of Energisation
17014	Heroic Amulet of Energisation
17015	Bronze Amulet of Rejuvenation
17016	Heroic Amulet of Rejuvenation
17099	Quickstrike
17100	Eagle's Vigil
17101	Hunter's Hound
17102	Spiked Devastator
17103	Flaming Fury
17104	Landguard
17105	Gladius of Punishment
17106	Bolt Thrower
17107	Barrelblast Blade
17108	Thunderclap Cleaver
17110	Perilous Heart
17111	Wall of Eternity
17112	Rod of Blessings
17113	Blade of Duty
17114	Nullifier
17115	Blindside
17116	Creeper
17117	Temple Smasher
17118	Blackout
17119	Silver Blade of Battle
17120	Golden Blade of Battle
17121	Skirmish Knife
17122	Connacht Longspear
17123	Tracker's Bow
17124	Heavy Cudgel
17125	Firestick
17126	Spear of Defence
17127	Punisher
17128	Heavy Bow
17129	Fortifier
17130	Galloglach Axe
17131	Fencer's Foil
17132	Defender's Pavaise
17133	Wand of Energy
17134	Pact Blade
17135	Woven Silk Shirt of the Wall
17136	Ancient Club
17137	Ancient Hatchet
17138	Ancient Small Sword
17139	Ancient Knife
17140	Ancient Shortbow
17141	Ancient Short Staff
17142	Ancient Wand
17143	Ancient Mallet
17144	Ancient Axe
17145	Ancient Broadsword
17146	Ancient Cudgel
17147	Ancient Handaxe
17148	Ancient Short Sword
17149	Ancient Dagger
17150	Ancient Longbow
17151	Ancient Walking Staff
17152	Ancient Baton
17153	Ancient War Hammer
17154	Ancient Broad Axe
17155	Ancient Longsword
17156	Ancient Mace
17157	Ancient Short Axe
17158	Ancient Cutlass
17159	Ancient Dirk
17160	Ancient Composite Bow
17161	Ancient Quarter Staff
17162	Ancient Rod
17163	Ancient Maul
17164	Ancient Sparth Axe
17165	Ancient Claymore
17166	Ancient Flanged Mace
17167	Ancient Battle Axe
17168	Ancient Falchion
17169	Ancient Langsax
17170	Bewitched Balanced Claymore of Grace
17171	Bewitched Savage Sparth Axe of Grace
17172	Bewitched Steady Cutlass of Grace
17173	Ancient War Bow
17174	Bronze Langsax of Speed
17175	Brutal Cudgel of Fire
17176	Chain Helm of Giants
17177	Ancient Grand Staff
17178	Crimson Scale Breastplate of Grace
17179	Crimson Short Axe of Frost
17180	Crimson Splint Breastplate
17181	Cured Lamellar Boots of the Wall
17182	Cyan Hammered Scale Boots of Giants
17183	Cyan Kite Shield of Brutes
17184	Cyan Mace of Grace
17185	Ancient Sceptre
17186	Deadly Balanced Claymore of Speed
17187	Deadly Maul of Lightness
17188	Deadly Robust Mace of Celerity
17189	Deadly Sparth Axe of Fire
17190	Ancient Great Maul
17191	Ancient Great Axe
17192	Evasive Balanced Claymore of Winter
17193	Evasive Kite Shield of Lightness
17194	Evasive Linen Hat of Balance
17195	Ancient Greatsword
17196	Illusory Quilted Boots of Lightness
17197	Illusory Robust Cudgel of Brutes
17198	Illusory Tailored Cloth Gloves of Lightness
17199	Iron Crafted Composite Bow of Winter
17200	Kite Shield of Grace
17201	Lethal Quarter Staff of Winter
17202	Linen Gloves of Giants
17203	Mystic Composite Bow of Winter
17204	Mystic Short Staff of Speed
17205	Mystic Solid Walking Staff of the Sun
17206	Mystic Tailored Cloth Shirt
17207	Mystic Targe of Lightness
17208	Ancient Scale Gauntlets
17209	Ancient Scale Boots
17210	Sapphire Crafted Longbow of Ogres
17211	Sapphire Cutlass of Ogres
17212	Sapphire Embossed Scale Helm of the Wall
17213	Sapphire Leather Helm of Balance
17214	Sapphire Tailored Wool Breeches of the Keep
17215	Ancient Scale Helm
17216	Ancient Scale Greaves
17217	Ancient Scale Breastplate
17218	Ancient Leather Gloves
17219	Scarlet Cured Quilted Cuirass
17220	Scarlet Dirk of Frost
17221	Scarlet Embossed Scale Greaves of the Wall
17222	Scarlet Hammered Chain Helm of Ogres
17223	Scarlet Linen Breeches of Lightness
17224	Scarlet Sharp Dirk of the Sun
17225	Scarlet Stout Quarter Staff of Balance
17226	Scarlet Woven Linen Hat of Ogres
17227	Ancient Leather Boots
17228	Scholarly Brutal Maul of Ogres
17229	Scholarly Splendid Baton of Ogres
17230	Scholarly Woven Linen Gloves of Brutes
17231	Steady Claymore of the Sun
17232	Steel Langsax of Speed
17233	Steel Savage Sparth Axe of Giants
17234	Tower Shield of Giants
17235	Ancient Leather Hood
17236	Ancient Leather Greaves
17237	Transient Robust War Hammer of Speed
17238	Transient Tanned Leather Gloves of Ogres
17239	Transient Woven Linen Shirt of the Wall
17240	Ancient Leather Cuirass
17241	Ancient Linen Gloves
17242	Turquoise Balanced Cutlass of Ice
17243	Turquoise Cloth Gloves of the Wall
17244	Turquoise Maul of Fire
17245	Turquoise Maul of the Sun
17246	Turquoise Solid Quarter Staff of the Sun
17247	Turquoise Targe of the Bastion
17248	Vermillion Cured Sheepskin Helm
17249	Vermillion Steady Cutlass of Lightness
17250	Ancient Linen Shoes
17251	Ancient Linen Hat
17252	Vicious Longsword of Swiftness
17253	Woven Silk Shoes of Ogres
17254	Milkstalk Mushroom
17255	Yellow Giant Mushroom
17256	Black Gill Mushroom
17257	Foolstalk Mushroom
17258	Death Cap Mushroom
17259	Golden Shield of Valour
17260	Silver Shield of Valour
17261	Silver Gloves of Haste
17262	Golden Gloves of Haste
17263	Silver Boots of Speed
17264	Golden Boots of Speed
17265	Silver Amulet of Regeneration
17266	Golden Amulet of Regeneration
17267	Silver Amulet of Energisation
17268	Golden Amulet of Energisation
17269	Silver Amulet of Rejuvenation
17270	Golden Amulet of Rejuvenation
17271	Fireball Helm
17273	Ancient Linen Breeches
17274	Ancient Linen Shirt
17275	Ancient Fighting Knife
17276	Ancient Rondel
17278	Ancient Sgian Dubh
17279	Ancient Warblade
17280	Ancient Buckler
17281	Ancient Targe
17283	Ancient Kite Shield
17284	Ancient Tower Shield
17287	Connacht Sword
17288	Connacht Dagger
17289	Connacht Bow
17290	Connacht Mace
17291	Connacht Spear
17292	Connacht Axe
17293	Connacht Wand
17294	Glimmerwing Bow
17295	Glimmerwing Sword
17296	Glimmerwing Wand
17297	Tusk Dagger
17298	Guzzletusk Gorer
17299	Woodland Dreamer
17300	Bloodgrove Staff
17303	Bloodgrove Mallet
17304	Bloodgrove Club
17307	Moon Disc Fragment
17308	Sun Disc Fragment
17309	Oak Disc Fragment
17311	Elm Disc Fragment
17312	Crown Disc Fragment
17313	Dragon Disc Fragment
17315	Sunset Ring
17316	Snowflake Ring
17317	Hearthstone Ring
17320	Ancient Plate Gauntlets
17321	Ancient Plate Boots
17323	Ancient Plate Helm
17324	Ancient Plate Greaves
17325	Ancient Plate Breastplate
17326	Ancient Lamellar Gloves
17327	Ancient Lamellar Boots
17328	Ancient Lamellar Helm
17329	Ancient Lamellar Greaves
17331	Ancient Lamellar Cuirass
17332	Ancient Silk Gloves
17334	Ancient Silk Shoes
17335	Ancient Silk Hat
17336	Ancient Silk Breeches
17337	Ancient Silk Shirt
17338	Sword of the Shining Sun
17339	Bow of the Four Winds
17340	Dagger of the Darkest Night
17341	Wand of the Silver Moon
17342	Totem of the Midnight Stars
17343	Tusk Spear
17344	Feybow
17381	Faerie Wing
17382	Silk Wing
17383	Damsel Wing
17384	Sparkle Wing
17385	Sky Wing
17386	Enchanted Powder
17387	Red Glowshard
17388	Red Glowstone
17389	Blue Glowshard
17390	Blue Glowstone
17391	White Glowshard
17392	White Glowstone
17393	Red Glowheart
17394	Blue Glowheart
17395	White Glowheart
17396	Ruined Boar Hide
17397	Boar Trotter
17398	Raw Boar Meat
17399	Wildsnout Tail
17400	Sharp Boar Tusk
17401	Unicorn Hide
17402	Unicorn Hoof
17403	Unicorn Mane
17404	Unicorn Tail
17405	Unicorn Horn
17406	Bloodgrove Necklace
17407	Bloodgrove Ring
17408	Sign of the Rook
17409	Sign of the Crow
17410	Sign of the Raven
17411	Jackplate Gloves
17412	Jackplate Boots
17413	Jackplate Hood
17414	Jackplate Breeches
17415	Jackplate Jerkin
17416	Guzzletusk Gloves
17417	Guzzletusk Boots
17418	Guzzletusk Hat
17419	Guzzletusk Breeches
17420	Guzzletusk Jerkin
17421	Fairy Queen's Gloves
17422	Fairy Queen's Boots
17423	Fairy Queen's Hat
17424	Fairy Queen's Leafkilt
17425	Fairy Queen's Shirt
17426	Solar Gloves
17427	Solar Boots
17428	Solar Hat
17429	Solar Leggings
17430	Solar Shirt
17431	Whitefur Gloves
17432	Whitefur Boots
17433	Whitefur Hat
17434	Whitefur Leggings
17435	Whitefur Shirt
17436	Harmonious Gloves
17437	Harmonious Boots
17438	Harmonious Hat
17439	Harmonious Leggings
17440	Harmonious Shirt
17441	Tam Lin's Sword
17442	Tam Lin's Brooch
17443	Janet's Engagement ring
17444	Ancient Spear
17445	Ancient Pike
17446	Ancient Glaive
17447	Ancient Lance
17448	Ancient Wolf Totem
17449	Ancient Boar Totem
17450	Ancient Stag Totem
17451	Ancient Bear Totem
17452	Silver Rod of Flames
17453	Golden Sceptre of Blizzards
17454	Connacht Warrior Helm
17455	Connacht Ranger Helm
17456	Connacht Mage Helm
17457	Connacht Warrior Greaves
17458	Connacht Ranger Leggings
17459	Connacht Mage Skirt
17460	Connacht Warrior Breastplate
17461	Connacht Ranger Cuirass
17462	Connacht Mage Gown
17463	Hoghide Gloves
17464	Hoghide Boots
17465	Hoghide Hood
17466	Hoghide Breeches
17467	Hoghide Jerkin
17468	Glimmerwing Gloves
17469	Glimmerwing Boots
17470	Glimmerwing Hood
17471	Glimmerwing Leafkilt
17472	Glimmerwing Shirt
17473	Cracked Boar Tusk
17474	Boar Hide
17475	Boar Tusk
17476	Pristine Boar Hide
17477	Ancient Langsax
17478	Small Coinpurse
17479	Medium Coinpurse
17480	Large Coinpurse
17481	Large Coin Bag
17482	Huge Coin Sack
17483	Iron Goblet
17484	Copper Goblet
17485	Bronze Goblet
17486	Silver Goblet
17487	Gold Goblet
17488	Amber Soul Orb
17489	Sapphire Soul Orb
17490	Ruby Soul Orb
17491	Emerald Soul Orb
17492	Diamond Soul Orb
17493	Connacht Iron Ingot
17494	Connacht Copper Ingot
17495	Connacht Bronze Ingot
17496	Connacht Silver Ingot
17497	Connacht Gold Ingot
17498	Faerie Amber
17499	Faerie Sapphire
17500	Faerie Ruby
17501	Faerie Emerald
17502	Faerie Diamond
17503	Amber Boar Tusk
17504	Sapphire Boar Tusk
17505	Ruby Boar Tusk
17506	Emerald Boar Tusk
17507	Diamond Boar Tusk
17508	Amber Spirit Star
17509	Sapphire Spirit Star
17510	Ruby Spirit Star
17511	Emerald Spirit Star
17512	Diamond Spirit Star
17513	Amber Crystal Horn
17514	Sapphire Crystal Horn
17515	Ruby Crystal Horn
17516	Emerald Crystal Horn
17517	Diamond Crystal Horn
17518	Amber Demon Stone
17519	Sapphire Demon Stone
17520	Ruby Demon Stone
17521	Emerald Demon Stone
17522	Diamond Demon Stone
17523	Darkflame Breastplate
17524	Darkflame Greaves
17525	Darkflame Helm
17526	Darkflame Boots
17527	Darkflame Gauntlets
17528	Pumpkin Helmet
17529	Witch's Hat
17533	Pumpkin Candle
17534	Orange Pumpkin
17535	Witch's Brew
17536	Wand of Hallows
17537	Broom of Cackling
17538	Broom of Bones
17539	Broom of Fright
17540	Broom of Terror
17541	Broom of Dread
17542	Broom of Doom
17543	Witch Hat Pieces
17544	Pumpleroot Heart
17545	Pumpleroot Stalk
17546	Silver Skull Health Pendant
17547	Silver Skull Energy Pendant
17548	Silver Skull Heat Pendant
17549	Silver Skull Cold Pendant
17550	Silver Skull Magic Pendant
17551	Silver Skull Fire Pendant
17552	Silver Skull Knowledge Pendant
17553	Silver Skull Wisdom Pendant
17554	Gold Skull Health Pendant
17555	Gold Skull Energy Pendant
17556	Gold Skull Heat Pendant
17557	Gold Skull Cold Pendant
17558	Gold Skull Magic Pendant
17559	Gold Skull Fire Pendant
17560	Gold Skull Knowledge Pendant
17561	Gold Skull Wisdom Pendant
17562	Ruby Skull Health Pendant
17563	Ruby Skull Energy Pendant
17564	Ruby Skull Heat Pendant
17565	Ruby Skull Cold Pendant
17566	Ruby Skull Magic Pendant
17567	Ruby Skull Fire Pendant
17568	Ruby Skull Knowledge Pendant
17569	Ruby Skull Wisdom Pendant
17570	Green Glowshard
17571	Green Glowstone
17572	Green Glowheart
17573	Enchanted Sky Iron
17574	Jaryn's Falling Star
17575	Torbin's Falling Star
17576	Red Navigator Gem
17577	Blue Navigator Gem
17578	White Navigator Gem
17579	Green Navigator Gem
17580	Black Navigator Gem
17581	Benediction of Morrigan
17582	Litany of Morrigan
17583	Invocation of Morrigan
17584	Rites of Morrigan
17585	Echoes of Morrigan
17586	Focus of Enchantment
17587	Meteoric Sword
17588	Meteoric Bow
17589	Meteoric Dagger
17590	Meteoric Wand
17591	Meteoric Totem
17592	Shield of Crowns
17593	Silver Focus of Regeneration
17594	Stonevale Sword Offhand
17595	Stonevale Dagger Offhand
17596	Red Wrapped Present 2011
17597	Purple Yuletide Gift
17598	Blue Ribboned Box
17599	Green Luxury Present 2011
17600	Yuletide Hat
17601	Frost Spirit Gem
17602	Mighty Shield of Crowns
17603	Yulestave
17606	Golden Focus of Regeneration
17607	Snowman Head
17608	Connacht Vanquisher Gauntlets
17609	Connacht Vanquisher Boots
17610	Connacht Vanquisher Helm
17611	Connacht Vanquisher Greaves
17612	Connacht Vanquisher Breastplate
17613	Connacht Pathfinder Bracers
17614	Connacht Pathfinder Boots
17615	Connacht Pathfinder Helm
17616	Connacht Pathfinder Breeches
17617	Connacht Pathfinder Cuirass
17618	Connacht Magus Gloves
17619	Connacht Magus Shoes
17620	Connacht Magus Helm
17621	Connacht Magus Skirt
17622	Connacht Magus Robe
17623	Connacht Vanquisher Shield
17624	Hammer of the Winter King
17625	Axe of the Winter King
17626	Bow of the Winter King
17627	Sword of the Winter King
17628	Staff of the Winter King
17629	Wand of the Winter King
17630	Silver Focus of Energisation
17631	Silver Focus of Rejuvenation
17632	Wolf Helm
17633	Golden Focus of Energisation
17634	Golden Focus of Rejuvenation
17635	Dagger of the Winter King
17636	Silver Growth Charm
17637	Silver Shrink Charm
17638	Silver Camouflage Charm
17639	Snowman
17640	Winter's Gift Ring
17641	Spear of the Winter King
17642	Hammer of the Icelord
17643	Axe of the Icelord
17644	Bow of the Icelord
17645	Sword of the Icelord
17646	Staff of the Icelord
17647	Wand of the Icelord
17648	Dagger of the Icelord
17649	Spear of the Icelord
17650	Festive Sled
17651	Holly Sled
17652	Mistletoe Sled
17653	Snowflake Sled
17654	Yuletide Sled
17655	Golden Growth Charm
17656	Golden Shrink Charm
17657	Golden Camouflage Charm
17658	Heroic Gloves of Haste
17659	Heroic Boots of Speed
17660	Blizzard Sled
17661	Avalanche Sled
17662	Fur Helm of the Frozen Wastes
17663	Great Fur Helm of the Frozen Wastes
17664	Mighty Fur Helm of the Frozen Wastes
17665	Fur Helm of the Mountain Sun
17666	Great Fur Helm of the Mountain Sun
17667	Mighty Fur Helm of the Mountain Sun
17668	Fur Helm of the Howling Moon
17669	Great Fur Helm of the Howling Moon
17670	Mighty Fur Helm of the Howling Moon
17671	Fur Helm of the Raging Beast
17672	Great Fur Helm of the Raging Beast
17673	Mighty Fur Helm of the Raging Beast
17674	Fur Helm of the Forest Wind
17675	Great Fur Helm of the Forest Wind
17676	Mighty Fur Helm of the Forest Wind
17677	Fur Helm of the Red Fang
17678	Great Fur Helm of the Red Fang
17679	Mighty Fur Helm of the Red Fang
17680	Bronze Energy Amulet
17681	Bronze Health Amulet
17682	Bronze Spirit Amulet
17683	Silver Energy Amulet
17684	Silver Health Amulet
17685	Silver Spirit Amulet
17686	Golden Energy Amulet
17687	Golden Health Amulet
17688	Golden Spirit Amulet
17689	Heroic Energy Amulet
17690	Heroic Health Amulet
17691	Heroic Spirit Amulet
17698	Silver Spirit Focus
17699	Silver Health Focus
17700	Silver Energy Focus
17701	Golden Spirit Focus
17702	Golden Health Focus
17703	Golden Energy Focus
17704	Crown Shield of Energy
17705	Crown Shield of Health
17706	Crown Shield of Spirits
17707	Mighty Crown Shield of Energy
17708	Mighty Crown Shield of Health
17709	Mighty Crown Shield of Spirits
17710	Silver Bodkin of Health
17711	Silver Bodkin of Energy
17712	Silver Bodkin of Spirits
17713	Golden Bodkin of Health
17714	Golden Bodkin of Energy
17715	Golden Bodkin of Spirits
17716	Totem of the Winter King
17717	Totem of the Icelord
17718	Red Remnant of Earth
17719	Green Remnant of Earth
17720	Yellow Remnant of Earth
17721	Blue Remnant of Earth
17722	Black Remnant of Earth
17723	Red Remnant of Rock
17724	Green Remnant of Rock
17725	Yellow Remnant of Rock
17726	Blue Remnant of Rock
17727	Black Remnant of Rock
17728	Red Remnant of Metal
17729	Green Remnant of Metal
17730	Yellow Remnant of Metal
17731	Blue Remnant of Metal
17732	Black Remnant of Metal
17733	Red Remnant of Stars
17734	Green Remnant of Stars
17735	Yellow Remnant of Stars
17736	Blue Remnant of Stars
17737	Black Remnant of Stars
17738	Red Remnant of Space
17739	Green Remnant of Space
17740	Yellow Remnant of Space
17741	Blue Remnant of Space
17742	Black Remnant of Space
17743	Water Tablet of Slate
17744	Water Tablet of Granite
17745	Water Tablet of Basalt
17746	Water Tablet of Marble
17747	Water Tablet of Obsidian
17748	Earth Tablet of Slate
17749	Earth Tablet of Granite
17750	Earth Tablet of Basalt
17751	Earth Tablet of Marble
17752	Earth Tablet of Obsidian
17753	Fire Tablet of Slate
17754	Fire Tablet of Granite
17755	Fire Tablet of Basalt
17756	Fire Tablet of Marble
17757	Fire Tablet of Obsidian
17758	Air Tablet of Slate
17759	Air Tablet of Granite
17760	Air Tablet of Basalt
17761	Air Tablet of Marble
17762	Air Tablet of Obsidian
17763	Mind Tablet of Slate
17764	Mind Tablet of Granite
17765	Mind Tablet of Basalt
17766	Mind Tablet of Marble
17767	Mind Tablet of Obsidian
17768	Astral Breastplate
17769	Astral Greaves
17770	Astral Helm
17771	Astral Boots
17772	Astral Gauntlets
17773	Lunar Cuirass
17774	Lunar Greaves
17775	Lunar Hood
17776	Lunar Boots
17777	Lunar Gauntlets
17778	Zodiac Jerkin
17779	Zodiac Breeches
17780	Zodiac Hood
17781	Zodiac Boots
17782	Zodiac Gloves
17783	Cosmic Robe
17784	Cosmic Leggings
17785	Cosmic Cowl
17786	Cosmic Sandals
17787	Cosmic Gloves
17788	Celestial Gown
17789	Celestial Skirt
17790	Celestial Cowl
17791	Celestial Shoes
17792	Celestial Gloves
17793	Minor Bracelet of the Meteor
17794	Lesser Bracelet of the Meteor
17795	Mystic Bracelet of the Meteor
17796	Greater Bracelet of the Meteor
17797	Grand Bracelet of the Meteor
17798	Mighty Bracelet of the Meteor
17799	Majestic Bracelet of the Meteor
17800	Royal Bracelet of the Meteor
17801	Imperial Bracelet of the Meteor
17802	Godly Bracelet of the Meteor
17803	Minor Bracelet of the Comet
17804	Lesser Bracelet of the Comet
17805	Mystic Bracelet of the Comet
17806	Greater Bracelet of the Comet
17807	Grand Bracelet of the Comet
17808	Mighty Bracelet of the Comet
17809	Majestic Bracelet of the Comet
17810	Royal Bracelet of the Comet
17811	Imperial Bracelet of the Comet
17812	Godly Bracelet of the Comet
17813	Minor Bracelet of the Cosmos
17814	Lesser Bracelet of the Cosmos
17815	Mystic Bracelet of the Cosmos
17816	Greater Bracelet of the Cosmos
17817	Grand Bracelet of the Cosmos
17818	Mighty Bracelet of the Cosmos
17819	Majestic Bracelet of the Cosmos
17820	Royal Bracelet of the Cosmos
17821	Imperial Bracelet of the Cosmos
17822	Godly Bracelet of the Cosmos
17823	Minor Bracelet of Venom
17824	Lesser Bracelet of Venom
17825	Mystic Bracelet of Venom
17826	Greater Bracelet of Venom
17827	Grand Bracelet of Venom
17828	Mighty Bracelet of Venom
17829	Majestic Bracelet of Venom
17830	Royal Bracelet of Venom
17831	Imperial Bracelet of Venom
17832	Godly Bracelet of Venom
17833	Minor Bracelet of the Blade
17834	Lesser Bracelet of the Blade
17835	Mystic Bracelet of the Blade
17836	Greater Bracelet of the Blade
17837	Grand Bracelet of the Blade
17838	Mighty Bracelet of the Blade
17839	Majestic Bracelet of the Blade
17840	Royal Bracelet of the Blade
17841	Imperial Bracelet of the Blade
17842	Godly Bracelet of the Blade
17843	Minor Bracelet of the Talon
17844	Lesser Bracelet of the Talon
17845	Mystic Bracelet of the Talon
17846	Greater Bracelet of the Talon
17847	Grand Bracelet of the Talon
17848	Mighty Bracelet of the Talon
17849	Majestic Bracelet of the Talon
17850	Royal Bracelet of the Talon
17851	Imperial Bracelet of the Talon
17852	Godly Bracelet of the Talon
17853	Minor Bracelet of Impact
17854	Lesser Bracelet of Impact
17855	Mystic Bracelet of Impact
17856	Greater Bracelet of Impact
17857	Grand Bracelet of Impact
17858	Mighty Bracelet of Impact
17859	Majestic Bracelet of Impact
17860	Royal Bracelet of Impact
17861	Imperial Bracelet of Impact
17862	Godly Bracelet of Impact
17863	Minor Bracelet of Embers
17864	Lesser Bracelet of Embers
17865	Mystic Bracelet of Embers
17866	Greater Bracelet of Embers
17867	Grand Bracelet of Embers
17868	Mighty Bracelet of Embers
17869	Majestic Bracelet of Embers
17870	Royal Bracelet of Embers
17871	Imperial Bracelet of Embers
17872	Godly Bracelet of Embers
17873	Minor Bracelet of Ice
17874	Lesser Bracelet of Ice
17875	Mystic Bracelet of Ice
17876	Greater Bracelet of Ice
17877	Grand Bracelet of Ice
17878	Mighty Bracelet of Ice
17879	Majestic Bracelet of Ice
17880	Royal Bracelet of Ice
17881	Imperial Bracelet of Ice
17882	Godly Bracelet of Ice
17883	Minor Bracelet of Light
17884	Lesser Bracelet of Light
17885	Mystic Bracelet of Light
17886	Greater Bracelet of Light
17887	Grand Bracelet of Light
17888	Mighty Bracelet of Light
17889	Majestic Bracelet of Light
17890	Royal Bracelet of Light
17891	Imperial Bracelet of Light
17892	Godly Bracelet of Light
17893	Minor Bracelet of Serpents
17894	Lesser Bracelet of Serpents
17895	Mystic Bracelet of Serpents
17896	Greater Bracelet of Serpents
17897	Grand Bracelet of Serpents
17898	Mighty Bracelet of Serpents
17899	Majestic Bracelet of Serpents
17900	Royal Bracelet of Serpents
17901	Imperial Bracelet of Serpents
17902	Godly Bracelet of Serpents
17903	Minor Bracelet of the Shield
17904	Lesser Bracelet of the Shield
17905	Mystic Bracelet of the Shield
17906	Greater Bracelet of the Shield
17907	Grand Bracelet of the Shield
17908	Mighty Bracelet of the Shield
17909	Majestic Bracelet of the Shield
17910	Royal Bracelet of the Shield
17911	Imperial Bracelet of the Shield
17912	Godly Bracelet of the Shield
17913	Minor Bracelet of Bone
17914	Lesser Bracelet of Bone
17915	Mystic Bracelet of Bone
17916	Greater Bracelet of Bone
17917	Grand Bracelet of Bone
17918	Mighty Bracelet of Bone
17919	Majestic Bracelet of Bone
17920	Royal Bracelet of Bone
17921	Imperial Bracelet of Bone
17922	Godly Bracelet of Bone
17923	Minor Bracelet of Stone
17924	Lesser Bracelet of Stone
17925	Mystic Bracelet of Stone
17926	Greater Bracelet of Stone
17927	Grand Bracelet of Stone
17928	Mighty Bracelet of Stone
17929	Majestic Bracelet of Stone
17930	Royal Bracelet of Stone
17931	Imperial Bracelet of Stone
17932	Godly Bracelet of Stone
17933	Dry Yarrow
17934	War Torch
17935	U3TestRing1
17936	U3TestRing2
17937	U3 Cosmetic Top
17938	U3TestWrist
17939	U3TestNeck
17940	U3TestRing3
17941	U3TestUsable
17942	U3 Cosmetic Bottom
17943	U3SwordOfTesting
17944	'Natures Breath' Spell Tome
17945	'Sweeping Blow' Training Manual
17946	'Firestorm' Spell Tome
17947	'Smoke Bomb' Training Manual
17948	Torch
17949	Ring of Mighty Blows
17950	Ring of Power
17951	Wrist of Battle
17952	Thunder Sword
17953	U3EquipSkillItem1
17954	U3ProcSkillItem1
17955	U3EquipSkillItem2
17956	U3ProcSkillItem2
17957	Wight Essence
17958	Foci of Knowledge
17959	'Freeze' Spell Tome
17960	'Play Dead' Training Manual
17961	'Warcry' Training Manual
17962	'Conceal' Training Manual
17963	'Defensive Spikes' Training Manual
17964	DO NOT USE
17965	'Entangle' Training Manual
17966	'Incinerate' Spell Tome
17967	'Storm Touch' Spell Tome
17968	'Lure of Magic' Spell Tome
17969	'Lure of Soldiers' Spell Tome
17970	'Lure of Assassins' Spell Tome
17971	'Lure of Giants' Spell Tome
17972	'Protection of the Forest' Spell Tome
17973	'Abundant Aura' Spell Tome
17974	'Assassinate' Training Manual
17975	'Spring of Life' Spell Tome
17976	'Sacrifice' Spell Tome
17978	'Enduring Guard' Training Manual
17979	'Ward of Fire' Spell Tome
17980	'Ward of Ice' Spell Tome
17981	'Ward of Magic' Spell Tome
17982	'Ward of Soldiers' Spell Tome
17983	'Ward of Assassins' Spell Tome
17984	'Ward of Giants' Spell Tome
17985	Red Wanderer Mushroom
17986	White Antler
17987	Eye of the Watcher
17988	Skull of Deceit
17989	Skull of Malice
17990	Skull of Contempt
17991	Morden's Bribe
17992	Blessing of Belenus
17993	Signet of Lir
17994	Rosethorn Quartz Warblade
17995	Rosethorn Quartz Splitter
17996	Blackheath Ale
17997	U3 Cosmetic Head
17998	U3 Cosmetic Hands
17999	U3 Cosmetic Feet
18000	Ancient Ring of Earth
18001	Ancient Ring of Flame
18002	Ancient Ring of Snow
18003	Ancient Ring of Archery
18004	Ancient Ring of Combat
18005	Ancient Ring of Cunning
18006	Antique Ring of Earth
18007	Antique Ring of Flame
18008	Antique Ring of Snow
18009	Antique Ring of Archery
18010	Antique Ring of Combat
18011	Antique Ring of Cunning
18016	Warrior Quartz Torso
18017	Warrior Quartz Legs
18018	Warrior Quartz Helm
18019	Warrior Quartz Feet
18020	Warrior Quartz Hands
18021	Druid Quartz Torso
18022	Druid Quartz Legs
18023	Ranger Quartz Torso
18024	Ranger Quartz Legs
18025	Rogue Quartz Torso
18026	Rogue Quartz Legs
18027	Bands of Power
18028	Orb of Mystery
18029	Rosethorn Quartz Cleaver
18030	Rosethorn Quartz Bow
18031	Rosethorn Quartz Knuckleblade
18032	Rosethorn Quartz Crusher
18033	Rosethorn Quartz Hammer
18034	Rosethorn Quartz Shield
18035	Rosethorn Quartz Battlestave
18036	Rosethorn Quartz Longblade
18037	Rosethorn Quartz Icon
18038	Rosethorn Quartz Cane
18039	Grimoire
18040	Mage Quartz Torso
18041	Mage Quartz Legs
18042	Rosethorn Quartz Breastplate
18043	Rosethorn Quartz Greaves
18044	Rosethorn Quartz Helm
18045	Rosethorn Quartz Boots
18046	Rosethorn Quartz Gauntlets
18047	Rosethorn Quartz Robe
18048	Rosethorn Quartz Leggings
18049	Rosethorn Quartz Circlet
18050	Rosethorn Quartz Sandals
18051	Rosethorn Quartz Wristguards
18052	Rosethorn Quartz Cuirass
18053	Rosethorn Quartz Legguards
18054	Rosethorn Quartz Hood
18055	Rosethorn Quartz Treads
18056	Rosethorn Quartz Vambraces
18057	Rosethorn Quartz Gown
18058	Rosethorn Quartz Skirt
18059	Rosethorn Quartz Hat
18060	Rosethorn Quartz Shoes
18061	Rosethorn Quartz Gloves
18062	Rosethorn Quartz Jerkin
18063	Rosethorn Quartz Breeches
18064	Rosethorn Quartz Cowl
18065	Rosethorn Quartz Footguards
18066	Rosethorn Quartz Handwraps
18067	Tranquil Quartz Breastplate
18068	Tranquil Quartz Greaves
18069	Tranquil Quartz Helm
18070	Tranquil Quartz Boots
18071	Tranquil Quartz Gauntlets
18072	Tranquil Quartz Robe
18073	Tranquil Quartz Leggings
18074	Tranquil Quartz Circlet
18075	Tranquil Quartz Sandals
18076	Tranquil Quartz Wristguards
18077	Tranquil Quartz Cuirass
18078	Tranquil Quartz Legguards
18079	Tranquil Quartz Hood
18080	Tranquil Quartz Treads
18081	Tranquil Quartz Vambraces
18082	Tranquil Quartz Gown
18083	Tranquil Quartz Skirt
18084	Tranquil Quartz Hat
18085	Tranquil Quartz Shoes
18086	Tranquil Quartz Gloves
18087	Tranquil Quartz Jerkin
18088	Tranquil Quartz Breeches
18089	Tranquil Quartz Cowl
18090	Tranquil Quartz Footguards
18091	Tranquil Quartz Handwraps
18092	Sunburst Quartz Breastplate
18093	Sunburst Quartz Greaves
18094	Sunburst Quartz Helm
18095	Sunburst Quartz Boots
18096	Sunburst Quartz Gauntlets
18097	Sunburst Quartz Robe
18098	Sunburst Quartz Leggings
18099	Sunburst Quartz Circlet
18100	Sunburst Quartz Sandals
18101	Sunburst Quartz Wristguards
18102	Sunburst Quartz Cuirass
18103	Sunburst Quartz Legguards
18104	Sunburst Quartz Hood
18105	Sunburst Quartz Treads
18106	Sunburst Quartz Vambraces
18107	Sunburst Quartz Gown
18108	Sunburst Quartz Skirt
18109	Sunburst Quartz Hat
18110	Sunburst Quartz Shoes
18111	Sunburst Quartz Gloves
18112	Sunburst Quartz Jerkin
18113	Sunburst Quartz Breeches
18114	Sunburst Quartz Cowl
18115	Sunburst Quartz Footguards
18116	Sunburst Quartz Handwraps
18117	Verdant Quartz Breastplate
18118	Verdant Quartz Greaves
18119	Verdant Quartz Helm
18120	Verdant Quartz Boots
18121	Verdant Quartz Gauntlets
18122	Verdant Quartz Robe
18123	Verdant Quartz Leggings
18124	Verdant Quartz Circlet
18125	Verdant Quartz Sandals
18126	Verdant Quartz Wristguards
18127	Verdant Quartz Cuirass
18128	Verdant Quartz Legguards
18129	Verdant Quartz Hood
18130	Verdant Quartz Treads
18131	Verdant Quartz Vambraces
18132	Verdant Quartz Gown
18133	Verdant Quartz Skirt
18134	Verdant Quartz Hat
18135	Verdant Quartz Shoes
18136	Verdant Quartz Gloves
18137	Verdant Quartz Jerkin
18138	Verdant Quartz Breeches
18139	Verdant Quartz Cowl
18140	Verdant Quartz Footguards
18141	Verdant Quartz Handwraps
18142	Skygem Quartz Breastplate
18143	Skygem Quartz Greaves
18144	Skygem Quartz Helm
18145	Skygem Quartz Boots
18146	Skygem Quartz Gauntlets
18147	Skygem Quartz Robe
18148	Skygem Quartz Leggings
18149	Skygem Quartz Circlet
18150	Skygem Quartz Sandals
18151	Skygem Quartz Wristguards
18152	Skygem Quartz Cuirass
18153	Skygem Quartz Legguards
18154	Skygem Quartz Hood
18155	Skygem Quartz Treads
18156	Skygem Quartz Vambraces
18157	Skygem Quartz Gown
18158	Skygem Quartz Skirt
18159	Skygem Quartz Hat
18160	Skygem Quartz Shoes
18161	Skygem Quartz Gloves
18162	Skygem Quartz Jerkin
18163	Skygem Quartz Breeches
18164	Skygem Quartz Cowl
18165	Skygem Quartz Footguards
18166	Skygem Quartz Handwraps
18167	Nebula Diamond Breastplate
18168	Nebula Diamond Greaves
18169	Nebula Diamond Helm
18170	Nebula Diamond Boots
18171	Nebula Diamond Gauntlets
18172	Nebula Diamond Robe
18173	Nebula Diamond Leggings
18174	Nebula Diamond Circlet
18175	Nebula Diamond Sandals
18176	Nebula Diamond Wristguards
18177	Nebula Diamond Cuirass
18178	Nebula Diamond Legguards
18179	Nebula Diamond Hood
18180	Nebula Diamond Treads
18181	Nebula Diamond Vambraces
18182	Nebula Diamond Gown
18183	Nebula Diamond Skirt
18184	Nebula Diamond Hat
18185	Nebula Diamond Shoes
18186	Nebula Diamond Gloves
18187	Nebula Diamond Jerkin
18188	Nebula Diamond Breeches
18189	Nebula Diamond Cowl
18190	Nebula Diamond Footguards
18191	Nebula Diamond Handwraps
18192	Regal Diamond Breastplate
18193	Regal Diamond Greaves
18194	Regal Diamond Helm
18195	Regal Diamond Boots
18196	Regal Diamond Gauntlets
18197	Regal Diamond Robe
18198	Regal Diamond Leggings
18199	Regal Diamond Circlet
18200	Regal Diamond Sandals
18201	Regal Diamond Wristguards
18202	Regal Diamond Cuirass
18203	Regal Diamond Legguards
18204	Regal Diamond Hood
18205	Regal Diamond Treads
18206	Regal Diamond Vambraces
18207	Regal Diamond Gown
18208	Regal Diamond Skirt
18209	Regal Diamond Hat
18210	Regal Diamond Shoes
18211	Regal Diamond Gloves
18212	Regal Diamond Jerkin
18213	Regal Diamond Breeches
18214	Regal Diamond Cowl
18215	Regal Diamond Footguards
18216	Regal Diamond Handwraps
18217	Chromos Diamond Breastplate
18218	Chromos Diamond Greaves
18219	Chromos Diamond Helm
18220	Chromos Diamond Boots
18221	Chromos Diamond Gauntlets
18222	Chromos Diamond Robe
18223	Chromos Diamond Leggings
18224	Chromos Diamond Circlet
18225	Chromos Diamond Sandals
18226	Chromos Diamond Wristguards
18227	Chromos Diamond Cuirass
18228	Chromos Diamond Legguards
18229	Chromos Diamond Hood
18230	Chromos Diamond Treads
18231	Chromos Diamond Vambraces
18232	Chromos Diamond Gown
18233	Chromos Diamond Skirt
18234	Chromos Diamond Hat
18235	Chromos Diamond Shoes
18236	Chromos Diamond Gloves
18237	Chromos Diamond Jerkin
18238	Chromos Diamond Breeches
18239	Chromos Diamond Cowl
18240	Chromos Diamond Footguards
18241	Chromos Diamond Handwraps
18242	Deepfall Diamond Breastplate
18243	Deepfall Diamond Greaves
18244	Deepfall Diamond Helm
18245	Deepfall Diamond Boots
18246	Deepfall Diamond Gauntlets
18247	Deepfall Diamond Robe
18248	Deepfall Diamond Leggings
18249	Deepfall Diamond Circlet
18250	Deepfall Diamond Sandals
18251	Deepfall Diamond Wristguards
18252	Deepfall Diamond Cuirass
18253	Deepfall Diamond Legguards
18254	Deepfall Diamond Hood
18255	Deepfall Diamond Treads
18256	Deepfall Diamond Vambraces
18257	Deepfall Diamond Gown
18258	Deepfall Diamond Skirt
18259	Deepfall Diamond Hat
18260	Deepfall Diamond Shoes
18261	Deepfall Diamond Gloves
18262	Deepfall Diamond Jerkin
18263	Deepfall Diamond Breeches
18264	Deepfall Diamond Cowl
18265	Deepfall Diamond Footguards
18266	Deepfall Diamond Handwraps
18267	Battlemist Diamond Breastplate
18268	Battlemist Diamond Greaves
18269	Battlemist Diamond Helm
18270	Battlemist Diamond Boots
18271	Battlemist Diamond Gauntlets
18272	Battlemist Diamond Robe
18273	Battlemist Diamond Leggings
18274	Battlemist Diamond Circlet
18275	Battlemist Diamond Sandals
18276	Battlemist Diamond Wristguards
18277	Battlemist Diamond Cuirass
18278	Battlemist Diamond Legguards
18279	Battlemist Diamond Hood
18280	Battlemist Diamond Treads
18281	Battlemist Diamond Vambraces
18282	Battlemist Diamond Gown
18283	Battlemist Diamond Skirt
18284	Battlemist Diamond Hat
18285	Battlemist Diamond Shoes
18286	Battlemist Diamond Gloves
18287	Battlemist Diamond Jerkin
18288	Battlemist Diamond Breeches
18289	Battlemist Diamond Cowl
18290	Battlemist Diamond Footguards
18291	Battlemist Diamond Handwraps
19292	Elder Silver Blade of Fire
19293	Elder Golden Blade of Fire
19294	Elder Silver Blade of Ice
19295	Elder Golden Blade of Ice
19296	Elder Silver Blade of Magic
19297	Elder Golden Blade of Magic
19298	Grimy Azure Scale
19299	Tarnished Azure Scale
19300	Rough Azure Scale
19301	Smooth Azure Scale
19302	Pristine Azure Scale
19303	Enchanted Azure Scale
19304	Charred Crimson Scale
19305	Singed Crimson Scale
19306	Rough Crimson Scale
19307	Smooth Crimson Scale
19308	Pristine Crimson Scale
19309	Enchanted Crimson Scale
19310	Rotten Oakwood
19311	Moldy Oakwood
19312	Brittle Oakwood
19313	Supple Oakwood
19314	Pristine Oakwood
19315	Enchanted Oakwood
19316	Rotten Ashwood
19317	Moldy Ashwood
19318	Brittle Ashwood
19319	Supple Ashwood
19320	Pristine Ashwood
19321	Enchanted Ashwood
19322	Rotten Thornwood
19323	Moldy Thornwood
19324	Brittle Thornwood
19325	Supple Thornwood
19326	Pristine Thornwood
19327	Enchanted Thornwood
19328	Scratched Jewelled Iris
19329	Dull Jewelled Iris
19330	Rough Jewelled Iris
19331	Smooth Jewelled Iris
19332	Bright Jewelled Iris
19333	Prismatic Jewelled Iris
19334	Cracked Golem Gem
19335	Dull Golem Gem
19336	Cloudy Golem Gem
19337	Clear Golem Gem
19338	Bright Golem Gem
19339	Prismatic Golem Gem
19340	Copper Reliquary
19341	Iron Reliquary
19342	Oak Reliquary
19343	Silver Reliquary
19344	Gilded Reliquary
19345	Bone Reliquary
19351	Crystal Ring of Bandage Wounds
19352	Crystal Ring of Recuperate
19353	Crystal Ring of Meditate
19354	Crystal Ring of Pummel
19355	Crystal Ring of Giant Swing
19356	Crystal Ring of Sweeping Blow
19357	Crystal Ring of Enduring Guard
19358	Crystal Ring of Shield Bash
19359	Crystal Ring of Protective Stance
19360	Crystal Ring of Taunt
19361	Crystal Ring of Warcry
19362	Crystal Ring of Frenzy
19363	Crystal Ring of Sneaky Attack
19364	Crystal Ring of Quick Strike
19365	Crystal Ring of Assassinate
19366	Crystal Ring of Rend
19367	Crystal Ring of Poison Weapon
19368	Crystal Ring of Hide
19369	Crystal Ring of Fast Reflexes
19370	Crystal Ring of Smoke Bomb
19371	Crystal Ring of Distract
19372	Crystal Ring of Play Dead
19373	Crystal Ring of Sharp Shot
19374	Crystal Ring of Barbed Shot
19375	Crystal Ring of Rapid Shot
19376	Crystal Ring of Steady Aim
19377	Crystal Ring of Defensive Spikes
19378	Crystal Ring of Bolas
19379	Crystal Ring of Camouflage
19380	Crystal Ring of Conceal
19381	Crystal Ring of Light Heal
19382	Crystal Ring of Entangle
19383	Crystal Ring of Fire Bolt
19384	Crystal Ring of Ice Shards
19385	Crystal Ring of Firestorm
19386	Crystal Ring of Incinerate
19387	Crystal Ring of Cloak of Fire
19388	Crystal Luring Ring of Fire
19389	Crystal Luring Ring of Ice
19390	Crystal Luring Ring of Magic
19391	Crystal Luring Ring of Assassins
19392	Crystal Luring Ring of Giants
19393	Crystal Luring Ring of Soldiers
19394	Crystal Ring of Energy Boost
19395	Crystal Ring of Energy Shield
19396	Crystal Ring of Energy Well
19397	Crystal Ring of Sacrifice
19398	Crystal Ring of Freeze
19399	Crystal Ring of Lightning Strike
19400	Crystal Ring of Storm Touch
19401	Crystal Ring of Strangling Vines
19402	Crystal Ring of Grasping Roots
19403	Crystal Ring of Howling Wind
19404	Crystal Ring of Calm
19405	Crystal Ring of Shield of Bark
19406	Crystal Ring of Natures Touch
19407	Crystal Ring of Natures Breath
19408	Crystal Ring of Natures Embrace
19409	Crystal Ring of Abundance
19410	Crystal Ring of Abundant Aura
19411	Crystal Ring of Spring of Life
19412	Crystal Warding Ring of Fire
19413	Crystal Warding Ring of Ice
19414	Crystal Warding Ring of Magic
19415	Crystal Warding Ring of Assassins
19416	Crystal Warding Ring of Giants
19417	Crystal Warding Ring of Soldiers
19418	Glass Ring of Bandage Wounds
19419	Glass Ring of Recuperate
19420	Glass Ring of Meditate
19421	Glass Ring of Pummel
19422	Glass Ring of Giant Swing
19423	Glass Ring of Sweeping Blow
19424	Glass Ring of Enduring Guard
19425	Glass Ring of Shield Bash
19426	Glass Ring of Protective Stance
19427	Glass Ring of Taunt
19428	Glass Ring of Warcry
19429	Glass Ring of Frenzy
19430	Glass Ring of Sneaky Attack
19431	Glass Ring of Quick Strike
19432	Glass Ring of Assassinate
19433	Glass Ring of Rend
19434	Glass Ring of Poison Weapon
19435	Glass Ring of Hide
19436	Glass Ring of Fast Reflexes
19437	Glass Ring of Smoke Bomb
19438	Glass Ring of Distract
19439	Glass Ring of Play Dead
19440	Glass Ring of Sharp Shot
19441	Glass Ring of Barbed Shot
19442	Glass Ring of Rapid Shot
19443	Glass Ring of Steady Aim
19444	Glass Ring of Defensive Spikes
19445	Glass Ring of Bolas
19446	Glass Ring of Camouflage
19447	Glass Ring of Conceal
19448	Glass Ring of Light Heal
19449	Glass Ring of Entangle
19450	Glass Ring of Fire Bolt
19451	Glass Ring of Ice Shards
19452	Glass Ring of Firestorm
19453	Glass Ring of Incinerate
19454	Glass Ring of Cloak of Fire
19455	Glass Luring Ring of Fire
19456	Glass Luring Ring of Ice
19457	Glass Luring Ring of Magic
19458	Glass Luring Ring of Assassins
19459	Glass Luring Ring of Giants
19460	Glass Luring Ring of Soldiers
19461	Glass Ring of Energy Boost
19462	Glass Ring of Energy Shield
19463	Glass Ring of Energy Well
19464	Glass Ring of Sacrifice
19465	Glass Ring of Freeze
19466	Glass Ring of Lightning Strike
19467	Glass Ring of Storm Touch
19468	Glass Ring of Strangling Vines
19469	Glass Ring of Grasping Roots
19470	Glass Ring of Howling Wind
19471	Glass Ring of Calm
19472	Glass Ring of Shield of Bark
19473	Glass Ring of Natures Touch
19474	Glass Ring of Natures Breath
19475	Glass Ring of Natures Embrace
19476	Glass Ring of Abundance
19477	Glass Ring of Abundant Aura
19478	Glass Ring of Spring of Life
19479	Glass Warding Ring of Fire
19480	Glass Warding Ring of Ice
19481	Glass Warding Ring of Magic
19482	Glass Warding Ring of Assassins
19483	Glass Warding Ring of Giants
19484	Glass Warding Ring of Soldiers
19485	Antique Ring of Swords
19486	Antique Ring of Hammers
19487	Antique Ring of Axes
19488	Antique Ring of Staffs
19489	Antique Ring of Daggers
19490	Antique Ring of Wands
19491	Antique Ring of Bows
19492	Antique Ring of Medicine
19493	Antique Ring of Spears
19494	Antique Ring of Totems
19495	Antique Ring of Pugilism
19496	Ancient Ring of Swords
19497	Ancient Ring of Hammers
19498	Ancient Ring of Axes
19499	Ancient Ring of Staffs
19500	Ancient Ring of Daggers
19501	Ancient Ring of Wands
19502	Ancient Ring of Bows
19503	Ancient Ring of Medicine
19504	Ancient Ring of Spears
19505	Ancient Ring of Totems
19506	Ancient Ring of Pugilism
19507	Antique Ring of Fortitude
19508	Antique Ring of Warding
19509	Antique Ring of Reflex
19510	Antique Ring of Vigour
19511	Antique Ring of Willpower
19512	Ancient Ring of Fortitude
19513	Ancient Ring of Warding
19514	Ancient Ring of Reflex
19515	Ancient Ring of Vigour
19516	Ancient Ring of Willpower
19517	Journal of Grok (page 1)
19518	Journal of Grok (page 2)
19519	Journal of Grok (page 3)
19520	Journal of Grok (page 4)
19521	Journal of Grok (page 5)
19522	Almanac of Drogan (page 1)
19523	Almanac of Drogan (page 2)
19524	Almanac of Drogan (page 3)
19525	Almanac of Drogan (page 4)
19526	Almanac of Drogan (page 5)
19527	Codex of Krest (page 1)
19528	Codex of Krest (page 2)
19529	Codex of Krest (page 3)
19530	Codex of Krest (page 4)
19531	Codex of Krest (page 5)
19532	Lexicon of Mathulus (page 1)
19533	Lexicon of Mathulus (page 2)
19534	Lexicon of Mathulus (page 3)
19535	Lexicon of Mathulus (page 4)
19536	Lexicon of Mathulus (page 5)
19537	Manuscript of Creginus (page 1)
19538	Manuscript of Creginus (page 2)
19539	Manuscript of Creginus (page 3)
19540	Manuscript of Creginus (page 4)
19541	Manuscript of Creginus (page 5)
19542	Journal of Zalza (page 1)
19543	Journal of Zalza (page 2)
19544	Journal of Zalza (page 3)
19545	Journal of Zalza (page 4)
19546	Journal of Zalza (page 5)
19547	Almanac of Seraffa (page 1)
19548	Almanac of Seraffa (page 2)
19549	Almanac of Seraffa (page 3)
19550	Almanac of Seraffa (page 4)
19551	Almanac of Seraffa (page 5)
19552	Codex of Veltissa (page 1)
19553	Codex of Veltissa (page 2)
19554	Codex of Veltissa (page 3)
19555	Codex of Veltissa (page 4)
19556	Codex of Veltissa (page 5)
19557	Lexicon of Melisant (page 1)
19558	Lexicon of Melisant (page 2)
19559	Lexicon of Melisant (page 3)
19560	Lexicon of Melisant (page 4)
19561	Lexicon of Melisant (page 5)
19562	Manuscript of Sveltina (page 1)
19563	Manuscript of Sveltina (page 2)
19564	Manuscript of Sveltina (page 3)
19565	Manuscript of Sveltina (page 4)
19566	Manuscript of Sveltina (page 5)
19567	Red Book Binding
19568	Red Book Cover
19569	Blue Book Binding
19570	Blue Book Cover
19571	Nightstone of Cerridwen
19572	Starstone of Cerridwen
19573	Moonstone of Cerridwen
19576	Crown of Stone
19577	Crown of Wood
19578	Crown of Bone
19579	Rosethorn Quartz Knucklespike
19580	Rosethorn Quartz Quickspike
19581	Rosethorn Quartz Quickblade
19582	Rosethorn Quartz Pike
19583	Nebula Diamond Warblade
19584	Nebula Diamond Splitter
19585	Nebula Diamond Cleaver
19586	Nebula Diamond Bow
19587	Nebula Diamond Knuckleblade
19588	Nebula Diamond Crusher
19589	Nebula Diamond Hammer
19590	Nebula Diamond Shield
19591	Nebula Diamond Battlestave
19592	Nebula Diamond Longblade
19593	Nebula Diamond Icon
19594	Nebula Diamond Cane
19595	Nebula Diamond Knucklespike
19596	Nebula Diamond Quickspike
19597	Nebula Diamond Quickblade
19598	Nebula Diamond Pike
19599	Blue Suit
19601	Brown Dress Shoes
19602	Blue Ballgown
19603	Blue Dance Shoes
19604	Bane of the All-Seeing One
19605	Bane of the Swamplord
19606	Bane of the Ancient Oak
19607	Bane of the Chained King
19608	Bane of the Stonelord
19609	Bane of the Lavalord
19610	Vial of Life
19611	Tranquil Quartz Warblade
19612	Tranquil Quartz Splitter
19613	Tranquil Quartz Cleaver
19614	Tranquil Quartz Bow
19615	Tranquil Quartz Knuckleblade
19616	Tranquil Quartz Crusher
19617	Tranquil Quartz Hammer
19618	Tranquil Quartz Battlestave
19619	Tranquil Quartz Longblade
19620	Tranquil Quartz Icon
19621	Tranquil Quartz Cane
19622	Tranquil Quartz Quickblade
19623	Tranquil Quartz Pike
19624	Regal Diamond Warblade
19625	Regal Diamond Splitter
19626	Regal Diamond Cleaver
19627	Regal Diamond Bow
19628	Regal Diamond Knuckleblade
19629	Regal Diamond Crusher
19630	Regal Diamond Hammer
19631	Regal Diamond Battlestave
19632	Regal Diamond Longblade
19633	Regal Diamond Icon
19634	Regal Diamond Cane
19635	Regal Diamond Quickblade
19636	Regal Diamond Pike
19637	Sunburst Quartz Warblade
19638	Sunburst Quartz Splitter
19639	Sunburst Quartz Cleaver
19640	Sunburst Quartz Bow
19641	Sunburst Quartz Knuckleblade
19642	Sunburst Quartz Crusher
19643	Sunburst Quartz Hammer
19644	Sunburst Quartz Battlestave
19645	Sunburst Quartz Longblade
19646	Sunburst Quartz Icon
19647	Sunburst Quartz Cane
19648	Sunburst Quartz Quickblade
19649	Sunburst Quartz Pike
19650	Chromos Diamond Warblade
19651	Chromos Diamond Splitter
19652	Chromos Diamond Cleaver
19653	Chromos Diamond Bow
19654	Chromos Diamond Knuckleblade
19655	Chromos Diamond Crusher
19656	Chromos Diamond Hammer
19657	Chromos Diamond Battlestave
19658	Chromos Diamond Longblade
19659	Chromos Diamond Icon
19660	Chromos Diamond Cane
19661	Chromos Diamond Quickblade
19662	Chromos Diamond Pike
19663	Verdant Quartz Warblade
19664	Verdant Quartz Splitter
19665	Verdant Quartz Cleaver
19666	Verdant Quartz Bow
19667	Verdant Quartz Knuckleblade
19668	Verdant Quartz Crusher
19669	Verdant Quartz Hammer
19670	Verdant Quartz Battlestave
19671	Verdant Quartz Longblade
19672	Verdant Quartz Icon
19673	Verdant Quartz Cane
19674	Verdant Quartz Quickblade
19675	Verdant Quartz Pike
19676	Deepfall Diamond Warblade
19677	Deepfall Diamond Splitter
19678	Deepfall Diamond Cleaver
19679	Deepfall Diamond Bow
19680	Deepfall Diamond Knuckleblade
19681	Deepfall Diamond Crusher
19682	Deepfall Diamond Hammer
19683	Deepfall Diamond Battlestave
19684	Deepfall Diamond Longblade
19685	Deepfall Diamond Icon
19686	Deepfall Diamond Cane
19687	Deepfall Diamond Quickblade
19688	Deepfall Diamond Pike
19689	Skygem Quartz Warblade
19690	Skygem Quartz Splitter
19691	Skygem Quartz Cleaver
19692	Skygem Quartz Bow
19693	Skygem Quartz Knuckleblade
19694	Skygem Quartz Crusher
19695	Skygem Quartz Hammer
19696	Skygem Quartz Battlestave
19697	Skygem Quartz Longblade
19698	Skygem Quartz Icon
19699	Skygem Quartz Cane
19700	Skygem Quartz Quickblade
19701	Skygem Quartz Pike
19702	Battlemist Diamond Warblade
19703	Battlemist Diamond Splitter
19704	Battlemist Diamond Cleaver
19705	Battlemist Diamond Bow
19706	Battlemist Diamond Knuckleblade
19707	Battlemist Diamond Crusher
19708	Battlemist Diamond Hammer
19709	Battlemist Diamond Battlestave
19710	Battlemist Diamond Longblade
19711	Battlemist Diamond Icon
19712	Battlemist Diamond Cane
19713	Battlemist Diamond Quickblade
19714	Battlemist Diamond Pike
19715	Flamewine
19716	Frostwine
19717	Sapwine
19718	Daggerwine
19719	Bladewine
19720	Stonewine
19725	Regal Diamond Quickspike
19726	Regal Diamond Knucklespike
19727	Regal Diamond Shield
19728	Chromos Diamond Quickspike
19729	Chromos Diamond Knucklespike
19730	Chromos Diamond Shield
19731	Deepfall Diamond Quickspike
19732	Deepfall Diamond Knucklespike
19733	Deepfall Diamond Shield
19734	Battlemist Diamond Quickspike
19735	Battlemist Diamond Knucklespike
19736	Battlemist Diamond Shield
19737	Tranquil Quartz Quickspike
19738	Tranquil Quartz Knucklespike
19739	Tranquil Quartz Shield
19740	Sunburst Quartz Quickspike
19741	Sunburst Quartz Knucklespike
19742	Sunburst Quartz Shield
19743	Verdant Quartz Quickspike
19744	Verdant Quartz Knucklespike
19745	Verdant Quartz Shield
19746	Skygem Quartz Quickspike
19747	Skygem Quartz Knucklespike
19748	Skygem Quartz Shield
19749	Haste Scroll
19750	Blizzard Scroll
19751	Barrier Scroll
19752	Otherworld Topaz
19753	Otherworld Opal
19754	Fabled Ring of Recuperate
19755	Fabled Ring of Meditate
19756	Fabled Ring of Pummel
19757	Fabled Ring of Giant Swing
19758	Fabled Ring of Sweeping Blow
19759	Fabled Ring of Enduring Guard
19760	Fabled Ring of Shield Bash
19761	Fabled Ring of Protective Stance
19762	Fabled Ring of Taunt
19763	Fabled Ring of Warcry
19764	Fabled Ring of Frenzy
19765	Fabled Ring of Sneaky Attack
19766	Fabled Ring of Quick Strike
19767	Fabled Ring of Assassinate
19768	Fabled Ring of Rend
19769	Fabled Ring of Poison Weapon
19770	Fabled Ring of Hide
19771	Fabled Ring of Fast Reflexes
19772	Fabled Ring of Smoke Bomb
19773	Fabled Ring of Distract
19774	Fabled Ring of Play Dead
19775	Fabled Ring of Sharp Shot
19776	Fabled Ring of Barbed Shot
19777	Fabled Ring of Rapid Shot
19778	Fabled Ring of Steady Aim
19779	Fabled Ring of Defensive Spikes
19780	Fabled Ring of Bolas
19781	Fabled Ring of Camouflage
19782	Fabled Ring of Conceal
19783	Fabled Ring of Light Heal
19784	Fabled Ring of Entangle
19785	Fabled Ring of Fire Bolt
19786	Fabled Ring of Ice Shards
19787	Fabled Ring of Firestorm
19788	Fabled Ring of Incinerate
19789	Fabled Ring of Cloak of Fire
19790	Fabled Luring Ring of Fire
19791	Fabled Luring Ring of Ice
19792	Fabled Luring Ring of Magic
19793	Fabled Luring Ring of Assassins
19794	Fabled Luring Ring of Giants
19795	Fabled Luring Ring of Soldiers
19796	Fabled Ring of Energy Boost
19797	Fabled Ring of Energy Shield
19798	Fabled Ring of Energy Well
19799	Fabled Ring of Sacrifice
19800	Fabled Ring of Freeze
19801	Fabled Ring of Lightning Strike
19802	Fabled Ring of Storm Touch
19803	Fabled Ring of Strangling Vines
19804	Fabled Ring of Grasping Roots
19805	Fabled Ring of Howling Wind
19806	Fabled Ring of Calm
19807	Fabled Ring of Shield of Bark
19808	Fabled Ring of Natures Touch
19809	Fabled Ring of Natures Breath
19810	Fabled Ring of Natures Embrace
19811	Fabled Ring of Abundance
19812	Fabled Ring of Abundant Aura
19813	Fabled Ring of Spring of Life
19814	Fabled Warding Ring of Fire
19815	Fabled Warding Ring of Ice
19816	Fabled Warding Ring of Magic
19817	Fabled Warding Ring of Assassins
19818	Fabled Warding Ring of Giants
19819	Fabled Warding Ring of Soldiers
19820	Grand Ring of Bandage Wounds
19821	Grand Ring of Recuperate
19822	Grand Ring of Meditate
19823	Grand Ring of Pummel
19824	Grand Ring of Giant Swing
19825	Grand Ring of Sweeping Blow
19826	Grand Ring of Enduring Guard
19827	Grand Ring of Shield Bash
19828	Grand Ring of Protective Stance
19829	Grand Ring of Taunt
19830	Grand Ring of Warcry
19831	Grand Ring of Frenzy
19832	Grand Ring of Sneaky Attack
19833	Grand Ring of Quick Strike
19834	Grand Ring of Assassinate
19835	Grand Ring of Rend
19836	Grand Ring of Poison Weapon
19837	Grand Ring of Hide
19838	Grand Ring of Fast Reflexes
19839	Grand Ring of Smoke Bomb
19840	Grand Ring of Distract
19841	Grand Ring of Play Dead
19842	Grand Ring of Sharp Shot
19843	Grand Ring of Barbed Shot
19844	Grand Ring of Rapid Shot
19845	Grand Ring of Steady Aim
19846	Grand Ring of Defensive Spikes
19847	Grand Ring of Bolas
19848	Grand Ring of Camouflage
19849	Grand Ring of Conceal
19850	Grand Ring of Light Heal
19851	Grand Ring of Entangle
19852	Grand Ring of Fire Bolt
19853	Grand Ring of Ice Shards
19854	Grand Ring of Firestorm
19855	Grand Ring of Incinerate
19856	Grand Ring of Cloak of Fire
19857	Grand Luring Ring of Fire
19858	Grand Luring Ring of Ice
19859	Grand Luring Ring of Magic
19860	Grand Luring Ring of Assassins
19861	Grand Luring Ring of Giants
19862	Grand Luring Ring of Soldiers
19863	Grand Ring of Energy Boost
19864	Grand Ring of Energy Shield
19865	Grand Ring of Energy Well
19866	Grand Ring of Sacrifice
19867	Grand Ring of Freeze
19868	Grand Ring of Lightning Strike
19869	Grand Ring of Storm Touch
19870	Grand Ring of Strangling Vines
19871	Grand Ring of Grasping Roots
19872	Grand Ring of Howling Wind
19873	Grand Ring of Calm
19874	Grand Ring of Shield of Bark
19875	Grand Ring of Natures Touch
19876	Grand Ring of Natures Breath
19877	Grand Ring of Natures Embrace
19878	Grand Ring of Abundance
19879	Grand Ring of Abundant Aura
19880	Grand Ring of Spring of Life
19881	Grand Warding Ring of Fire
19882	Grand Warding Ring of Ice
19883	Grand Warding Ring of Magic
19884	Grand Warding Ring of Assassins
19885	Grand Warding Ring of Giants
19886	Grand Warding Ring of Soldiers
19887	Royal Ring of Bandage Wounds
19888	Royal Ring of Recuperate
19889	Royal Ring of Meditate
19890	Royal Ring of Pummel
19891	Royal Ring of Giant Swing
19892	Royal Ring of Sweeping Blow
19893	Royal Ring of Enduring Guard
19894	Royal Ring of Shield Bash
19895	Royal Ring of Protective Stance
19896	Royal Ring of Taunt
19897	Royal Ring of Warcry
19898	Royal Ring of Frenzy
19899	Royal Ring of Sneaky Attack
19900	Royal Ring of Quick Strike
19901	Royal Ring of Assassinate
19902	Royal Ring of Rend
19903	Royal Ring of Poison Weapon
19904	Royal Ring of Hide
19905	Royal Ring of Fast Reflexes
19906	Royal Ring of Smoke Bomb
19907	Royal Ring of Distract
19908	Royal Ring of Play Dead
19909	Royal Ring of Sharp Shot
19910	Royal Ring of Barbed Shot
19911	Royal Ring of Rapid Shot
19912	Royal Ring of Steady Aim
19913	Royal Ring of Defensive Spikes
19914	Royal Ring of Bolas
19915	Royal Ring of Camouflage
19916	Royal Ring of Conceal
19917	Royal Ring of Light Heal
19918	Royal Ring of Entangle
19919	Royal Ring of Fire Bolt
19920	Royal Ring of Ice Shards
19921	Royal Ring of Firestorm
19922	Royal Ring of Incinerate
19923	Royal Ring of Cloak of Fire
19924	Royal Luring Ring of Fire
19925	Royal Luring Ring of Ice
19926	Royal Luring Ring of Magic
19927	Royal Luring Ring of Assassins
19928	Royal Luring Ring of Giants
19929	Royal Luring Ring of Soldiers
19930	Royal Ring of Energy Boost
19931	Royal Ring of Energy Shield
19932	Royal Ring of Energy Well
19933	Royal Ring of Sacrifice
19934	Royal Ring of Freeze
19935	Royal Ring of Lightning Strike
19936	Royal Ring of Storm Touch
19937	Royal Ring of Strangling Vines
19938	Royal Ring of Grasping Roots
19939	Royal Ring of Howling Wind
19940	Royal Ring of Calm
19941	Royal Ring of Shield of Bark
19942	Royal Ring of Natures Touch
19943	Royal Ring of Natures Breath
19944	Royal Ring of Natures Embrace
19945	Royal Ring of Abundance
19946	Royal Ring of Abundant Aura
19947	Royal Ring of Spring of Life
19948	Royal Warding Ring of Fire
19949	Royal Warding Ring of Ice
19950	Royal Warding Ring of Magic
19951	Royal Warding Ring of Assassins
19952	Royal Warding Ring of Giants
19953	Royal Warding Ring of Soldiers
19954	Fabled Ring of Bandage Wounds
19955	Fabled Ring of Swords
19956	Fabled Ring of Hammers
19957	Fabled Ring of Axes
19958	Fabled Ring of Staffs
19959	Fabled Ring of Daggers
19960	Fabled Ring of Wands
19961	Fabled Ring of Bows
19962	Fabled Ring of Combat
19963	Fabled Ring of Archery
19964	Fabled Ring of Physical Fitness
19965	Fabled Ring of Earth
19966	Fabled Ring of Cunning
19967	Fabled Ring of Snow
19968	Fabled Ring of Flame
19969	Fabled Ring of Medicine
19970	Fabled Ring of Spears
19971	Fabled Ring of Totems
19972	Fabled Ring of Novelty
19973	Fabled Ring of Pugilism
19974	Fabled Ring of Fortitude
19975	Fabled Ring of Warding
19976	Fabled Ring of Reflex
19977	Fabled Ring of Vigour
19978	Fabled Ring of Willpower
19979	Grand Ring of Swords
19980	Grand Ring of Hammers
19981	Grand Ring of Axes
19982	Grand Ring of Staffs
19983	Grand Ring of Daggers
19984	Grand Ring of Wands
19985	Grand Ring of Bows
19986	Grand Ring of Combat
19987	Grand Ring of Archery
19988	Grand Ring of Physical Fitness
19989	Grand Ring of Earth
19990	Grand Ring of Cunning
19991	Grand Ring of Snow
19992	Grand Ring of Flame
19993	Grand Ring of Medicine
19994	Grand Ring of Spears
19995	Grand Ring of Totems
19996	Grand Ring of Novelty
19997	Grand Ring of Pugilism
19998	Grand Ring of Fortitude
19999	Grand Ring of Warding
20000	Grand Ring of Reflex
20001	Grand Ring of Vigour
20002	Grand Ring of Willpower
20003	Royal Ring of Swords
20004	Royal Ring of Hammers
20005	Royal Ring of Axes
20006	Royal Ring of Staffs
20007	Royal Ring of Daggers
20008	Royal Ring of Wands
20009	Royal Ring of Bows
20010	Royal Ring of Combat
20011	Royal Ring of Archery
20012	Royal Ring of Physical Fitness
20013	Royal Ring of Earth
20014	Royal Ring of Cunning
20015	Royal Ring of Snow
20016	Royal Ring of Flame
20017	Royal Ring of Medicine
20018	Royal Ring of Spears
20019	Royal Ring of Totems
20020	Royal Ring of Novelty
20021	Royal Ring of Pugilism
20022	Royal Ring of Fortitude
20023	Royal Ring of Warding
20024	Royal Ring of Reflex
20025	Royal Ring of Vigour
20026	Royal Ring of Willpower
20027	Physical Attack Evasion Ring
20028	Spell Attack Evasion Ring
20029	Movement Attack Evasion Ring
20030	Wounding Attack Evasion Ring
20031	Weakening Attack Evasion Ring
20032	Mental Attack Evasion Ring
20033	Physical Attack Evasion Charm
20034	Spell Attack Evasion Charm
20035	Movement Attack Evasion Charm
20036	Wounding Attack Evasion Charm
20037	Weakening Attack Evasion Charm
20038	Mental Attack Evasion Charm
20039	Starfire Crystal Breastplate
20040	Starfire Crystal Greaves
20041	Starfire Crystal Helm
20042	Starfire Crystal Boots
20043	Starfire Crystal Gauntlets
20044	Starfire Crystal Robe
20045	Starfire Crystal Leggings
20046	Starfire Crystal Circlet
20047	Starfire Crystal Sandals
20048	Starfire Crystal Wristguards
20049	Starfire Crystal Cuirass
20050	Starfire Crystal Legguards
20051	Starfire Crystal Hood
20052	Starfire Crystal Treads
20053	Starfire Crystal Vambraces
20054	Starfire Crystal Gown
20055	Starfire Crystal Skirt
20056	Starfire Crystal Hat
20057	Starfire Crystal Shoes
20058	Starfire Crystal Gloves
20059	Starfire Crystal Jerkin
20060	Starfire Crystal Breeches
20061	Starfire Crystal Cowl
20062	Starfire Crystal Footguards
20063	Starfire Crystal Handwraps
20064	Starfire Crystal Warblade
20065	Starfire Crystal Splitter
20066	Starfire Crystal Cleaver
20067	Starfire Crystal Bow
20068	Starfire Crystal Knuckleblade
20069	Starfire Crystal Crusher
20070	Starfire Crystal Hammer
20071	Starfire Crystal Battlestave
20072	Starfire Crystal Longblade
20073	Starfire Crystal Icon
20074	Starfire Crystal Cane
20075	Starfire Crystal Quickblade
20076	Starfire Crystal Pike
20077	Starfire Crystal Quickspike
20078	Starfire Crystal Knucklespike
20079	Starfire Crystal Shield
20080	Blackstone Crystal Breastplate
20081	Blackstone Crystal Greaves
20082	Blackstone Crystal Helm
20083	Blackstone Crystal Boots
20084	Blackstone Crystal Gauntlets
20085	Blackstone Crystal Robe
20086	Blackstone Crystal Leggings
20087	Blackstone Crystal Circlet
20088	Blackstone Crystal Sandals
20089	Blackstone Crystal Wristguards
20090	Blackstone Crystal Cuirass
20091	Blackstone Crystal Legguards
20092	Blackstone Crystal Hood
20093	Blackstone Crystal Treads
20094	Blackstone Crystal Vambraces
20095	Blackstone Crystal Gown
20096	Blackstone Crystal Skirt
20097	Blackstone Crystal Hat
20098	Blackstone Crystal Shoes
20099	Blackstone Crystal Gloves
20100	Blackstone Crystal Jerkin
20101	Blackstone Crystal Breeches
20102	Blackstone Crystal Cowl
20103	Blackstone Crystal Footguards
20104	Blackstone Crystal Handwraps
20105	Blackstone Crystal Warblade
20106	Blackstone Crystal Splitter
20107	Blackstone Crystal Cleaver
20108	Blackstone Crystal Bow
20109	Blackstone Crystal Knuckleblade
20110	Blackstone Crystal Crusher
20111	Blackstone Crystal Hammer
20112	Blackstone Crystal Battlestave
20113	Blackstone Crystal Longblade
20114	Blackstone Crystal Icon
20115	Blackstone Crystal Cane
20116	Blackstone Crystal Quickblade
20117	Blackstone Crystal Pike
20118	Blackstone Crystal Quickspike
20119	Blackstone Crystal Knucklespike
20120	Blackstone Crystal Shield
20122	Springleaf
20123	Summerleaf
20124	Autumnleaf
20125	Winterleaf
20126	Meteor Upgrade Token (gloves)
20127	Meteor Upgrade Token (boots)
20128	Meteor Upgrade Token (helmet)
20129	Meteor Upgrade Token (legs)
20130	Meteor Upgrade Token (body)
20131	Meteor Upgrade Drop (warrior)
20132	Meteor Upgrade Drop (ranger)
20133	Meteor Upgrade Drop (rogue)
20134	Meteor Upgrade Drop (mage)
20135	Meteor Upgrade Drop (druid)
20136	Black Suit
20137	Black Dress Shoes
20138	Black Ballgown
20139	Black Dance Shoes
20140	Dark Blue Suit
20141	Dark Blue Dress Shoes
20142	Dark Blue Ballgown
20143	Dark Blue Dance Shoes
20144	Green Suit
20145	Green Dress Shoes
20146	Green Ballgown
20147	Green Dance Shoes
20148	Grey Suit
20149	Grey Dress Shoes
20150	Grey Ballgown
20151	Grey Dance Shoes
20152	Light Blue Suit
20153	Light Blue Dress Shoes
20154	Light Blue Ballgown
20155	Light Blue Dance Shoes
20156	Pink Suit
20157	Pink Dress Shoes
20158	Pink Ballgown
20159	Pink Dance Shoes
20160	Purple Suit
20161	Purple Dress Shoes
20162	Purple Ballgown
20163	Purple Dance Shoes
20164	Red Suit
20165	Red Dress Shoes
20166	Red Ballgown
20167	Red Dance Shoes
20168	Tartan Suit
20169	Dusky Dress Shoes
20170	Tartan Ballgown
20171	Dusky Dance Shoes
20172	White Suit
20173	White Dress Shoes
20174	White Ballgown
20175	White Dance Shoes
20176	Yellow Suit
20177	Yellow Dress Shoes
20178	Yellow Ballgown
20179	Yellow Dance Shoes
20180	Meteor Upgrade Token (weapon)
20181	Rosethorn Quartz Sabre
20182	Rosethorn Quartz Quickaxe
20183	Rosethorn Quartz Bludgeon
20184	Tranquil Quartz Sabre
20185	Tranquil Quartz Quickaxe
20186	Tranquil Quartz Bludgeon
20187	Sunburst Quartz Sabre
20188	Sunburst Quartz Quickaxe
20189	Sunburst Quartz Bludgeon
20190	Verdant Quartz Sabre
20191	Verdant Quartz Quickaxe
20192	Verdant Quartz Bludgeon
20193	Skygem Quartz Sabre
20194	Skygem Quartz Quickaxe
20195	Skygem Quartz Bludgeon
20196	Nebula Diamond Sabre
20197	Nebula Diamond Quickaxe
20198	Nebula Diamond Bludgeon
20199	Regal Diamond Sabre
20200	Regal Diamond Quickaxe
20201	Regal Diamond Bludgeon
20202	Chromos Diamond Sabre
20203	Chromos Diamond Quickaxe
20204	Chromos Diamond Bludgeon
20205	Deepfall Diamond Sabre
20206	Deepfall Diamond Quickaxe
20207	Deepfall Diamond Bludgeon
20208	Battlemist Diamond Sabre
20209	Battlemist Diamond Quickaxe
20210	Battlemist Diamond Bludgeon
20211	Starfire Crystal Sabre
20212	Starfire Crystal Quickaxe
20213	Starfire Crystal Bludgeon
20214	Blackstone Crystal Sabre
20215	Blackstone Crystal Quickaxe
20216	Blackstone Crystal Bludgeon
20217	Ragged Shirt
20218	Ragged Leggings
20219	Ragged Hat
20220	Ragged Shoes
20221	Ragged Gloves
20222	Silver Battlemagic Helm
20223	Golden Warmagic Helm
20224	Faerie Warblade of Fire
20225	Faerie Splitter of Fire
20226	Faerie Cleaver of Fire
20227	Faerie Bow of Fire
20228	Faerie Knuckleblade of Fire
20229	Faerie Crusher of Fire
20230	Faerie Hammer of Fire
20231	Faerie Battlestave of Fire
20232	Faerie Longblade of Fire
20233	Faerie Icon of Fire
20234	Faerie Cane of Fire
20235	Faerie Quickblade of Fire
20236	Faerie Pike of Fire
20237	Faerie Warblade of Fire
20238	Faerie Splitter of Fire
20239	Faerie Cleaver of Fire
20240	Faerie Bow of Fire
20241	Faerie Knuckleblade of Fire
20242	Faerie Crusher of Fire
20243	Faerie Hammer of Fire
20244	Faerie Battlestave of Fire
20245	Faerie Longblade of Fire
20246	Faerie Icon of Fire
20247	Faerie Cane of Fire
20248	Faerie Quickblade of Fire
20249	Faerie Pike of Fire
20250	Faerie Warblade of Fire
20251	Faerie Splitter of Fire
20252	Faerie Cleaver of Fire
20253	Faerie Bow of Fire
20254	Faerie Knuckleblade of Fire
20255	Faerie Crusher of Fire
20256	Faerie Hammer of Fire
20257	Faerie Battlestave of Fire
20258	Faerie Longblade of Fire
20259	Faerie Icon of Fire
20260	Faerie Cane of Fire
20261	Faerie Quickblade of Fire
20262	Faerie Pike of Fire
20263	Faerie Warblade of Flames
20264	Faerie Splitter of Flames
20265	Faerie Cleaver of Flames
20266	Faerie Bow of Flames
20267	Faerie Knuckleblade of Flames
20268	Faerie Crusher of Flames
20269	Faerie Hammer of Flames
20270	Faerie Battlestave of Flames
20271	Faerie Longblade of Flames
20272	Faerie Icon of Flames
20273	Faerie Cane of Flames
20274	Faerie Quickblade of Flames
20275	Faerie Pike of Flames
20276	Faerie Warblade of Flames
20277	Faerie Splitter of Flames
20278	Faerie Cleaver of Flames
20279	Faerie Bow of Flames
20280	Faerie Knuckleblade of Flames
20281	Faerie Crusher of Flames
20282	Faerie Hammer of Flames
20283	Faerie Battlestave of Flames
20284	Faerie Longblade of Flames
20285	Faerie Icon of Flames
20286	Faerie Cane of Flames
20287	Faerie Quickblade of Flames
20288	Faerie Pike of Flames
20289	Faerie Warblade of Flames
20290	Faerie Splitter of Flames
20291	Faerie Cleaver of Flames
20292	Faerie Bow of Flames
20293	Faerie Knuckleblade of Flames
20294	Faerie Crusher of Flames
20295	Faerie Hammer of Flames
20296	Faerie Battlestave of Flames
20297	Faerie Longblade of Flames
20298	Faerie Icon of Flames
20299	Faerie Cane of Flames
20300	Faerie Quickblade of Flames
20301	Faerie Pike of Flames
20302	Faerie Warblade of Snow
20303	Faerie Splitter of Snow
20304	Faerie Cleaver of Snow
20305	Faerie Bow of Snow
20306	Faerie Knuckleblade of Snow
20307	Faerie Crusher of Snow
20308	Faerie Hammer of Snow
20309	Faerie Battlestave of Snow
20310	Faerie Longblade of Snow
20311	Faerie Icon of Snow
20312	Faerie Cane of Snow
20313	Faerie Quickblade of Snow
20314	Faerie Pike of Snow
20315	Faerie Warblade of Snow
20316	Faerie Splitter of Snow
20317	Faerie Cleaver of Snow
20318	Faerie Bow of Snow
20319	Faerie Knuckleblade of Snow
20320	Faerie Crusher of Snow
20321	Faerie Hammer of Snow
20322	Faerie Battlestave of Snow
20323	Faerie Longblade of Snow
20324	Faerie Icon of Snow
20325	Faerie Cane of Snow
20326	Faerie Quickblade of Snow
20327	Faerie Pike of Snow
20328	Faerie Warblade of Snow
20329	Faerie Splitter of Snow
20330	Faerie Cleaver of Snow
20331	Faerie Bow of Snow
20332	Faerie Knuckleblade of Snow
20333	Faerie Crusher of Snow
20334	Faerie Hammer of Snow
20335	Faerie Battlestave of Snow
20336	Faerie Longblade of Snow
20337	Faerie Icon of Snow
20338	Faerie Cane of Snow
20339	Faerie Quickblade of Snow
20340	Faerie Pike of Snow
20341	Faerie Warblade of Blizzards
20342	Faerie Splitter of Blizzards
20343	Faerie Cleaver of Blizzards
20344	Faerie Bow of Blizzards
20345	Faerie Knuckleblade of Blizzards
20346	Faerie Crusher of Blizzards
20347	Faerie Hammer of Blizzards
20348	Faerie Battlestave of Blizzards
20349	Faerie Longblade of Blizzards
20350	Faerie Icon of Blizzards
20351	Faerie Cane of Blizzards
20352	Faerie Quickblade of Blizzards
20353	Faerie Pike of Blizzards
20354	Faerie Warblade of Blizzards
20355	Faerie Splitter of Blizzards
20356	Faerie Cleaver of Blizzards
20357	Faerie Bow of Blizzards
20358	Faerie Knuckleblade of Blizzards
20359	Faerie Crusher of Blizzards
20360	Faerie Hammer of Blizzards
20361	Faerie Battlestave of Blizzards
20362	Faerie Longblade of Blizzards
20363	Faerie Icon of Blizzards
20364	Faerie Cane of Blizzards
20365	Faerie Quickblade of Blizzards
20366	Faerie Pike of Blizzards
20367	Faerie Warblade of Blizzards
20368	Faerie Splitter of Blizzards
20369	Faerie Cleaver of Blizzards
20370	Faerie Bow of Blizzards
20371	Faerie Knuckleblade of Blizzards
20372	Faerie Crusher of Blizzards
20373	Faerie Hammer of Blizzards
20374	Faerie Battlestave of Blizzards
20375	Faerie Longblade of Blizzards
20376	Faerie Icon of Blizzards
20377	Faerie Cane of Blizzards
20378	Faerie Quickblade of Blizzards
20379	Faerie Pike of Blizzards
20380	Faerie Warblade of Storms
20381	Faerie Splitter of Storms
20382	Faerie Cleaver of Storms
20383	Faerie Bow of Storms
20384	Faerie Knuckleblade of Storms
20385	Faerie Crusher of Storms
20386	Faerie Hammer of Storms
20387	Faerie Battlestave of Storms
20388	Faerie Longblade of Storms
20389	Faerie Icon of Storms
20390	Faerie Cane of Storms
20391	Faerie Quickblade of Storms
20392	Faerie Pike of Storms
20393	Faerie Warblade of Storms
20394	Faerie Splitter of Storms
20395	Faerie Cleaver of Storms
20396	Faerie Bow of Storms
20397	Faerie Knuckleblade of Storms
20398	Faerie Crusher of Storms
20399	Faerie Hammer of Storms
20400	Faerie Battlestave of Storms
20401	Faerie Longblade of Storms
20402	Faerie Icon of Storms
20403	Faerie Cane of Storms
20404	Faerie Quickblade of Storms
20405	Faerie Pike of Storms
20406	Faerie Warblade of Storms
20407	Faerie Splitter of Storms
20408	Faerie Cleaver of Storms
20409	Faerie Bow of Storms
20410	Faerie Knuckleblade of Storms
20411	Faerie Crusher of Storms
20412	Faerie Hammer of Storms
20413	Faerie Battlestave of Storms
20414	Faerie Longblade of Storms
20415	Faerie Icon of Storms
20416	Faerie Cane of Storms
20417	Faerie Quickblade of Storms
20418	Faerie Pike of Storms
20419	Faerie Warblade of Tempests
20420	Faerie Splitter of Tempests
20421	Faerie Cleaver of Tempests
20422	Faerie Bow of Tempests
20423	Faerie Knuckleblade of Tempests
20424	Faerie Crusher of Tempests
20425	Faerie Hammer of Tempests
20426	Faerie Battlestave of Tempests
20427	Faerie Longblade of Tempests
20428	Faerie Icon of Tempests
20429	Faerie Cane of Tempests
20430	Faerie Quickblade of Tempests
20431	Faerie Pike of Tempests
20432	Faerie Warblade of Tempests
20433	Faerie Splitter of Tempests
20434	Faerie Cleaver of Tempests
20435	Faerie Bow of Tempests
20436	Faerie Knuckleblade of Tempests
20437	Faerie Crusher of Tempests
20438	Faerie Hammer of Tempests
20439	Faerie Battlestave of Tempests
20440	Faerie Longblade of Tempests
20441	Faerie Icon of Tempests
20442	Faerie Cane of Tempests
20443	Faerie Quickblade of Tempests
20444	Faerie Pike of Tempests
20445	Faerie Warblade of Tempests
20446	Faerie Splitter of Tempests
20447	Faerie Cleaver of Tempests
20448	Faerie Bow of Tempests
20449	Faerie Knuckleblade of Tempests
20450	Faerie Crusher of Tempests
20451	Faerie Hammer of Tempests
20452	Faerie Battlestave of Tempests
20453	Faerie Longblade of Tempests
20454	Faerie Icon of Tempests
20455	Faerie Cane of Tempests
20456	Faerie Quickblade of Tempests
20457	Faerie Pike of Tempests
20458	Onyx Warblade
20459	Onyx Splitter
20460	Onyx Cleaver
20461	Onyx Bow
20462	Onyx Knuckleblade
20463	Onyx Crusher
20464	Onyx Hammer
20465	Onyx Battlestave
20466	Onyx Longblade
20467	Onyx Icon
20468	Onyx Cane
20469	Onyx Quickblade
20470	Onyx Pike
20471	Obsidian Warblade
20472	Obsidian Splitter
20473	Obsidian Cleaver
20474	Obsidian Bow
20475	Obsidian Knuckleblade
20476	Obsidian Crusher
20477	Obsidian Hammer
20478	Obsidian Battlestave
20479	Obsidian Longblade
20480	Obsidian Icon
20481	Obsidian Cane
20482	Obsidian Quickblade
20483	Obsidian Pike
20484	Frozen Meteoric Sword
20485	Frozen Meteoric Bow
20486	Frozen Meteoric Dagger
20487	Frozen Meteoric Wand
20488	Frozen Meteoric Totem
20489	Frozen Astral Breastplate
20490	Frozen Astral Greaves
20491	Frozen Astral Helm
20492	Frozen Astral Boots
20493	Frozen Astral Gauntlets
20494	Frozen Lunar Cuirass
20495	Frozen Lunar Greaves
20496	Frozen Lunar Hood
20497	Frozen Lunar Boots
20498	Frozen Lunar Gauntlets
20499	Frozen Zodiac Jerkin
20500	Frozen Zodiac Breeches
20501	Frozen Zodiac Hood
20502	Frozen Zodiac Boots
20503	Frozen Zodiac Gloves
20504	Frozen Cosmic Robe
20505	Frozen Cosmic Leggings
20506	Frozen Cosmic Cowl
20507	Frozen Cosmic Sandals
20508	Frozen Cosmic Gloves
20509	Frozen Celestial Gown
20510	Frozen Celestial Skirt
20511	Frozen Celestial Cowl
20512	Frozen Celestial Shoes
20513	Frozen Celestial Gloves
20514	Orb of Frostweaving
20515	Yellow Orb of Frostweaving
20516	Purple Orb of Frostweaving
20517	Green Orb of Frostweaving
20518	Blue Orb of Frostweaving
20519	Red Crest of the Bear
20520	Red Crest of the Stag
20521	Red Crest of the Hawk
20522	Red Crest of the Hound
20523	Red Crest of the Serpent
20524	Red Crest of the Lion
20525	Yellow Crest of the Bear
20526	Yellow Crest of the Stag
20527	Yellow Crest of the Hawk
20528	Yellow Crest of the Hound
20529	Yellow Crest of the Serpent
20530	Yellow Crest of the Lion
20531	Purple Crest of the Bear
20532	Purple Crest of the Stag
20533	Purple Crest of the Hawk
20534	Purple Crest of the Hound
20535	Purple Crest of the Serpent
20536	Purple Crest of the Lion
20537	Green Crest of the Bear
20538	Green Crest of the Stag
20539	Green Crest of the Hawk
20540	Green Crest of the Hound
20541	Green Crest of the Serpent
20542	Green Crest of the Lion
20543	Blue Crest of the Bear
20544	Blue Crest of the Stag
20545	Blue Crest of the Hawk
20546	Blue Crest of the Hound
20547	Blue Crest of the Serpent
20548	Blue Crest of the Lion
20549	Red Party Hat 2012
20550	Sultan's White Carpet
20552	Barbarian Horned Helm
20553	Barbarian Crown
20554	Blue Trident
20555	Spicy Cake
20556	Sparkly Cake
20557	Glowing Cake
20558	Yellow Party Hat 2012
20559	Blue Party Hat 2012
20560	Green Party Hat 2012
20561	Pink Party Hat 2012
20562	Orange Party Hat 2012
20563	Turquoise Party Hat 2012
20564	White Party Hat 2012
20565	Purple Party Hat 2012
20566	Black Party Hat 2012
20567	Lime Green Party Hat 2012
20568	Navy Party Hat 2012
20569	Balloon Loot
20570	Green Birthday Present 2012
20571	Bronze Cone Helm
20572	Silver Cone Helm
20573	Golden Cone Helm
20574	Red Balloon 2012
20575	Blue Balloon 2012
20576	Yellow Balloon 2012
20577	Smokey Cake
20578	Red Birthday Present 2012
20579	Sapphire Scale
20580	Ruby Scale
20581	Crystal Iris
20582	Gemstone Core
20583	Crystal Reliquary
20584	Gemroot Branch
20585	Grand Sapphire Scale
20586	Grand Ruby Scale
20587	Grand Crystal Iris
20588	Grand Gemstone Core
20589	Grand Crystal Reliquary
20590	Grand Gemroot Branch
20591	Perfect Sapphire Scale
20592	Perfect Ruby Scale
20593	Perfect Crystal Iris
20594	Perfect Gemstone Core
20595	Perfect Crystal Reliquary
20596	Perfect Gemroot Branch
20599	Blue Trident Offhand
20601	Leaf Faerie Charm
20602	Female Faerie Costume
20603	Crookback Soldier Charm
20604	Crookback Assassin Charm
20605	Crookback Hunter Charm
20606	Crookback Mystic Charm
20607	Crookback Shaman Charm
20608	Crookback Gladiator Charm
20609	Crookback Grunt Charm
20610	Crookback Peon Charm
20650	Tooth of Aggragoth
20694	Blue Dress Gloves
20695	Black Dress Gloves
20696	Dark Blue Dress Gloves
20697	Green Dress Gloves
20698	Grey Dress Gloves
20699	Light Blue Dress Gloves
20700	Pink Dress Gloves
20701	Purple Dress Gloves
20702	Red Dress Gloves
20703	Tartan Dress Gloves
20704	White Dress Gloves
20705	Yellow Dress Gloves
20715	Nomad's Yellow Carpet
20716	Nomad's Green Carpet
20717	Nomad's Pink Carpet
20718	Nomad's Turquoise Carpet
20719	Nomad's Blue Carpet
20720	Nomad's Purple Carpet
20721	Nomad's Red Carpet
20722	Nomad's Black Carpet
20723	OLD CARPET
20724	OLD CARPET
20725	OLD CARPET
20800	Revenant Ring of Regeneration
20801	Revenant Ring of Energisation
20802	Revenant Bracelet of Regeneration
20803	Revenant Bracelet of Revitalisation
20804	Revenant Bracelet of Energisation
20805	Revenant Bracelet of Invigoration
20806	Acolyte's Grimoire
20807	Sage's Grimoire
20808	Master's Grimoire
20809	Orb of Spirit
20810	Mystic Orb of Spirit
20811	Arcane Orb of Spirit
20812	Shield of the Mountain
20813	Courtly Shield of the Mountain
20814	Royal Shield of the Mountain
20815	Shield of the Wind
20816	Courtly Shield of the Wind
20817	Royal Shield of the Wind
20818	Bronze Blade of Fire
20819	Silver Blade of Fire
20820	Golden Blade of Fire
20821	Bronze Blade of Ice
20822	Silver Blade of Ice
20823	Golden Blade of Ice
20824	Bronze Blade of Magic
20825	Silver Blade of Magic
20826	Golden Blade of Magic
20827	OLD
20828	OLD
20829	OLD
20830	OLD
20831	OLD
20832	OLD
20833	Bronze Helm of Prowess
20834	Silver Helm of Prowess
20835	Golden Helm of Prowess
20836	Bronze Helm of Regeneration
20837	Silver Helm of Regeneration
20838	Golden Helm of Regeneration
20839	OLD
20840	OLD
20841	OLD
20842	Bronze Crown of Wizardry
20843	Silver Crown of Wizardry
20844	Golden Crown of Wizardry
20845	Bronze Crown of Energisation
20846	Silver Crown of Energisation
20847	Golden Crown of Energisation
20848	Bronze Trident of Fire
20849	Silver Trident of Fire
20850	Golden Trident of Fire
20851	Bronze Trident of Ice
20852	Silver Trident of Ice
20853	Golden Trident of Ice
20854	Bronze Trident of Magic
20855	Silver Trident of Magic
20856	Golden Trident of Magic
20857	Bronze Quiver of Fire
20858	Silver Quiver of Fire
20859	Golden Quiver of Fire
20860	Bronze Quiver of Ice
20861	Silver Quiver of Ice
20862	Golden Quiver of Ice
20863	Bronze Quiver of Magic
20864	Silver Quiver of Magic
20865	Golden Quiver of Magic
20866	Bronze Dagger of Venom
20867	Silver Dagger of Venom
20868	Golden Dagger of Venom
20869	Revenant Bracelet of Invigoration
20870	Bronze Helm of Intensity
20871	Silver Helm of Intensity
20872	Golden Helm of Intensity
20873	Bronze Helm of Severity
20874	Silver Helm of Severity
20875	Golden Helm of Severity
20876	Blue Faerie Princess Charm
20877	Green Faerie Princess Charm
20878	Pink Faerie Princess Charm
20879	Purple Faerie Princess Charm
20880	Turquoise Faerie Princess Charm
20881	Yellow Faerie Princess Charm
20882	Faerie Queen Charm
20883	Wanderer's Yellow Carpet
20884	Wanderer's Green Carpet
20885	Wanderer's Pink Carpet
20886	Wanderer's Turquoise Carpet
20887	Wanderer's Blue Carpet
20888	Wanderer's Purple Carpet
20889	Wanderer's Red Carpet
20890	Wanderer's Black Carpet
20891	Weaver's Yellow Carpet
20892	Weaver's Green Carpet
20893	Weaver's Pink Carpet
20894	Weaver's Turquoise Carpet
20895	Weaver's Blue Carpet
20896	Weaver's Purple Carpet
20897	Weaver's Red Carpet
20898	Weaver's Black Carpet
20899	Noble's Yellow Carpet
20900	Noble's Green Carpet
20901	Noble's Pink Carpet
20902	Noble's Turquoise Carpet
20903	Noble's Blue Carpet
20904	Noble's Purple Carpet
20905	Noble's Red Carpet
20906	Noble's Black Carpet
20907	Sultan's Yellow Carpet
20908	Sultan's Green Carpet
20909	Sultan's Pink Carpet
20910	Sultan's Turquoise Carpet
20911	Sultan's Blue Carpet
20912	Sultan's Purple Carpet
20913	Sultan's Red Carpet
20914	Sultan's Black Carpet
20915	Sparkling Blue Faerie Princess Charm
20916	Sparkling Green Faerie Princess Charm
20917	Sparkling Pink Faerie Princess Charm
20918	Sparkling Purple Faerie Princess Charm
20919	Sparkling Turquoise Faerie Princess Charm
20920	Sparkling Yellow Faerie Princess Charm
20921	Blue Faerie Queen Charm
20922	Green Faerie Queen Charm
20923	Pink Faerie Queen Charm
20924	Purple Faerie Queen Charm
20925	Turquoise Faerie Queen Charm
20926	White Faerie Queen Charm
20927	Sparkling Blue Faerie Queen Charm
20928	Sparkling Green Faerie Queen Charm
20929	Sparkling Pink Faerie Queen Charm
20930	Sparkling Purple Faerie Queen Charm
20931	Sparkling Turquoise Faerie Queen Charm
20932	Sparkling White Faerie Queen Charm
20933	OLD
20934	Minor Wyrmclaw Bracelet
20935	Major Wyrmclaw Bracelet
20936	Royal Wyrmclaw Bracelet
20937	Imperial Wyrmclaw Bracelet
20938	Godly Wyrmclaw Bracelet
20939	Toadwort
20940	Alder Branch
20941	Hornleaf
20942	Toady Chew
20943	Swamp Boots
20944	Red Mask of Lugh
20945	Pink Mask of Lugh
20946	Orange Mask of Lugh
20947	Yellow Mask of Lugh
20948	Green Mask of Lugh
20949	Turquoise Mask of Lugh
20950	Blue Mask of Lugh
20951	Purple Mask of Lugh
20952	Sunflower Wand
20953	Pink Wand of Summer
20954	Orange Wand of Summer
20955	Yellow Wand of Summer
20956	Green Wand of Summer
20957	Turquoise Wand of Summer
20958	Blue Wand of Summer
20959	Purple Wand of Summer
20960	Enforcer's Red Mask
20961	Enforcer's Pink Mask
20962	Enforcer's Orange Mask
20963	Enforcer's Yellow Mask
20964	Enforcer's Green Mask
20965	Enforcer's Turquoise Mask
20966	Enforcer's Blue Mask
20967	Enforcer's Purple Mask
20968	Green Sunstone
20969	Yellow Sunstone
20970	Lesser Midsummer Gloves
20971	Lesser Midsummer Shoes
20972	Lesser Midsummer Hood
20973	Lesser Midsummer Leggings
20974	Lesser Midsummer Jerkin
20975	Greater Midsummer Gloves
20976	Greater Midsummer Shoes
20977	Greater Midsummer Hood
20978	Greater Midsummer Leggings
20979	Greater Midsummer Jerkin
20980	Lesser Solstice Gauntlets
20981	Lesser Solstice Boots
20982	Lesser Solstice Helm
20983	Lesser Solstice Greaves
20984	Lesser Solstice Breastplate
20985	Seer's Red Mask
20986	Seer's Pink Mask
20987	Seer's Orange Mask
20988	Seer's Yellow Mask
20989	Seer's Green Mask
20990	Seer's Turquoise Mask
20991	Seer's Blue Mask
20992	Seer's Purple Mask
20993	Troubador's Red Mask
20994	Troubador's Pink Mask
20995	Troubador's Orange Mask
20996	Troubador's Yellow Mask
20997	Troubador's Green Mask
20998	Troubador's Turquoise Mask
20999	Troubador's Blue Mask
21000	Troubador's Purple Mask
21001	Vanguard's Red Mask
21002	Vanguard's Pink Mask
21003	Vanguard's Orange Mask
21004	Vanguard's Yellow Mask
21005	Vanguard's Green Mask
21006	Vanguard's Turquoise Mask
21007	Vanguard's Blue Mask
21008	Vanguard's Purple Mask
21009	Veteran's Red Mask
21010	Veteran's Pink Mask
21011	Veteran's Orange Mask
21012	Veteran's Yellow Mask
21013	Veteran's Green Mask
21014	Veteran's Turquoise Mask
21015	Veteran's Blue Mask
21016	Veteran's Purple Mask
21017	Greater Solstice Gauntlets
21018	Greater Solstice Boots
21019	Greater Solstice Helm
21020	Greater Solstice Greaves
21021	Greater Solstice Breastplate
21022	Lesser Earthstone Gauntlets
21023	Lesser Earthstone Boots
21024	Lesser Earthstone Helm
21025	Lesser Earthstone Greaves
21026	Lesser Earthstone Breastplate
21027	Greater Earthstone Gauntlets
21028	Greater Earthstone Boots
21029	Greater Earthstone Helm
21030	Greater Earthstone Greaves
21031	Greater Earthstone Breastplate
21032	Radiant Earthstone Gauntlets
21033	Radiant Earthstone Boots
21034	Radiant Earthstone Helm
21035	Radiant Earthstone Greaves
21036	Radiant Earthstone Breastplate
21037	Lesser Midsummer Willow Ring
21038	Greater Midsummer Willow Ring
21039	Lesser Solstice Willow Ring
21040	Greater Solstice Willow Ring
21041	Lesser Earthstone Willow Ring
21042	Greater Earthstone Willow Ring
21043	Radiant Earthstone Willow Ring
21044	Lesser Midsummer Birch Ring
21045	Greater Midsummer Birch Ring
21046	Lesser Solstice Birch Ring
21047	Greater Solstice Birch Ring
21048	Lesser Earthstone Birch Ring
21049	Greater Earthstone Birch Ring
21050	Radiant Earthstone Birch Ring
21051	Lesser Midsummer Oak Bracelet
21052	Greater Midsummer Oak Bracelet
21053	Lesser Solstice Oak Bracelet
21054	Greater Solstice Oak Bracelet
21055	Lesser Earthstone Oak Bracelet
21056	Greater Earthstone Oak Bracelet
21057	Radiant Earthstone Oak Bracelet
21058	Lesser Midsummer Yew Bracelet
21059	Greater Midsummer Yew Bracelet
21060	Lesser Solstice Yew Bracelet
21061	Greater Solstice Yew Bracelet
21062	Lesser Earthstone Yew Bracelet
21063	Greater Earthstone Yew Bracelet
21064	Radiant Earthstone Yew Bracelet
21065	Lesser Midsummer Blackthorn Necklace
21066	Greater Midsummer Blackthorn Necklace
21067	Lesser Solstice Blackthorn Necklace
21068	Greater Solstice Blackthorn Necklace
21069	Lesser Earthstone Blackthorn Necklace
21070	Greater Earthstone Blackthorn Necklace
21071	Radiant Earthstone Blackthorn Necklace
21072	White Mask of Lugh
21073	Black Mask of Lugh
21074	Enforcer's White Mask
21075	Enforcer's Black Mask
21076	Cabal Mask
21077	Minor Dragon Ring of Bandage Wounds
21078	Minor Dragon Ring of Recuperate
21079	Minor Dragon Ring of Meditate
21080	Minor Dragon Ring of Pummel
21081	Minor Dragon Ring of Giant Swing
21082	Minor Dragon Ring of Sweeping Blow
21083	Minor Dragon Ring of Enduring Guard
21084	Minor Dragon Ring of Shield Bash
21085	Minor Dragon Ring of Protective Stance
21086	Minor Dragon Ring of Taunt
21087	Minor Dragon Ring of Warcry
21088	Minor Dragon Ring of Frenzy
21089	Minor Dragon Ring of Sneaky Attack
21090	Minor Dragon Ring of Quick Strike
21091	Minor Dragon Ring of Assassinate
21092	Minor Dragon Ring of Rend
21093	Minor Dragon Ring of Poison Weapon
21094	Minor Dragon Ring of Hide
21095	Minor Dragon Ring of Fast Reflex
21096	Minor Dragon Ring of Smoke Bomb
21097	Minor Dragon Ring of Distract
21098	Minor Dragon Ring of Play Dead
21099	Minor Dragon Ring of Sharp Shot
21100	Minor Dragon Ring of Barbed Shot
21101	Minor Dragon Ring of Rapid Shot
21102	Minor Dragon Ring of Steady Aim
21103	Minor Dragon Ring of Defensive Spikes
21104	Minor Dragon Ring of Bolas
21105	Minor Dragon Ring of Camouflage
21106	Minor Dragon Ring of Conceal
21107	Minor Dragon Ring of Light Heal
21108	Minor Dragon Ring of Entangle
21109	Minor Dragon Ring of Fire Bolt
21110	Minor Dragon Ring of Ice Shards
21111	Minor Dragon Ring of Firestorm
21112	Minor Dragon Ring of Incinerate
21113	Minor Dragon Ring of Cloak of Fire
21114	Minor Dragon Ring of Fire Luring
21115	Minor Dragon Ring of Ice Luring
21116	Minor Dragon Ring of Magic Luring
21117	Minor Dragon Ring of Assassins Luring
21118	Minor Dragon Ring of Giants Luring
21119	Minor Dragon Ring of Soldiers Luring
21120	Minor Dragon Ring of Energy Boost
21121	Minor Dragon Ring of Energy Shield
21122	Minor Dragon Ring of Energy Well
21123	Minor Dragon Ring of Sacrifice
21124	Minor Dragon Ring of Freeze
21125	Minor Dragon Ring of Lightning Strike
21126	Minor Dragon Ring of Storm Touch
21127	Minor Dragon Ring of Strangling Vines
21128	Minor Dragon Ring of Grasping Roots
21129	Minor Dragon Ring of Howling Winds
21130	Minor Dragon Ring of Calm
21131	Minor Dragon Ring of Shield of Bark
21132	Minor Dragon Ring of Nature's Touch
21133	Minor Dragon Ring of Nature's Breath
21134	Minor Dragon Ring of Nature's Embrace
21135	Minor Dragon Ring of Abundance
21136	Minor Dragon Ring of Abundant Aura
21137	Minor Dragon Ring of Spring of Life
21138	Minor Dragon Ring of Fire Warding
21139	Minor Dragon Ring of Ice Warding
21140	Minor Dragon Ring of Magic Warding
21141	Minor Dragon Ring of Assassins Warding
21142	Minor Dragon Ring of Giants Warding
21143	Minor Dragon Ring of Soldiers Warding
21144	Major Dragon Ring of Bandage Wounds
21145	Major Dragon Ring of Recuperate
21146	Major Dragon Ring of Meditate
21147	Major Dragon Ring of Pummel
21148	Major Dragon Ring of Giant Swing
21149	Major Dragon Ring of Sweeping Blow
21150	Major Dragon Ring of Enduring Guard
21151	Major Dragon Ring of Shield Bash
21152	Major Dragon Ring of Protective Stance
21153	Major Dragon Ring of Taunt
21154	Major Dragon Ring of Warcry
21155	Major Dragon Ring of Frenzy
21156	Major Dragon Ring of Sneaky Attack
21157	Major Dragon Ring of Quick Strike
21158	Major Dragon Ring of Assassinate
21159	Major Dragon Ring of Rend
21160	Major Dragon Ring of Poison Weapon
21161	Major Dragon Ring of Hide
21162	Major Dragon Ring of Fast Reflex
21163	Major Dragon Ring of Smoke Bomb
21164	Major Dragon Ring of Distract
21165	Major Dragon Ring of Play Dead
21166	Major Dragon Ring of Sharp Shot
21167	Major Dragon Ring of Barbed Shot
21168	Major Dragon Ring of Rapid Shot
21169	Major Dragon Ring of Steady Aim
21170	Major Dragon Ring of Defensive Spikes
21171	Major Dragon Ring of Bolas
21172	Major Dragon Ring of Camouflage
21173	Major Dragon Ring of Conceal
21174	Major Dragon Ring of Light Heal
21175	Major Dragon Ring of Entangle
21176	Major Dragon Ring of Fire Bolt
21177	Major Dragon Ring of Ice Shards
21178	Major Dragon Ring of Firestorm
21179	Major Dragon Ring of Incinerate
21180	Major Dragon Ring of Cloak of Fire
21181	Major Dragon Ring of Fire Luring
21182	Major Dragon Ring of Ice Luring
21183	Major Dragon Ring of Magic Luring
21184	Major Dragon Ring of Assassins Luring
21185	Major Dragon Ring of Giants Luring
21186	Major Dragon Ring of Soldiers Luring
21187	Major Dragon Ring of Energy Boost
21188	Major Dragon Ring of Energy Shield
21189	Major Dragon Ring of Energy Well
21190	Major Dragon Ring of Sacrifice
21191	Major Dragon Ring of Freeze
21192	Major Dragon Ring of Lightning Strike
21193	Major Dragon Ring of Storm Touch
21194	Major Dragon Ring of Strangling Vines
21195	Major Dragon Ring of Grasping Roots
21196	Major Dragon Ring of Howling Winds
21197	Major Dragon Ring of Calm
21198	Major Dragon Ring of Shield of Bark
21199	Major Dragon Ring of Nature's Touch
21200	Major Dragon Ring of Nature's Breath
21201	Major Dragon Ring of Nature's Embrace
21202	Major Dragon Ring of Abundance
21203	Major Dragon Ring of Abundant Aura
21204	Major Dragon Ring of Spring of Life
21205	Major Dragon Ring of Fire Warding
21206	Major Dragon Ring of Ice Warding
21207	Major Dragon Ring of Magic Warding
21208	Major Dragon Ring of Assassins Warding
21209	Major Dragon Ring of Giants Warding
21210	Major Dragon Ring of Soldiers Warding
21211	Grand Dragon Ring of Bandage Wounds
21212	Grand Dragon Ring of Recuperate
21213	Grand Dragon Ring of Meditate
21214	Grand Dragon Ring of Pummel
21215	Grand Dragon Ring of Giant Swing
21216	Grand Dragon Ring of Sweeping Blow
21217	Grand Dragon Ring of Enduring Guard
21218	Grand Dragon Ring of Shield Bash
21219	Grand Dragon Ring of Protective Stance
21220	Grand Dragon Ring of Taunt
21221	Grand Dragon Ring of Warcry
21222	Grand Dragon Ring of Frenzy
21223	Grand Dragon Ring of Sneaky Attack
21224	Grand Dragon Ring of Quick Strike
21225	Grand Dragon Ring of Assassinate
21226	Grand Dragon Ring of Rend
21227	Grand Dragon Ring of Poison Weapon
21228	Grand Dragon Ring of Hide
21229	Grand Dragon Ring of Fast Reflex
21230	Grand Dragon Ring of Smoke Bomb
21231	Grand Dragon Ring of Distract
21232	Grand Dragon Ring of Play Dead
21233	Grand Dragon Ring of Sharp Shot
21234	Grand Dragon Ring of Barbed Shot
21235	Grand Dragon Ring of Rapid Shot
21236	Grand Dragon Ring of Steady Aim
21237	Grand Dragon Ring of Defensive Spikes
21238	Grand Dragon Ring of Bolas
21239	Grand Dragon Ring of Camouflage
21240	Grand Dragon Ring of Conceal
21241	Grand Dragon Ring of Light Heal
21242	Grand Dragon Ring of Entangle
21243	Grand Dragon Ring of Fire Bolt
21244	Grand Dragon Ring of Ice Shards
21245	Grand Dragon Ring of Firestorm
21246	Grand Dragon Ring of Incinerate
21247	Grand Dragon Ring of Cloak of Fire
21248	Grand Dragon Ring of Fire Luring
21249	Grand Dragon Ring of Ice Luring
21250	Grand Dragon Ring of Magic Luring
21251	Grand Dragon Ring of Assassins Luring
21252	Grand Dragon Ring of Giants Luring
21253	Grand Dragon Ring of Soldiers Luring
21254	Grand Dragon Ring of Energy Boost
21255	Grand Dragon Ring of Energy Shield
21256	Grand Dragon Ring of Energy Well
21257	Grand Dragon Ring of Sacrifice
21258	Grand Dragon Ring of Freeze
21259	Grand Dragon Ring of Lightning Strike
21260	Grand Dragon Ring of Storm Touch
21261	Grand Dragon Ring of Strangling Vines
21262	Grand Dragon Ring of Grasping Roots
21263	Grand Dragon Ring of Howling Winds
21264	Grand Dragon Ring of Calm
21265	Grand Dragon Ring of Shield of Bark
21266	Grand Dragon Ring of Nature's Touch
21267	Grand Dragon Ring of Nature's Breath
21268	Grand Dragon Ring of Nature's Embrace
21269	Grand Dragon Ring of Abundance
21270	Grand Dragon Ring of Abundant Aura
21271	Grand Dragon Ring of Spring of Life
21272	Grand Dragon Ring of Fire Warding
21273	Grand Dragon Ring of Ice Warding
21274	Grand Dragon Ring of Magic Warding
21275	Grand Dragon Ring of Assassins Warding
21276	Grand Dragon Ring of Giants Warding
21277	Grand Dragon Ring of Soldiers Warding
21278	Imperial Dragon Ring of Bandage Wounds
21279	Imperial Dragon Ring of Recuperate
21280	Imperial Dragon Ring of Meditate
21281	Imperial Dragon Ring of Pummel
21282	Imperial Dragon Ring of Giant Swing
21283	Imperial Dragon Ring of Sweeping Blow
21284	Imperial Dragon Ring of Enduring Guard
21285	Imperial Dragon Ring of Shield Bash
21286	Imperial Dragon Ring of Protective Stance
21287	Imperial Dragon Ring of Taunt
21288	Imperial Dragon Ring of Warcry
21289	Imperial Dragon Ring of Frenzy
21290	Imperial Dragon Ring of Sneaky Attack
21291	Imperial Dragon Ring of Quick Strike
21292	Imperial Dragon Ring of Assassinate
21293	Imperial Dragon Ring of Rend
21294	Imperial Dragon Ring of Poison Weapon
21295	Imperial Dragon Ring of Hide
21296	Imperial Dragon Ring of Fast Reflex
21297	Imperial Dragon Ring of Smoke Bomb
21298	Imperial Dragon Ring of Distract
21299	Imperial Dragon Ring of Play Dead
21300	Imperial Dragon Ring of Sharp Shot
21301	Imperial Dragon Ring of Barbed Shot
21302	Imperial Dragon Ring of Rapid Shot
21303	Imperial Dragon Ring of Steady Aim
21304	Imperial Dragon Ring of Defensive Spikes
21305	Imperial Dragon Ring of Bolas
21306	Imperial Dragon Ring of Camouflage
21307	Imperial Dragon Ring of Conceal
21308	Imperial Dragon Ring of Light Heal
21309	Imperial Dragon Ring of Entangle
21310	Imperial Dragon Ring of Fire Bolt
21311	Imperial Dragon Ring of Ice Shards
21312	Imperial Dragon Ring of Firestorm
21313	Imperial Dragon Ring of Incinerate
21314	Imperial Dragon Ring of Cloak of Fire
21315	Imperial Dragon Ring of Fire Luring
21316	Imperial Dragon Ring of Ice Luring
21317	Imperial Dragon Ring of Magic Luring
21318	Imperial Dragon Ring of Assassins Luring
21319	Imperial Dragon Ring of Giants Luring
21320	Imperial Dragon Ring of Soldiers Luring
21321	Imperial Dragon Ring of Energy Boost
21322	Imperial Dragon Ring of Energy Shield
21323	Imperial Dragon Ring of Energy Well
21324	Imperial Dragon Ring of Sacrifice
21325	Imperial Dragon Ring of Freeze
21326	Imperial Dragon Ring of Lightning Strike
21327	Imperial Dragon Ring of Storm Touch
21328	Imperial Dragon Ring of Strangling Vines
21329	Imperial Dragon Ring of Grasping Roots
21330	Imperial Dragon Ring of Howling Winds
21331	Imperial Dragon Ring of Calm
21332	Imperial Dragon Ring of Shield of Bark
21333	Imperial Dragon Ring of Nature's Touch
21334	Imperial Dragon Ring of Nature's Breath
21335	Imperial Dragon Ring of Nature's Embrace
21336	Imperial Dragon Ring of Abundance
21337	Imperial Dragon Ring of Abundant Aura
21338	Imperial Dragon Ring of Spring of Life
21339	Imperial Dragon Ring of Fire Warding
21340	Imperial Dragon Ring of Ice Warding
21341	Imperial Dragon Ring of Magic Warding
21342	Imperial Dragon Ring of Assassins Warding
21343	Imperial Dragon Ring of Giants Warding
21344	Imperial Dragon Ring of Soldiers Warding
21345	Godly Dragon Ring of Bandage Wounds
21346	Godly Dragon Ring of Recuperate
21347	Godly Dragon Ring of Meditate
21348	Godly Dragon Ring of Pummel
21349	Godly Dragon Ring of Giant Swing
21350	Godly Dragon Ring of Sweeping Blow
21351	Godly Dragon Ring of Enduring Guard
21352	Godly Dragon Ring of Shield Bash
21353	Godly Dragon Ring of Protective Stance
21354	Godly Dragon Ring of Taunt
21355	Godly Dragon Ring of Warcry
21356	Godly Dragon Ring of Frenzy
21357	Godly Dragon Ring of Sneaky Attack
21358	Godly Dragon Ring of Quick Strike
21359	Godly Dragon Ring of Assassinate
21360	Godly Dragon Ring of Rend
21361	Godly Dragon Ring of Poison Weapon
21362	Godly Dragon Ring of Hide
21363	Godly Dragon Ring of Fast Reflex
21364	Godly Dragon Ring of Smoke Bomb
21365	Godly Dragon Ring of Distract
21366	Godly Dragon Ring of Play Dead
21367	Godly Dragon Ring of Sharp Shot
21368	Godly Dragon Ring of Barbed Shot
21369	Godly Dragon Ring of Rapid Shot
21370	Godly Dragon Ring of Steady Aim
21371	Godly Dragon Ring of Defensive Spikes
21372	Godly Dragon Ring of Bolas
21373	Godly Dragon Ring of Camouflage
21374	Godly Dragon Ring of Conceal
21375	Godly Dragon Ring of Light Heal
21376	Godly Dragon Ring of Entangle
21377	Godly Dragon Ring of Fire Bolt
21378	Godly Dragon Ring of Ice Shards
21379	Godly Dragon Ring of Firestorm
21380	Godly Dragon Ring of Incinerate
21381	Godly Dragon Ring of Cloak of Fire
21382	Godly Dragon Ring of Fire Luring
21383	Godly Dragon Ring of Ice Luring
21384	Godly Dragon Ring of Magic Luring
21385	Godly Dragon Ring of Assassins Luring
21386	Godly Dragon Ring of Giants Luring
21387	Godly Dragon Ring of Soldiers Luring
21388	Godly Dragon Ring of Energy Boost
21389	Godly Dragon Ring of Energy Shield
21390	Godly Dragon Ring of Energy Well
21391	Godly Dragon Ring of Sacrifice
21392	Godly Dragon Ring of Freeze
21393	Godly Dragon Ring of Lightning Strike
21394	Godly Dragon Ring of Storm Touch
21395	Godly Dragon Ring of Strangling Vines
21396	Godly Dragon Ring of Grasping Roots
21397	Godly Dragon Ring of Howling Winds
21398	Godly Dragon Ring of Calm
21399	Godly Dragon Ring of Shield of Bark
21400	Godly Dragon Ring of Nature's Touch
21401	Godly Dragon Ring of Nature's Breath
21402	Godly Dragon Ring of Nature's Embrace
21403	Godly Dragon Ring of Abundance
21404	Godly Dragon Ring of Abundant Aura
21405	Godly Dragon Ring of Spring of Life
21406	Godly Dragon Ring of Fire Warding
21407	Godly Dragon Ring of Ice Warding
21408	Godly Dragon Ring of Magic Warding
21409	Godly Dragon Ring of Assassins Warding
21410	Godly Dragon Ring of Giants Warding
21411	Godly Dragon Ring of Soldiers Warding
21412	Charred Emberhoof
21413	Singed Emberhoof
21414	Rough Emberhoof
21415	Smooth Emberhoof
21416	Pristine Emberhoof
21417	Enchanted Emberhoof
21418	Mystic Firefang Ring
21419	Major Firefang Ring
21420	Superior Firefang Ring
21421	Grand Firefang Ring
21422	Mighty Firefang Ring
21423	Majestic Firefang Ring
21424	Royal Firefang Ring
21425	Imperial Firefang Ring
21426	Godly Firefang Ring
21430	Mystic Coldsteel Ring
21431	Major Coldsteel Ring
21432	Superior Coldsteel Ring
21433	Grand Coldsteel Ring
21434	Mighty Coldsteel Ring
21435	Majestic Coldsteel Ring
21436	Royal Coldsteel Ring
21437	Imperial Coldsteel Ring
21438	Godly Coldsteel Ring
21442	Mystic Stormfist Ring
21443	Major Stormfist Ring
21444	Superior Stormfist Ring
21445	Grand Stormfist Ring
21446	Mighty Stormfist Ring
21447	Majestic Stormfist Ring
21448	Royal Stormfist Ring
21449	Imperial Stormfist Ring
21450	Godly Stormfist Ring
21451	Gladiator's Bracelet of Swords
21452	Gladiator's Bracelet of Axes
21453	Gladiator's Bracelet of Hammers
21454	Agitator's Bracelet of Swords
21455	Agitator's Bracelet of Axes
21456	Agitator's Bracelet of Hammers
21457	Barbarian's Bracelet of Vitality
21458	Barbarian's Bracelet of Strength
21459	Protector's Bracelet of Vitality
21460	Protector's Bracelet of Strength
21461	Marksman's Bracelet of Bows
21462	Marksman's Bracelet of Strength
21463	Marksman's Bracelet of Dexterity
21464	Hunter's Bracelet of Bows
21465	Hunter's Bracelet of Strength
21466	Hunter's Bracelet of Dexterity
21467	Trapper's Bracelet of Strength
21468	Trapper's Bracelet of Dexterity
21469	Vagrant's Bracelet of Dexterity
21470	Vagrant's Bracelet of Strength
21471	Shadow's Bracelet of Strength
21472	Shadow's Bracelet of Dexterity
21473	Shadow's Bracelet of Daggers
21474	Sneak's Bracelet of Strength
21475	Sneak's Bracelet of Dexterity
21476	Poisoner's Bracelet of Strength
21477	Poisoner's Bracelet of Dexterity
21478	Reaper's Bracelet of Dexterity
21479	Reaper's Bracelet of Strength
21480	Reaper's Bracelet of Spears
21481	Firemage's Bracelet of Focus
21482	Firemage's Bracelet of Vitality
21483	Icemage's Bracelet of Focus
21484	Icemage's Bracelet of Vitality
21485	Battlemage's Bracelet of Wands
21486	Battlemage's Bracelet of Focus
21487	Battlemage's Bracelet of Vitality
21488	Conjurer's Bracelet of Wands
21489	Conjurer's Bracelet of Focus
21490	Conjurer's Bracelet of Vitality
21491	Healer's Bracelet of Totems
21492	Healer's Bracelet of Focus
21493	Healer's Bracelet of Vitality
21494	Enchanter's Bracelet of Staves
21495	Enchanter's Bracelet of Focus
21496	Enchanter's Bracelet of Vitality
21497	Tempest's Bracelet of Focus
21498	Tempest's Bracelet of Vitality
21499	Spiritcaller's Bracelet of Totems
21500	Spiritcaller's Bracelet of Staves
21501	Seer's White Mask
21502	Troubador's White Mask
21503	Vanguard's White Mask
21504	Veteran's White Mask
21505	Seer's Black Mask
21506	Troubador's Black Mask
21507	Vanguard's Black Mask
21508	Veteran's Black Mask
21509	Minor Wyrmfang Bracelet
21510	Major Wyrmfang Bracelet
21511	Royal Wyrmfang Bracelet
21512	Imperial Wyrmfang Bracelet
21513	Godly Wyrmfang Bracelet
21514	Minor Wyrmscale Bracelet
21515	Major Wyrmscale Bracelet
21516	Royal Wyrmscale Bracelet
21517	Imperial Wyrmscale Bracelet
21518	Godly Wyrmscale Bracelet
21519	Minor Wyrmtail Bracelet
21520	Major Wyrmtail Bracelet
21521	Royal Wyrmtail Bracelet
21522	Imperial Wyrmtail Bracelet
21523	Godly Wyrmtail Bracelet
21524	Lesser Black Trident
21525	Lesser Black Grimoire
21526	Greater Black Trident
21527	Greater Black Grimoire
21528	Dark Trident of Wrath
21529	Shadow Trident of Wrath
21530	Void Trident of Wrath
21531	Dark Trident of Celerity
21532	Shadow Trident of Celerity
21533	Void Trident of Celerity
21534	Dark Trident of Zeal
21535	Shadow Trident of Zeal
21536	Void Trident of Zeal
21537	Dark Grimoire of Flame
21538	Shadow Grimoire of Flame
21539	Void Grimoire of Flame
21540	Dark Grimoire of Frost
21541	Shadow Grimoire of Frost
21542	Void Grimoire of Frost
21543	Dark Grimoire of Magic
21544	Shadow Grimoire of Magic
21545	Void Grimoire of Magic
21546	Dark Grimoire of Health
21547	Shadow Grimoire of Health
21548	Void Grimoire of Health
21549	Tier 1 Green Falchion
21550	Tier 1 Green Battle Axe
21551	Tier 1 Green Flanged Mace
21552	Tier 1 Green Langsax
21553	Tier 1 Green War Bow
21554	Tier 1 Green Sceptre
21555	Tier 1 Green Grand Staff
21556	Tier 1 Green Totem
21557	Tier 1 Blue Falchion
21558	Tier 1 Blue Battle Axe
21559	Tier 1 Blue Flanged Mace
21560	Tier 1 Blue Langsax
21561	Tier 1 Blue War Bow
21562	Tier 1 Blue Sceptre
21563	Tier 1 Blue Grand Staff
21564	Tier 1 Blue Totem
21565	Tier 1 Orange Falchion
21566	Tier 1 Orange Battle Axe
21567	Tier 1 Orange Flanged Mace
21568	Tier 1 Orange Langsax
21569	Tier 1 Orange War Bow
21570	Tier 1 Orange Sceptre
21571	Tier 1 Orange Grand Staff
21572	Tier 1 Orange Totem
21573	Tier 1 Purple Falchion
21574	Tier 1 Purple Battle Axe
21575	Tier 1 Purple Flanged Mace
21576	Tier 1 Purple Langsax
21577	Tier 1 Purple War Bow
21578	Tier 1 Purple Sceptre
21579	Tier 1 Purple Grand Staff
21580	Tier 1 Purple Totem
21581	Tier 1 Red Falchion
21582	Tier 1 Red Battle Axe
21583	Tier 1 Red Flanged Mace
21584	Tier 1 Red Langsax
21585	Tier 1 Red War Bow
21586	Tier 1 Red Sceptre
21587	Tier 1 Red Grand Staff
21588	Tier 1 Red Totem
21589	Worn Rust Blade
21590	Worn Chopper's Axe
21591	Worn Smiter's Mace
21592	Worn Trickster's Dagger
21593	Worn Lurker's Bow
21594	Worn Bonecaller's Wand
21595	Worn Underseer's Staff
21596	Worn OLD
21597	Worn Blade of Victory
21598	Worn Axe of the Conquerer
21599	Worn Mace of the Crusher
21600	Worn Dagger of the Shadows
21601	Worn Bow of the Avenger
21602	Worn Wand of Secrets
21603	Worn Staff of the Stars
21604	Worn OLD
21605	Worn Sword of the Grove
21606	Worn Axe of the Grove
21607	Worn Mace of the Grove
21608	Worn Dagger of the Grove
21609	Worn Bow of the Grove
21610	Worn Wand of the Grove
21611	Worn Staff of the Grove
21612	Worn OLD
21613	Worn Twisted Blade
21614	Worn Twisted Cleaver
21615	Worn Twisted Hammer
21616	Worn Twisted Dagger
21617	Worn Twisted Bow
21618	Worn Twisted Wand
21619	Worn Twisted Staff
21620	Worn OLD
21621	Worn Blade of the Chosen
21622	Worn Axe of the Lair
21623	Worn Hammer of the Hoard
21624	Worn Drakefang Dagger
21625	Worn Drakehorn Bow
21626	Worn Drakeflame Wand
21627	Worn Drake's Eye Staff
21628	Worn OLD
21629	Rust Blade
21630	Chopper's Axe
21631	Smiter's Mace
21632	Trickster's Dagger
21633	Lurker's Bow
21634	Bonecaller's Wand
21635	Underseer's Staff
21636	OLD
21637	Blade of Victory
21638	Axe of the Conquerer
21639	Mace of the Crusher
21640	Dagger of the Shadows
21641	Bow of the Avenger
21642	Wand of Secrets
21643	Staff of the Stars
21644	OLD
21645	Sword of the Grove
21646	Axe of the Grove
21647	Mace of the Grove
21648	Dagger of the Grove
21649	Bow of the Grove
21650	Wand of the Grove
21651	Staff of the Grove
21652	OLD
21653	Twisted Blade
21654	Twisted Cleaver
21655	Twisted Hammer
21656	Twisted Dagger
21657	Twisted Bow
21658	Twisted Wand
21659	Twisted Staff
21660	OLD
21661	Blade of the Chosen
21662	Axe of the Lair
21663	Hammer of the Hoard
21664	Drakefang Dagger
21665	Drakehorn Bow
21666	Drakeflame Wand
21667	Drake's Eye Staff
21668	OLD
21669	Apprentice Rust Blade
21670	Apprentice Chopper's Axe
21671	Apprentice Smiter's Mace
21672	Apprentice Trickster's Dagger
21673	Apprentice Lurker's Bow
21674	Apprentice Bonecaller's Wand
21675	Apprentice Underseer's Staff
21676	Honed OLD
21677	Apprentice Blade of Victory
21678	Apprentice Axe of the Conquerer
21679	Apprentice Mace of the Crusher
21680	Apprentice Dagger of the Shadows
21681	Apprentice Bow of the Avenger
21682	Apprentice Wand of Secrets
21683	Apprentice Staff of the Stars
21684	Honed OLD
21685	Apprentice Sword of the Grove
21686	Apprentice Axe of the Grove
21687	Apprentice Mace of the Grove
21688	Apprentice Dagger of the Grove
21689	Apprentice Bow of the Grove
21690	Apprentice Wand of the Grove
21691	Apprentice Staff of the Grove
21692	Honed OLD
21693	Apprentice Twisted Blade
21694	Apprentice Twisted Cleaver
21695	Apprentice Twisted Hammer
21696	Apprentice Twisted Dagger
21697	Apprentice Twisted Bow
21698	Apprentice Twisted Wand
21699	Apprentice Twisted Staff
21700	Honed OLD
21701	Apprentice Blade of the Chosen
21702	Apprentice Axe of the Lair
21703	Apprentice Hammer of the Hoard
21704	Apprentice Drakefang Dagger
21705	Apprentice Drakehorn Bow
21706	Apprentice Drakeflame Wand
21707	Apprentice Drake's Eye Staff
21708	Honed OLD
21709	Master Rust Blade
21710	Master Chopper's Axe
21711	Master Smiter's Mace
21712	Master Trickster's Dagger
21713	Master Lurker's Bow
21714	Master Bonecaller's Wand
21715	Master Underseer's Staff
21716	Superior OLD
21717	Master Blade of Victory
21718	Master Axe of the Conquerer
21719	Master Mace of the Crusher
21720	Master Dagger of the Shadows
21721	Master Bow of the Avenger
21722	Master Wand of Secrets
21723	Master Staff of the Stars
21724	Superior OLD
21725	Master Sword of the Grove
21726	Master Axe of the Grove
21727	Master Mace of the Grove
21728	Master Dagger of the Grove
21729	Master Bow of the Grove
21730	Master Wand of the Grove
21731	Master Staff of the Grove
21732	Superior OLD
21733	Master Twisted Blade
21734	Master Twisted Cleaver
21735	Master Twisted Hammer
21736	Master Twisted Dagger
21737	Master Twisted Bow
21738	Master Twisted Wand
21739	Master Twisted Staff
21740	Superior OLD
21741	Master Blade of the Chosen
21742	Master Axe of the Lair
21743	Master Hammer of the Hoard
21744	Master Drakefang Dagger
21745	Master Drakehorn Bow
21746	Master Drakeflame Wand
21747	Master Drake's Eye Staff
21748	Superior OLD
21800	Singing Sword
21801	Volcanic Axe
21802	Stonehammer
21803	Spite Dagger
21804	Thorn Bow
21805	Spirit Staff
21806	Soulstone Wand
21807	Shard Knife
21808	Raven Bow
21809	Ashen Staff
21810	Flame Wand
21811	Spellsword
21812	Spirithammer
21813	Bow of the Hawk
21814	Sentinel Spear
21815	Lifebloom Totem
21816	Tidal Spear
21817	Honed Singing Sword
21818	Honed Volcanic Axe
21819	Honed Stonehammer
21820	Honed Spite Dagger
21821	Honed Thorn Bow
21822	Honed Spirit Staff
21823	Honed Soulstone Wand
21824	Honed Shard Knife
21825	Honed Raven Bow
21826	Honed Ashen Staff
21827	Honed Flame Wand
21828	Honed Spellsword
21829	Honed Spirithammer
21830	Honed Bow of the Hawk
21831	Honed Sentinel Spear
21832	Honed Lifebloom Totem
21833	Honed Tidal Spear
21834	Superior Singing Sword
21835	Superior Volcanic Axe
21836	Superior Stonehammer
21837	Superior Spite Dagger
21838	Superior Thorn Bow
21839	Superior Spirit Staff
21840	Superior Soulstone Wand
21841	Superior Shard Knife
21842	Superior Raven Bow
21843	Superior Ashen Staff
21844	Superior Flame Wand
21845	Superior Spellsword
21846	Superior Spirithammer
21847	Superior Bow of the Hawk
21848	Superior Sentinel Spear
21849	Superior Lifebloom Totem
21850	Superior Tidal Spear
21851	Crookback Weapon Shard
21853	Connacht Weapon Shard
21854	Bloodgrove Weapon Shard
21855	Twisted Weapon Shard
21856	Cultist's Weapon Shard
21857	Boar Steak
21858	Aromatic Herbs
21859	Tasty Wolf Steak
21860	Tasty Stormwing Egg
21861	Tasty Berry
21867	Dragonlord Gauntlets
21868	Dragonlord Boots
21869	Dragonlord Helm
21870	Dragonlord Greaves
21871	Dragonlord Breastplate
21872	Dragonlord Wristguards
21873	Dragonlord Sandals
21874	Dragonlord Circlet
21875	Dragonlord Leggings
21876	Dragonlord Robe
21877	Dragonlord Vambraces
21878	Dragonlord Treads
21879	Dragonlord Hood
21880	Dragonlord Legguards
21881	Dragonlord Cuirass
21882	Dragonlord Gloves
21883	Dragonlord Shoes
21884	Dragonlord Hat
21885	Dragonlord Skirt
21886	Dragonlord Gown
21887	Dragonlord Handwraps
21888	Dragonlord Footguards
21889	Dragonlord Cowl
21890	Dragonlord Breeches
21891	Dragonlord Jerkin
21892	Halloween Hat Pickup
21893	Red Coven Hat
21894	Pink Coven Hat
21895	Yellow Coven Hat
21896	Green Coven Hat
21897	Blue Coven Hat
21898	Purple Coven Hat
21899	White Coven Hat
21900	Black Coven Hat
21901	Halloween Hat 9
21902	Halloween Hat 10
21903	Seal of Cronus
21904	Seal of Gastor
21905	Seal of Darkon
21906	Seal of Polgrot
21907	Seal of Enteron
21908	Seal of Revoltor
21909	Seal of Spletch
21910	Seal of Varthan
21911	Seal of Wurmscum
21912	Seal of Thossos
21913	Seal of Cynoth
21914	Seal of Scabbor
21915	Seal of Mordum
21916	Seal of Pustulon
21917	Seal of Lazarath
21918	Duskshadow Gloves
21919	Duskshadow Shoes
21920	Duskshadow Cowl
21921	Duskshadow Leggings
21922	Duskshadow Robe
21923	Darkshadow Gloves
21924	Darkshadow Boots
21925	Darkshadow Hood
21926	Darkshadow Breeches
21927	Darkshadow Cuirass
21928	Spiritshadow Gauntlets
21929	Spiritshadow Boots
21930	Spiritshadow Helm
21931	Spiritshadow Greaves
21932	Spiritshadow Breastplate
21933	Shard of Cronus
21934	Shard of Gastor
21935	Shard of Darkon
21936	Shard of Polgrot
21937	Shard of Enteron
21938	Shard of Revoltor
21939	Shard of Spletch
21940	Shard of Varthan
21941	Shard of Wurmscum
21942	Shard of Thossos
21943	Shard of Cynoth
21944	Shard of Scabbor
21945	Shard of Mordum
21946	Shard of Pustulon
21947	Shard of Lazarath
21948	Postage Stamp
21949	Gaston's Beef Pie
21950	Gaston's Aromatic Pie
21951	Gaston's Boar Pie
21952	Gaston's Spicy Pie
21953	Gaston's Venison Pie
21954	Strog's Medal
21955	Balmon's Medal
21956	Crammok's Medal
21957	Ragnor's Medal
21958	Gaston's Tasty Beef Pie
21959	Gaston's Tasty Aromatic Pie
21960	Gaston's Tasty Boar Pie
21961	Gaston's Tasty Spicy Pie
21962	Gaston's Tasty Venison Pie
21963	Gaston's Delicious Beef Pie
21964	Gaston's Delicious Aromatic Pie
21965	Gaston's Delicious Boar Pie
21966	Gaston's Delicious Spicy Pie
21967	Gaston's Delicious Venison Pie
21968	Cane of Bats
21969	Skeleton Servant Charm
21970	Skeleton Infantry Charm
21971	Skeleton Warrior Charm
21972	Skeleton Champion Charm
21973	Flaming Skull Charm
21974	Flaming Skull Warrior Charm
21975	Skeleton King Charm
21976	Reanimator Charm
21977	Summoner Charm
21978	Zombie Charm
21979	Carrion Lord Charm
21980	Ghoul Charm
21981	Frozen Wraith Charm
21982	Pale Wraith Charm
21983	Ravenous Spirit Charm
21984	Phantasmal Spirit Charm
21985	Shivercowl Charm
21986	Reaper Charm
21987	Grave Wight Charm
21988	Sparkling Frozen Wraith Charm
21989	Sparkling Pale Wraith Charm
21990	Sparkling Ravenous Spirit Charm
21991	Sparkling Phantasmal Spirit Charm
21992	Sparkling Shivercowl Charm
21993	Sparkling Reaper Charm
21994	Sparkling Grave Wight Charm
21995	Grand Cane of Bats
21996	Crooked Broom of Embers
21997	Crooked Broom of Winter
21998	Crooked Broom of Witchcraft
21999	Carved Broom of Embers
22000	Carved Broom of Winter
22001	Carved Broom of Witchcraft
22002	Engraved Broom of Embers
22003	Engraved Broom of Winter
22004	Engraved Broom of Witchcraft
22005	Ensorcelled Broom of Embers
22006	Ensorcelled Broom of Winter
22007	Ensorcelled Broom of Witchcraft
22008	Grand Broom of Embers
22009	Grand Broom of Winter
22010	Grand Broom of Witchcraft
22011	Burial Ring of Sword Mastery
22012	Burial Ring of Melee Combat Mastery
22013	Burial Ring of Spear Mastery
22014	Burial Ring of Axe Mastery
22015	Burial Ring of Blunt Mastery
22016	Burial Ring of Dagger Mastery
22017	Burial Ring of Cunning Mastery
22018	Burial Ring of Hand to Hand Mastery
22019	Burial Ring of Spear Mastery
22020	Burial Ring of Bow Mastery
22021	Burial Ring of Ranged Combat Mastery
22022	Burial Ring of Spear Mastery
22023	Burial Ring of Hand to Hand Mastery
22024	Burial Ring of Fire Magic Mastery
22025	Burial Ring of Ice Magic Mastery
22026	Burial Ring of Wand Mastery
22027	Burial Ring of Hand to Hand Mastery
22028	Burial Ring of Nature Magic Mastery
22029	Burial Ring of Totem Mastery
22030	Burial Ring of Staff Mastery
22031	Burial Ring of Hand to Hand Mastery
22032	Ruby Amulet of the Pyre
22033	Ruby Amulet of the Tomb
22034	Ruby Amulet of the Grave
22035	Amethyst Amulet of the Pyre
22036	Amethyst Amulet of the Tomb
22037	Diamond Amulet of the Pyre
22038	Diamond Amulet of the Tomb
22039	Sapphire of the Mage's Pyre
22040	Sapphire of the Mage's Tomb
22041	Emerald Amulet of the Tomb
22042	Emerald Amulet of the Grave
22043	Mighty Amulet of Blades
22044	Mighty Amulet of Maces
22045	Mighty Amulet of Knives
22046	Vital Amulet of Blades
22047	Vital Amulet of Maces
22048	Vital Amulet of Knives
22049	Slashing Charm of the Banshee
22050	Slashing Charm of the Undead
22051	Crushing Charm of the Banshee
22052	Crushing Charm of the Undead
22053	Piercing Charm of the Ghost
22054	Piercing Charm of the Ghoul
22055	Slashing Charm of the Ghost
22056	Slashing Charm of the Ghoul
22057	Piercing Charm of Claws
22058	Piercing Charm of Deathwalk
22059	Magical Charm of Claws
22060	Magical Charm of Deathwalk
22061	Flaming Charm of the Lich
22062	Flaming Charm of Cursing
22063	Frosted Charm of Decay
22064	Frosted Charm of Atrophy
22065	Magical Charm of the Grave
22066	Magical Charm of Raising
22067	Crushing Charm of Ghostskin
22068	Crushing Charm of Ghoulskin
22069	Winged Mask of Terror
22070	Fanged Mask of Terror
22071	Sinister Mask of Terror
22072	Menacing Mask of Terror
22073	Malevolent Mask of Terror
22074	Dread Mask of Terror
22075	Winged Mask of Shadows
22076	Fanged Mask of Shadows
22077	Sinister Mask of Shadows
22078	Menacing Mask of Shadows
22079	Malevolent Mask of Shadows
22080	Dread Mask of Shadows
22081	Winged Mask of Midnight
22082	Fanged Mask of Midnight
22083	Sinister Mask of Midnight
22084	Menacing Mask of Midnight
22085	Malevolent Mask of Midnight
22086	Dread Mask of Midnight
22087	Winged Mask of Darkness
22088	Fanged Mask of Darkness
22089	Sinister Mask of Darkness
22090	Menacing Mask of Darkness
22091	Malevolent Mask of Darkness
22092	Dread Mask of Darkness
22097	Shrouded Broom of Embers
22098	Bountiful Broom of Embers
22099	Ebullient Broom of Embers
22100	Majestic Broom of Embers
22101	Mystic Brew
22102	Leathery Wings
22103	Eye of Bat
22104	Bat Fang
22105	Pumpkin Hat
22106	Green Pumpkin
22107	Divine Broom of Embers
22108	Shrouded Broom of Winter
22109	Bountiful Broom of Winter
22110	Ebullient Broom of Winter
22111	Majestic Broom of Winter
22112	Divine Broom of Winter
22113	Shrouded Broom of Witchcraft
22114	Bountiful Broom of Witchcraft
22115	Ebullient Broom of Witchcraft
22116	Majestic Broom of Witchcraft
22117	Divine Broom of Witchcraft
22119	Witch Costume Head
22120	Red Coven Gloves
22121	Red Coven Boots
22122	Red Coven Leggings
22123	Red Coven Bodice
22124	UNUSED Navy Coven Gloves
22125	UNUSED Navy Coven Boots
22126	UNUSED Navy Coven Leggings
22127	UNUSED Navy Coven Bodice
22128	UNUSED Green Coven Gloves
22129	UNUSED Green Coven Boots
22130	UNUSED Green Coven Leggings
22131	UNUSED Green Coven Bodice
22132	UNUSED Blue Coven Gloves
22133	UNUSED Blue Coven Boots
22134	UNUSED Blue Coven Leggings
22135	UNUSED Blue Coven Bodice
22136	UNUSED Orange Coven Gloves
22137	UNUSED Orange Coven Boots
22138	UNUSED Orange Coven Leggings
22139	UNUSED Orange Coven Bodice
22140	Pink Coven Gloves
22141	Pink Coven Boots
22142	Pink Coven Leggings
22143	Pink Coven Bodice
22144	UNUSED Purple Coven Gloves
22145	UNUSED Purple Coven Boots
22146	UNUSED Purple Coven Leggings
22147	UNUSED Purple Coven Bodice
22148	White Coven Gloves
22149	White Coven Boots
22150	White Coven Leggings
22151	White Coven Bodice
22152	Black Coven Gloves
22153	Black Coven Boots
22154	Black Coven Leggings
22155	Black Coven Bodice
22156	UNUSED Turquoise Coven Gloves
22157	UNUSED Turquoise Coven Boots
22158	UNUSED Turquoise Coven Leggings
22159	UNUSED Turquoise Coven Bodice
22160	Purple Toadstool
22161	Green Toadstool
22162	Blue Toadstool
22163	Red Ritual Gem
22164	Green Ritual Gem
22165	Yellow Ritual Gem
22166	Blue Ritual Gem
22167	Purple Ritual Gem
22168	Red Ritual Egg
22169	Green Ritual Egg
22170	Yellow Ritual Egg
22171	Blue Ritual Egg
22172	Purple Ritual Egg
22173	Red Ritual Urn
22174	Green Ritual Urn
22175	Yellow Ritual Urn
22176	Blue Ritual Urn
22177	Purple Ritual Urn
22178	Red Ritual Idol
22179	Green Ritual Idol
22180	Yellow Ritual Idol
22181	Blue Ritual Idol
22182	Purple Ritual Idol
22183	Red Ritual Horn
22184	Green Ritual Horn
22185	Yellow Ritual Horn
22186	Blue Ritual Horn
22187	Purple Ritual Horn
22188	Red Ritual Crown
22189	Green Ritual Crown
22190	Yellow Ritual Crown
22191	Blue Ritual Crown
22192	Purple Ritual Crown
22193	Dragonlord Bow
22194	Dragonlord Dagger
22195	Dragonlord Rondel
22196	Dragonlord Grimoire
22197	Dragonlord Shield
22198	Dragonlord Wand
22199	Carrowmore Statue 1 Item
22200	Carrowmore Statue 2 Item
22201	Carrowmore Statue 3 Item
22202	DEPRECATED
22203	DEPRECATED
22204	DEPRECATED
22205	DEPRECATED
22206	DEPRECATED
22207	DEPRECATED
22208	DEPRECATED
22209	DEPRECATED
22210	DEPRECATED
22211	DEPRECATED
22212	DEPRECATED
22213	DEPRECATED
22214	DEPRECATED
22215	DEPRECATED
22216	DEPRECATED
22217	DEPRECATED
22218	DEPRECATED
22219	DEPRECATED
22220	DEPRECATED
22221	DEPRECATED
22222	DEPRECATED
22223	DEPRECATED
22224	DEPRECATED
22225	DEPRECATED
22226	DEPRECATED
22227	DEPRECATED
22228	DEPRECATED
22229	DEPRECATED
22230	DEPRECATED
22231	DEPRECATED
22232	DEPRECATED
22233	DEPRECATED
22234	DEPRECATED
22235	DEPRECATED
22236	DEPRECATED
22237	DEPRECATED
22238	DEPRECATED
22239	DEPRECATED
22240	DEPRECATED
22241	DEPRECATED
22242	DEPRECATED
22243	DEPRECATED
22244	DEPRECATED
22245	DEPRECATED
22246	DEPRECATED
22247	DEPRECATED
22248	DEPRECATED
22249	DEPRECATED
22250	DEPRECATED
22251	DEPRECATED
22253	Focus of the Seer
22254	Focus of the Mystic
22256	Idol of Illusion
22257	Idol of Sorcery
22259	Shield of the Rampart
22260	Shield of the Bastion
22262	Arcane Quiver of Beasts
22263	Arcane Quiver of the Wild
22265	Arcane Axe of Triumph
22266	Arcane Axe of Conquest
22268	Dagger of Slaying
22269	Dagger of Bounty
22271	Talisman of the Earth
22272	Talisman of the Stars
22274	Bracer of Cloaking
22275	Bracer of Shrouding
22277	Bracer of Constitution
22278	Bracer of Endurance
22280	Ring of Battle
22281	Ring of War
22283	Ring of Cunning
22284	Ring of Artifice
22286	Ring of Vigour
22287	Ring of Might
22289	Ring of Reflex
22290	Ring of Force
22292	Crown of the Warlock
22293	Crown of the Sorcerer
22295	Arcane Helm of the Veteran
22296	Arcane Helm of the Champion
22499	Dragonlord Totem Long
22500	Mangy Vermin Fur
22501	Knotted Vermin Fur
22502	Coarse Vermin Fur
22503	Rough Vermin Fur
22504	Silky Vermin Fur
22505	Elegant Vermin Fur
22506	Grimy Opal Scale
22507	Tarnished Opal Scale
22508	Rough Opal Scale
22509	Smooth Opal Scale
22510	Pristine Opal Scale
22511	Enchanted Opal Scale
22512	Cracked Fang
22513	Scratched Fang
22514	Dull Fang
22515	Shiny Fang
22516	Polished Fang
22517	Lustrous Fang
22518	Dented Boggan Medallion
22519	Tarnished Boggan Medallion
22520	Scratched Boggan Medallion
22521	Shiny Boggan Medallion
22522	Polished Boggan Medallion
22523	Lustrous Boggan Medallion
22524	Tainted Thunderstone Dust
22525	Impure Thunderstone Dust
22526	Dirty Thunderstone Dust
22527	Shiny Thunderstone Dust
22528	Glittering Thunderstone Dust
22529	Pure Thunderstone Dust
22530	Ruined Trollsblood Crystal
22531	Chipped Trollsblood Crystal
22532	Rough Trollsblood Crystal
22533	Intact Trollsblood Crystal
22534	Smooth Trollsblood Crystal
22535	Pristine Trollsblood Crystal
22536	Sewer Treasure 1
22537	Sewer Treasure 2
22538	Sewer Treasure 3
22539	Mangy Rat Pelt
22540	Coarse Rat Pelt
22541	Silky Rat Pelt
22542	Flaky Snakeskin
22543	Dry Snakeskin
22544	Pristine Snakeskin
22545	Cracked Lizard Fang
22546	Dull Lizard Fang
22547	Polished Lizard Fang
22548	Grimy Smuggled Coin
22549	Dull Smuggled Coin
22550	Shiny Smuggled Coin
22551	Dragonlord Sword
22552	Dragonlord Quiver
22553	Dragonlord Totem
22554	Dragonlord Codex
22555	Dragon Armour Set Bonus Warrior
22556	Dragon Armour Set Bonus Rogue
22557	Dragon Armour Set Bonus Ranger
22558	Dragon Armour Set Bonus Mage
22559	Dragon Armour Set Bonus Druid
22560	Grimling's Mallet
22561	Grimling's Wood Axe
22562	Grimling's Bow
22563	Grimling's Broadsword
22564	Grimling's Staff
22565	Grimling's Wand
22566	Grimling's Dirk
22567	Grimling's Spear
22568	Grimling's Totem
22569	Askold's Mallet
22570	Askold's Wood Axe
22571	Askold's Bow
22572	Askold's Broadsword
22573	Askold's Staff
22574	Askold's Wand
22575	Askold's Dirk
22576	Askold's Spear
22577	Askold's Totem
22578	Ymir's Warhammer
22579	Ymir's Battleaxe
22580	Ymir's Warbow
22581	Ymir's Greatsword
22582	Ymir's Quaterstaff
22583	Ymir's Sceptre
22584	Ymir's Dagger
22585	Ymir's Spear
22586	Ymir's Totem
22587	Red Yuletide Present 2012
22588	Green Yuletide Present 2012
22589	Red Yuletide Helper's Hat
22590	Pink Yuletide Helper's Hat
22591	Orange Yuletide Helper's Hat
22592	Yellow Yuletide Helper's Hat
22593	Green Yuletide Helper's Hat
22594	Turquoise Yuletide Helper's Hat
22595	Blue Yuletide Helper's Hat
22596	Purple Yuletide Helper's Hat
22597	Black Yuletide Helper's Hat
22598	Yuletide Cloud Hat
22599	Fluffy Cloud
22600	Rolling Cloud
22601	Nimble Cloud
22602	Soaring Cloud
22603	Swift Cloud
22605	Storm Cloud
22606	Thunderstorm Cloud
22607	Fluffy Snowball
22608	Frozen Snowball
22609	OLD
22610	Cloud Crystal
22611	Well-Packed Snowball
22612	Frosty Snowball
22613	Icy Snowball
22614	Frozen Iceball
22615	Yuletide Hat
22616	Yule Cloud
22617	Explosive Cracker
22618	Yule Cracker OLD
22619	Shocking Cracker
22620	Frosty Cracker
22621	Stave of Bolts
22622	Stave of Storms
22623	Stave of Tempests
22624	Golden Cracker
22625	Prospecting Hammer
22626	Rock Sample 1
22627	Rock Sample 2
22628	Rock Sample 3
22629	Rock Sample 4
22630	Captive Cave Moth
22631	Cave Mushroom
22632	Chasm Grass
22633	Frog Legs
22634	Moth Net
22635	Brightstar Sword
22636	Brightstar Axe
22637	Brightstar Hammer
22638	Brightstar Sword 2H
22639	Brightstar Axe 2H
22640	Brightstar Hammer 2H
22641	Brightstar Bow
22642	Brightstar Knuckle
22643	Brightstar Spear
22644	Brightstar Dagger
22645	Brightstar Staff 2H
22646	Brightstar Totem
22647	Brightstar Wand
22648	Dawnstar Sword
22649	Dawnstar Axe
22650	Dawnstar Hammer
22651	Dawnstar Sword 2H
22652	Dawnstar Axe 2H
22653	Dawnstar Hammer 2H
22654	Dawnstar Bow
22655	Dawnstar Knuckle
22656	Dawnstar Spear
22657	Dawnstar Dagger
22658	Dawnstar Staff 2H
22659	Dawnstar Totem
22660	Dawnstar Wand
22661	Small Cavern Stew
22662	Medium Cavern Stew
22663	Large Cavern Stew
22664	Wyrmbone Gauntlets
22665	Wyrmbone Boots
22666	Wyrmbone Helm
22667	Wyrmbone Greaves
22668	Wyrmbone Breastplate
22669	Wyrmbone Wristguards
22670	Wyrmbone Sandals
22671	Wyrmbone Circlet
22672	Wyrmbone Leggings
22673	Wyrmbone Robe
22674	Wyrmbone Vambraces
22675	Wyrmbone Treads
22676	Wyrmbone Hood
22677	Wyrmbone Legguards
22678	Wyrmbone Cuirass
22679	Wyrmbone Gloves
22680	Wyrmbone Shoes
22681	Wyrmbone Hat
22682	Wyrmbone Skirt
22683	Wyrmbone Gown
22684	Wyrmbone Handwraps
22685	Wyrmbone Footguards
22686	Wyrmbone Cowl
22687	Wyrmbone Breeches
22688	Wyrmbone Jerkin
22689	Mining Axe
22690	Mining Chisel
22691	Mining Hammer Large
22692	Mining Hammer Small
22693	Mining Pick Large
22694	Mining Pick Small
22695	Mining Rake
22696	Mining Saw
22697	Mining Shovel
22698	'Shadowstrike' Training Manual
22699	'Rescue' Spell Tome
22700	TELEPORT TO TARGET
22701	TELEPORT OTHER TO SELF
22702	Sea Chart
22709	Tyren's Book
22710	Miner's Supplies
22711	Stone Bowl
22712	Mercenary's Torch
22912	Flint Breastplate
22913	Flint Greaves
22914	Flint Helm
22915	Flint Boots
22916	Flint Gauntlets
22917	Flint Robe
22918	Flint Leggings
22919	Flint Circlet
22920	Flint Sandals
22921	Flint Wristguards
22922	Flint Cuirass
22923	Flint Legguards
22924	Flint Hood
22925	Flint Treads
22926	Flint Vambraces
22927	Flint Gown
22928	Flint Skirt
22929	Flint Hat
22930	Flint Shoes
22931	Flint Gloves
22932	Flint Jerkin
22933	Flint Breeches
22934	Flint Cowl
22935	Flint Footguards
22936	Flint Handwraps
22937	Flint Warblade
22938	Flint Splitter
22939	Flint Cleaver
22940	Flint Bow
22941	Flint Knuckleblade
22942	Flint Crusher
22943	Flint Hammer
22944	Flint Battlestave
22945	Flint Longblade
22946	Flint Icon
22947	Flint Cane
22948	Flint Quickblade
22949	Flint Pike
22950	Flint Quickspike
22951	Flint Knucklespike
22952	Flint Shield
22953	Flint Sabre
22954	Flint Quickaxe
22955	Flint Bludgeon
22956	Rosethorn Topaz Breastplate
22957	Rosethorn Topaz Greaves
22958	Rosethorn Topaz Helm
22959	Rosethorn Topaz Boots
22960	Rosethorn Topaz Gauntlets
22961	Rosethorn Topaz Robe
22962	Rosethorn Topaz Leggings
22963	Rosethorn Topaz Circlet
22964	Rosethorn Topaz Sandals
22965	Rosethorn Topaz Wristguards
22966	Rosethorn Topaz Cuirass
22967	Rosethorn Topaz Legguards
22968	Rosethorn Topaz Hood
22969	Rosethorn Topaz Treads
22970	Rosethorn Topaz Vambraces
22971	Rosethorn Topaz Gown
22972	Rosethorn Topaz Skirt
22973	Rosethorn Topaz Hat
22974	Rosethorn Topaz Shoes
22975	Rosethorn Topaz Gloves
22976	Rosethorn Topaz Jerkin
22977	Rosethorn Topaz Breeches
22978	Rosethorn Topaz Cowl
22979	Rosethorn Topaz Footguards
22980	Rosethorn Topaz Handwraps
22981	Rosethorn Topaz Warblade
22982	Rosethorn Topaz Splitter
22983	Rosethorn Topaz Cleaver
22984	Rosethorn Topaz Bow
22985	Rosethorn Topaz Knuckleblade
22986	Rosethorn Topaz Crusher
22987	Rosethorn Topaz Hammer
22988	Rosethorn Topaz Battlestave
22989	Rosethorn Topaz Longblade
22990	Rosethorn Topaz Icon
22991	Rosethorn Topaz Cane
22992	Rosethorn Topaz Quickblade
22993	Rosethorn Topaz Pike
22994	Rosethorn Topaz Quickspike
22995	Rosethorn Topaz Knucklespike
22996	Rosethorn Topaz Shield
22997	Rosethorn Topaz Sabre
22998	Rosethorn Topaz Quickaxe
22999	Rosethorn Topaz Bludgeon
23000	Tranquil Topaz Breastplate
23001	Tranquil Topaz Greaves
23002	Tranquil Topaz Helm
23003	Tranquil Topaz Boots
23004	Tranquil Topaz Gauntlets
23005	Tranquil Topaz Robe
23006	Tranquil Topaz Leggings
23007	Tranquil Topaz Circlet
23008	Tranquil Topaz Sandals
23009	Tranquil Topaz Wristguards
23010	Tranquil Topaz Cuirass
23011	Tranquil Topaz Legguards
23012	Tranquil Topaz Hood
23013	Tranquil Topaz Treads
23014	Tranquil Topaz Vambraces
23015	Tranquil Topaz Gown
23016	Tranquil Topaz Skirt
23017	Tranquil Topaz Hat
23018	Tranquil Topaz Shoes
23019	Tranquil Topaz Gloves
23020	Tranquil Topaz Jerkin
23021	Tranquil Topaz Breeches
23022	Tranquil Topaz Cowl
23023	Tranquil Topaz Footguards
23024	Tranquil Topaz Handwraps
23025	Tranquil Topaz Warblade
23026	Tranquil Topaz Splitter
23027	Tranquil Topaz Cleaver
23028	Tranquil Topaz Bow
23029	Tranquil Topaz Knuckleblade
23030	Tranquil Topaz Crusher
23031	Tranquil Topaz Hammer
23032	Tranquil Topaz Battlestave
23033	Tranquil Topaz Longblade
23034	Tranquil Topaz Icon
23035	Tranquil Topaz Cane
23036	Tranquil Topaz Quickblade
23037	Tranquil Topaz Pike
23038	Tranquil Topaz Quickspike
23039	Tranquil Topaz Knucklespike
23040	Tranquil Topaz Shield
23041	Tranquil Topaz Sabre
23042	Tranquil Topaz Quickaxe
23043	Tranquil Topaz Bludgeon
23044	Sunburst Topaz Breastplate
23045	Sunburst Topaz Greaves
23046	Sunburst Topaz Helm
23047	Sunburst Topaz Boots
23048	Sunburst Topaz Gauntlets
23049	Sunburst Topaz Robe
23050	Sunburst Topaz Leggings
23051	Sunburst Topaz Circlet
23052	Sunburst Topaz Sandals
23053	Sunburst Topaz Wristguards
23054	Sunburst Topaz Cuirass
23055	Sunburst Topaz Legguards
23056	Sunburst Topaz Hood
23057	Sunburst Topaz Treads
23058	Sunburst Topaz Vambraces
23059	Sunburst Topaz Gown
23060	Sunburst Topaz Skirt
23061	Sunburst Topaz Hat
23062	Sunburst Topaz Shoes
23063	Sunburst Topaz Gloves
23064	Sunburst Topaz Jerkin
23065	Sunburst Topaz Breeches
23066	Sunburst Topaz Cowl
23067	Sunburst Topaz Footguards
23068	Sunburst Topaz Handwraps
23069	Sunburst Topaz Warblade
23070	Sunburst Topaz Splitter
23071	Sunburst Topaz Cleaver
23072	Sunburst Topaz Bow
23073	Sunburst Topaz Knuckleblade
23074	Sunburst Topaz Crusher
23075	Sunburst Topaz Hammer
23076	Sunburst Topaz Battlestave
23077	Sunburst Topaz Longblade
23078	Sunburst Topaz Icon
23079	Sunburst Topaz Cane
23080	Sunburst Topaz Quickblade
23081	Sunburst Topaz Pike
23082	Sunburst Topaz Quickspike
23083	Sunburst Topaz Knucklespike
23084	Sunburst Topaz Shield
23085	Sunburst Topaz Sabre
23086	Sunburst Topaz Quickaxe
23087	Sunburst Topaz Bludgeon
23088	Verdant Topaz Breastplate
23089	Verdant Topaz Greaves
23090	Verdant Topaz Helm
23091	Verdant Topaz Boots
23092	Verdant Topaz Gauntlets
23093	Verdant Topaz Robe
23094	Verdant Topaz Leggings
23095	Verdant Topaz Circlet
23096	Verdant Topaz Sandals
23097	Verdant Topaz Wristguards
23098	Verdant Topaz Cuirass
23099	Verdant Topaz Legguards
23100	Verdant Topaz Hood
23101	Verdant Topaz Treads
23102	Verdant Topaz Vambraces
23103	Verdant Topaz Gown
23104	Verdant Topaz Skirt
23105	Verdant Topaz Hat
23106	Verdant Topaz Shoes
23107	Verdant Topaz Gloves
23108	Verdant Topaz Jerkin
23109	Verdant Topaz Breeches
23110	Verdant Topaz Cowl
23111	Verdant Topaz Footguards
23112	Verdant Topaz Handwraps
23113	Verdant Topaz Warblade
23114	Verdant Topaz Splitter
23115	Verdant Topaz Cleaver
23116	Verdant Topaz Bow
23117	Verdant Topaz Knuckleblade
23118	Verdant Topaz Crusher
23119	Verdant Topaz Hammer
23120	Verdant Topaz Battlestave
23121	Verdant Topaz Longblade
23122	Verdant Topaz Icon
23123	Verdant Topaz Cane
23124	Verdant Topaz Quickblade
23125	Verdant Topaz Pike
23126	Verdant Topaz Quickspike
23127	Verdant Topaz Knucklespike
23128	Verdant Topaz Shield
23129	Verdant Topaz Sabre
23130	Verdant Topaz Quickaxe
23131	Verdant Topaz Bludgeon
23132	Skygem Topaz Breastplate
23133	Skygem Topaz Greaves
23134	Skygem Topaz Helm
23135	Skygem Topaz Boots
23136	Skygem Topaz Gauntlets
23137	Skygem Topaz Robe
23138	Skygem Topaz Leggings
23139	Skygem Topaz Circlet
23140	Skygem Topaz Sandals
23141	Skygem Topaz Wristguards
23142	Skygem Topaz Cuirass
23143	Skygem Topaz Legguards
23144	Skygem Topaz Hood
23145	Skygem Topaz Treads
23146	Skygem Topaz Vambraces
23147	Skygem Topaz Gown
23148	Skygem Topaz Skirt
23149	Skygem Topaz Hat
23150	Skygem Topaz Shoes
23151	Skygem Topaz Gloves
23152	Skygem Topaz Jerkin
23153	Skygem Topaz Breeches
23154	Skygem Topaz Cowl
23155	Skygem Topaz Footguards
23156	Skygem Topaz Handwraps
23157	Skygem Topaz Warblade
23158	Skygem Topaz Splitter
23159	Skygem Topaz Cleaver
23160	Skygem Topaz Bow
23161	Skygem Topaz Knuckleblade
23162	Skygem Topaz Crusher
23163	Skygem Topaz Hammer
23164	Skygem Topaz Battlestave
23165	Skygem Topaz Longblade
23166	Skygem Topaz Icon
23167	Skygem Topaz Cane
23168	Skygem Topaz Quickblade
23169	Skygem Topaz Pike
23170	Skygem Topaz Quickspike
23171	Skygem Topaz Knucklespike
23172	Skygem Topaz Shield
23173	Skygem Topaz Sabre
23174	Skygem Topaz Quickaxe
23175	Skygem Topaz Bludgeon
23176	Nebula Opal Breastplate
23177	Nebula Opal Greaves
23178	Nebula Opal Helm
23179	Nebula Opal Boots
23180	Nebula Opal Gauntlets
23181	Nebula Opal Robe
23182	Nebula Opal Leggings
23183	Nebula Opal Circlet
23184	Nebula Opal Sandals
23185	Nebula Opal Wristguards
23186	Nebula Opal Cuirass
23187	Nebula Opal Legguards
23188	Nebula Opal Hood
23189	Nebula Opal Treads
23190	Nebula Opal Vambraces
23191	Nebula Opal Gown
23192	Nebula Opal Skirt
23193	Nebula Opal Hat
23194	Nebula Opal Shoes
23195	Nebula Opal Gloves
23196	Nebula Opal Jerkin
23197	Nebula Opal Breeches
23198	Nebula Opal Cowl
23199	Nebula Opal Footguards
23200	Nebula Opal Handwraps
23201	Nebula Opal Warblade
23202	Nebula Opal Splitter
23203	Nebula Opal Cleaver
23204	Nebula Opal Bow
23205	Nebula Opal Knuckleblade
23206	Nebula Opal Crusher
23207	Nebula Opal Hammer
23208	Nebula Opal Battlestave
23209	Nebula Opal Longblade
23210	Nebula Opal Icon
23211	Nebula Opal Cane
23212	Nebula Opal Quickblade
23213	Nebula Opal Pike
23214	Nebula Opal Quickspike
23215	Nebula Opal Knucklespike
23216	Nebula Opal Shield
23217	Nebula Opal Sabre
23218	Nebula Opal Quickaxe
23219	Nebula Opal Bludgeon
23220	Regal Opal Breastplate
23221	Regal Opal Greaves
23222	Regal Opal Helm
23223	Regal Opal Boots
23224	Regal Opal Gauntlets
23225	Regal Opal Robe
23226	Regal Opal Leggings
23227	Regal Opal Circlet
23228	Regal Opal Sandals
23229	Regal Opal Wristguards
23230	Regal Opal Cuirass
23231	Regal Opal Legguards
23232	Regal Opal Hood
23233	Regal Opal Treads
23234	Regal Opal Vambraces
23235	Regal Opal Gown
23236	Regal Opal Skirt
23237	Regal Opal Hat
23238	Regal Opal Shoes
23239	Regal Opal Gloves
23240	Regal Opal Jerkin
23241	Regal Opal Breeches
23242	Regal Opal Cowl
23243	Regal Opal Footguards
23244	Regal Opal Handwraps
23245	Regal Opal Warblade
23246	Regal Opal Splitter
23247	Regal Opal Cleaver
23248	Regal Opal Bow
23249	Regal Opal Knuckleblade
23250	Regal Opal Crusher
23251	Regal Opal Hammer
23252	Regal Opal Battlestave
23253	Regal Opal Longblade
23254	Regal Opal Icon
23255	Regal Opal Cane
23256	Regal Opal Quickblade
23257	Regal Opal Pike
23258	Regal Opal Quickspike
23259	Regal Opal Knucklespike
23260	Regal Opal Shield
23261	Regal Opal Sabre
23262	Regal Opal Quickaxe
23263	Regal Opal Bludgeon
23264	Chromos Opal Breastplate
23265	Chromos Opal Greaves
23266	Chromos Opal Helm
23267	Chromos Opal Boots
23268	Chromos Opal Gauntlets
23269	Chromos Opal Robe
23270	Chromos Opal Leggings
23271	Chromos Opal Circlet
23272	Chromos Opal Sandals
23273	Chromos Opal Wristguards
23274	Chromos Opal Cuirass
23275	Chromos Opal Legguards
23276	Chromos Opal Hood
23277	Chromos Opal Treads
23278	Chromos Opal Vambraces
23279	Chromos Opal Gown
23280	Chromos Opal Skirt
23281	Chromos Opal Hat
23282	Chromos Opal Shoes
23283	Chromos Opal Gloves
23284	Chromos Opal Jerkin
23285	Chromos Opal Breeches
23286	Chromos Opal Cowl
23287	Chromos Opal Footguards
23288	Chromos Opal Handwraps
23289	Chromos Opal Warblade
23290	Chromos Opal Splitter
23291	Chromos Opal Cleaver
23292	Chromos Opal Bow
23293	Chromos Opal Knuckleblade
23294	Chromos Opal Crusher
23295	Chromos Opal Hammer
23296	Chromos Opal Battlestave
23297	Chromos Opal Longblade
23298	Chromos Opal Icon
23299	Chromos Opal Cane
23300	Chromos Opal Quickblade
23301	Chromos Opal Pike
23302	Chromos Opal Quickspike
23303	Chromos Opal Knucklespike
23304	Chromos Opal Shield
23305	Chromos Opal Sabre
23306	Chromos Opal Quickaxe
23307	Chromos Opal Bludgeon
23308	Deepfall Opal Breastplate
23309	Deepfall Opal Greaves
23310	Deepfall Opal Helm
23311	Deepfall Opal Boots
23312	Deepfall Opal Gauntlets
23313	Deepfall Opal Robe
23314	Deepfall Opal Leggings
23315	Deepfall Opal Circlet
23316	Deepfall Opal Sandals
23317	Deepfall Opal Wristguards
23318	Deepfall Opal Cuirass
23319	Deepfall Opal Legguards
23320	Deepfall Opal Hood
23321	Deepfall Opal Treads
23322	Deepfall Opal Vambraces
23323	Deepfall Opal Gown
23324	Deepfall Opal Skirt
23325	Deepfall Opal Hat
23326	Deepfall Opal Shoes
23327	Deepfall Opal Gloves
23328	Deepfall Opal Jerkin
23329	Deepfall Opal Breeches
23330	Deepfall Opal Cowl
23331	Deepfall Opal Footguards
23332	Deepfall Opal Handwraps
23333	Deepfall Opal Warblade
23334	Deepfall Opal Splitter
23335	Deepfall Opal Cleaver
23336	Deepfall Opal Bow
23337	Deepfall Opal Knuckleblade
23338	Deepfall Opal Crusher
23339	Deepfall Opal Hammer
23340	Deepfall Opal Battlestave
23341	Deepfall Opal Longblade
23342	Deepfall Opal Icon
23343	Deepfall Opal Cane
23344	Deepfall Opal Quickblade
23345	Deepfall Opal Pike
23346	Deepfall Opal Quickspike
23347	Deepfall Opal Knucklespike
23348	Deepfall Opal Shield
23349	Deepfall Opal Sabre
23350	Deepfall Opal Quickaxe
23351	Deepfall Opal Bludgeon
23352	Battlemist Opal Breastplate
23353	Battlemist Opal Greaves
23354	Battlemist Opal Helm
23355	Battlemist Opal Boots
23356	Battlemist Opal Gauntlets
23357	Battlemist Opal Robe
23358	Battlemist Opal Leggings
23359	Battlemist Opal Circlet
23360	Battlemist Opal Sandals
23361	Battlemist Opal Wristguards
23362	Battlemist Opal Cuirass
23363	Battlemist Opal Legguards
23364	Battlemist Opal Hood
23365	Battlemist Opal Treads
23366	Battlemist Opal Vambraces
23367	Battlemist Opal Gown
23368	Battlemist Opal Skirt
23369	Battlemist Opal Hat
23370	Battlemist Opal Shoes
23371	Battlemist Opal Gloves
23372	Battlemist Opal Jerkin
23373	Battlemist Opal Breeches
23374	Battlemist Opal Cowl
23375	Battlemist Opal Footguards
23376	Battlemist Opal Handwraps
23377	Battlemist Opal Warblade
23378	Battlemist Opal Splitter
23379	Battlemist Opal Cleaver
23380	Battlemist Opal Bow
23381	Battlemist Opal Knuckleblade
23382	Battlemist Opal Crusher
23383	Battlemist Opal Hammer
23384	Battlemist Opal Battlestave
23385	Battlemist Opal Longblade
23386	Battlemist Opal Icon
23387	Battlemist Opal Cane
23388	Battlemist Opal Quickblade
23389	Battlemist Opal Pike
23390	Battlemist Opal Quickspike
23391	Battlemist Opal Knucklespike
23392	Battlemist Opal Shield
23393	Battlemist Opal Sabre
23394	Battlemist Opal Quickaxe
23395	Battlemist Opal Bludgeon
23396	Adamant Breastplate
23397	Adamant Greaves
23398	Adamant Helm
23399	Adamant Boots
23400	Adamant Gauntlets
23401	Adamant Robe
23402	Adamant Leggings
23403	Adamant Circlet
23404	Adamant Sandals
23405	Adamant Handguards
23406	Adamant Cuirass
23407	Adamant Legguards
23408	Adamant Hood
23409	Adamant Treads
23410	Adamant Vambraces
23411	Adamant Gown
23412	Adamant Skirt
23413	Adamant Hat
23414	Adamant Shoes
23415	Adamant Gloves
23416	Adamant Jerkin
23417	Adamant Breeches
23418	Adamant Cowl
23419	Adamant Footguards
23420	Adamant Handwraps
23421	Adamant Splitter
23422	Adamant Cleaver
23423	Adamant Bow
23424	Adamant Knuckleblade
23425	Adamant Crusher
23426	Adamant Hammer
23427	Adamant Battlestave
23428	Adamant Longblade
23429	Adamant Icon
23430	Adamant Cane
23431	Adamant Quickblade
23432	Adamant Pike
23433	Adamant Quickspike
23434	Adamant Knucklespike
23435	Adamant Shield
23436	Adamant Sabre
23437	Adamant Quickaxe
23438	Adamant Bludgeon
23439	Adamant Warblade
23440	Minor Rune of Summoning
23441	Lesser Rune of Summoning
23442	Common Rune of Summoning
23443	Greater Rune of Summoning
23444	Grand Rune of Summoning
23445	Frozen Armour Set Bonus Warrior
23446	Frozen Armour Set Bonus Rogue
23447	Frozen Armour Set Bonus Ranger
23448	Frozen Armour Set Bonus Mage
23449	Frozen Armour Set Bonus Druid
23450	Meteor Armour Set Bonus Warrior
23451	Meteor Armour Set Bonus Rogue
23452	Meteor Armour Set Bonus Ranger
23453	Meteor Armour Set Bonus Druid
23454	Meteor Armour Set Bonus Mage
23455	Warden Armour Set Bonus Warrior
23456	Warden Armour Set Bonus Rogue
23457	Warden Armour Set Bonus Ranger
23458	Warden Armour Set Bonus Druid
23459	Warden Armour Set Bonus Mage
23473	Otherworld Adamant
23474	Ancient Wyrmbone Gauntlets
23475	Ancient Wyrmbone Boots
23476	Ancient Wyrmbone Helm
23477	Ancient Wyrmbone Greaves
23478	Ancient Wyrmbone Breastplate
23479	Ancient Wyrmbone Wristguards
23480	Ancient Wyrmbone Sandals
23481	Ancient Wyrmbone Circlet
23482	Ancient Wyrmbone Leggings
23483	Ancient Wyrmbone Robe
23484	Ancient Wyrmbone Vambraces
23485	Ancient Wyrmbone Treads
23486	Ancient Wyrmbone Hood
23487	Ancient Wyrmbone Legguards
23488	Ancient Wyrmbone Cuirass
23489	Ancient Wyrmbone Gloves
23490	Ancient Wyrmbone Shoes
23491	Ancient Wyrmbone Hat
23492	Ancient Wyrmbone Skirt
23493	Ancient Wyrmbone Gown
23494	Ancient Wyrmbone Handwraps
23495	Ancient Wyrmbone Footguards
23496	Ancient Wyrmbone Cowl
23497	Ancient Wyrmbone Breeches
23498	Ancient Wyrmbone Jerkin
23512	Celtic Heroes Starter Pack
23513	Otherworld Flint
23514	Ring of Rending OLD1
23515	Ring of Rending OLD2
23516	Ring of Haste
23517	Ring of Celerity OLD1
23518	Ring of Celerity OLD2
23519	Ring of Swiftness
23521	Life Blade
23522	Essence Blade
23524	Shield of the Reaver
23525	Shield of the Ravager
23527	Arcane Dagger of Haste
23528	Arcane Dagger of Celerity
23530	Quiver of the Air
23531	Quiver of the Wind
23533	Focus of Replenishment
23534	Focus of Bounty
23535	Tin Doubloon
23536	Copper Doubloon
23537	Iron Doubloon
23538	Bronze Doubloon
23539	Silver Doubloon
23540	Gold Doubloon
23541	Darksea Captain's Shirt
23542	Darksea Captain's Trousers
23543	Darksea Captain's Skullcap
23544	Darksea Captain's Legwraps
23545	Pirate Gloves
23546	Quartermaster's Eyepatch
23547	Quartermaster's Shirt
23548	Quartermaster's Trousers
23549	Quartermaster's Skullcap
23550	Blue Pirate Shirt
23551	Brown Pirate Trousers
23552	Red Pirate Trousers
23553	Blue Pirate Trousers
23554	Green Pirate Trousers
23555	Yellow Pirate Trousers
23556	Red Pirate Shirt
23557	Green Pirate Shirt
23558	Yellow Pirate Shirt
23559	Brown Pirate Shirt
23560	Red Pirate Skullcap
23561	Blue Pirate Skullcap
23562	Yellow Pirate Skullcap
23563	Green Pirate Skullcap
23564	Darksea Pirate Chest
23565	Onyx Breastplate
23566	Onyx Greaves
23567	Onyx Helm
23568	Onyx Boots
23569	Onyx Gauntlets
23570	Onyx Robe
23571	Onyx Leggings
23572	Onyx Circlet
23573	Onyx Sandals
23574	Onyx Wristguards
23575	Onyx Cuirass
23576	Onyx Legguards
23577	Onyx Hood
23578	Onyx Treads
23579	Onyx Vambraces
23580	Onyx Gown
23581	Onyx Skirt
23582	Onyx Hat
23583	Onyx Shoes
23584	Onyx Gloves
23585	Onyx Jerkin
23586	Onyx Breeches
23587	Onyx Cowl
23588	Onyx Footguards
23589	Onyx Handwraps
23590	Obsidian Breastplate
23591	Obsidian Greaves
23592	Obsidian Helm
23593	Obsidian Boots
23594	Obsidian Gauntlets
23595	Obsidian Robe
23596	Obsidian Leggings
23597	Obsidian Circlet
23598	Obsidian Sandals
23599	Obsidian Wristguards
23600	Obsidian Cuirass
23601	Obsidian Legguards
23602	Obsidian Hood
23603	Obsidian Treads
23604	Obsidian Vambraces
23605	Obsidian Gown
23606	Obsidian Skirt
23607	Obsidian Hat
23608	Obsidian Shoes
23609	Obsidian Gloves
23610	Obsidian Jerkin
23611	Obsidian Breeches
23612	Obsidian Cowl
23613	Obsidian Footguards
23614	Obsidian Handwraps
23615	Darksea Pirate Trunk
23616	Darksea Pirate Footlocker
23617	Corbin's Poisoned Bracers
23618	Quartermaster's Legwraps
23619	Red Pirate Legwraps
23620	Blue Pirate Legwraps
23621	Green Pirate Legwraps
23622	Yellow Pirate Legwraps
23623	Brown Pirate Legwraps
23624	Brown Pirate Skullcap
23625	Brown Pirate Skullcap and Eyepatch
23626	Quartermaster's Skullcap and Eyepatch
23627	Darksea Captain's Skullcap and Eyepatch
23628	Red Pirate Skullcap and Eyepatch
23629	Blue Pirate Skullcap and Eyepatch
23630	Green Pirate Skullcap and Eyepatch
23631	Yellow Pirate Skullcap and Eyepatch
23632	Darksea Pirate Lockbox
23633	MacLir's Mystery Chest
23635	Bag of 100 Gold
23636	Bag of 1,000 Gold
23637	Bag of 10,000 Gold
23638	Bag of 100,000 Gold
23639	Bag of 500,000 Gold
23640	'Longshot' Training Manual
23641	'Double Attack' Training Manual
23642	'Skewer' Training Manual
23643	'Rupture' Training Manual
23644	'Shatter' Training Manual
23645	'Shield Wall' Training Manual
23646	'Explosive Arrow' Training Manual
23647	'Sharpen Weapons' Training Manual
23648	'Riposte' Training Manual
23649	'Expose Weakness' Training Manual
23650	'Ice Blast' Spell Tome
23651	'Frostbite' Spell Tome
23652	'Bless' Spell Tome
23653	'Stinging Swarm' Spell Tome
23654	'Ice Attunement' Spell Tome
23655	'Fire Attunement' Spell Tome
23656	Cargo Cache
23658	'Life Steal' Spell Tome
23659	Pink Pirate Shirt
23660	Pink Pirate Trousers
23661	Pink Pirate Skullcap
23662	Pink Pirate Legwraps
23663	Pink Pirate Skullcap and Eyepatch
23664	Pink Pirate Eyepatch
23665	Purple Pirate Shirt
23666	Purple Pirate Trousers
23667	Purple Pirate Skullcap
23668	Purple Pirate Legwraps
23669	Purple Pirate Skullcap and Eyepatch
23670	Purple Pirate Eyepatch
23671	Darksea Pirate Case
23690	'Defensive Formation' Spell Tome
23691	'Sanctuary' Spell Tome
23693	Wyrmbone Greataxe
23694	Wyrmbone Handaxe
23695	Wyrmbone Bow
23696	Wyrmbone Dagger
23697	Wyrmbone Dagger Offhand
23698	Wyrmbone Push Dagger
23699	Wyrmbone Push Dagger Offhand
23700	Wyrmbone Club
23701	Wyrmbone Great Hammer
23702	Wyrmbone Spear
23703	Wyrmbone Staff
23704	Wyrmbone Sword
23705	Wyrmbone Greatsword
23706	Wyrmbone Totem
23707	Wyrmbone Wand
23708	Minor Ring of Double Attack
23709	Minor Ring of Skewer
23710	Minor Ring of Shield Wall
23711	Minor Ring of Shatter
23712	Minor Ring of Rupture
23713	Minor Ring of Defensive Formation
23714	Minor Ring of Life Steal
23715	Minor Ring of Shadowstrike
23716	Minor Ring of Expose Weakness
23717	Minor Ring of Riposte
23718	Minor Ring of Longshot
23719	Minor Ring of Explosive Arrow
23720	Minor Ring of Sharpen Weapons
23721	Minor Ring of Frostbite
23722	Minor Ring of Ice Blast
23723	Minor Ring of Fire Attunement
23724	Minor Ring of Ice Attunement
23725	Minor Ring of Sanctuary
23726	Minor Ring of Rescue
23727	Minor Ring of Stinging Swarm
23728	Minor Ring of Bless
23729	Lesser Ring of Double Attack
23730	Lesser Ring of Skewer
23731	Lesser Ring of Shield Wall
23732	Lesser Ring of Shatter
23733	Lesser Ring of Rupture
23734	Lesser Ring of Defensive Formation
23735	Lesser Ring of Life Steal
23736	Lesser Ring of Shadowstrike
23737	Lesser Ring of Expose Weakness
23738	Lesser Ring of Riposte
23739	Lesser Ring of Longshot
23740	Lesser Ring of Explosive Arrow
23741	Lesser Ring of Sharpen Weapons
23742	Lesser Ring of Frostbite
23743	Lesser Ring of Ice Blast
23744	Lesser Ring of Fire Attunement
23745	Lesser Ring of Ice Attunement
23746	Lesser Ring of Sanctuary
23747	Lesser Ring of Rescue
23748	Lesser Ring of Stinging Swarm
23749	Lesser Ring of Bless
23750	Greater Ring of Double Attack
23751	Greater Ring of Skewer
23752	Greater Ring of Shield Wall
23753	Greater Ring of Shatter
23754	Greater Ring of Rupture
23755	Greater Ring of Defensive Formation
23756	Greater Ring of Life Steal
23757	Greater Ring of Shadowstrike
23758	Greater Ring of Expose Weakness
23759	Greater Ring of Riposte
23760	Greater Ring of Longshot
23761	Greater Ring of Explosive Arrow
23762	Greater Ring of Sharpen Weapons
23763	Greater Ring of Frostbite
23764	Greater Ring of Ice Blast
23765	Greater Ring of Fire Attunement
23766	Greater Ring of Ice Attunement
23767	Greater Ring of Sanctuary
23768	Greater Ring of Rescue
23769	Greater Ring of Stinging Swarm
23770	Greater Ring of Bless
23771	Grand Ring of Double Attack
23772	Grand Ring of Skewer
23773	Grand Ring of Shield Wall
23774	Grand Ring of Shatter
23775	Grand Ring of Rupture
23776	Grand Ring of Defensive Formation
23777	Grand Ring of Life Steal
23779	Grand Ring of Shadowstrike
23780	Grand Ring of Expose Weakness
23781	Grand Ring of Riposte
23782	Grand Ring of Longshot
23783	Grand Ring of Explosive Arrow
23784	Grand Ring of Sharpen Weapons
23785	Grand Ring of Frostbite
23786	Grand Ring of Ice Blast
23787	Grand Ring of Fire Attunement
23788	Grand Ring of Ice Attunement
23789	Grand Ring of Sanctuary
23790	Grand Ring of Rescue
23791	Grand Ring of Stinging Swarm
23792	Grand Ring of Bless
23793	Royal Ring of Double Attack
23794	Royal Ring of Skewer
23795	Royal Ring of Shield Wall
23796	Royal Ring of Shatter
23797	Royal Ring of Rupture
23798	Royal Ring of Defensive Formation
23799	Royal Ring of Life Steal
23800	Royal Ring of Shadowstrike
23801	Royal Ring of Expose Weakness
23802	Royal Ring of Riposte
23803	Royal Ring of Longshot
23804	Royal Ring of Explosive Arrow
23805	Royal Ring of Sharpen Weapons
23806	Royal Ring of Frostbite
23807	Royal Ring of Ice Blast
23808	Royal Ring of Fire Attunement
23809	Royal Ring of Ice Attunement
23810	Royal Ring of Sanctuary
23811	Royal Ring of Rescue
23812	Royal Ring of Stinging Swarm
23813	Royal Ring of Bless
34213	Minor Bracelet of Bandage Wounds
34214	Minor Bracelet of Double Attack
34215	Minor Bracelet of Skewer
34216	Minor Bracelet of Pummel
34217	Minor Bracelet of Giant Swing
34218	Minor Bracelet of Sweeping Blow
34219	Minor Bracelet of Shield Bash
34220	Minor Bracelet of Taunt
34221	Minor Bracelet of Warcry
34222	Minor Bracelet of Rupture
34223	Minor Bracelet of Sneaky Attack
34224	Minor Bracelet of Quick Strike
34225	Minor Bracelet of Explosive Arrow
34226	Minor Bracelet of Life Steal
34227	Minor Bracelet of Shadowstrike
34228	Minor Bracelet of Sharp Shot
34229	Minor Bracelet of Light Heal
34230	Minor Bracelet of Longshot
34231	Minor Bracelet of Explosive Arrow
34232	Minor Bracelet of Fire Bolt
34233	Minor Bracelet of Ice Shards
34234	Minor Bracelet of Firestorm
34235	Minor Bracelet of Sacrifice
34236	Minor Bracelet of Ice Blast
34237	Minor Bracelet of Lightning Strike
34238	Minor Bracelet of Storm Touch
34239	Minor Bracelet of Natures Touch
34240	Minor Bracelet of Natures Breath
34241	Lesser Bracelet of Bandage Wounds
34242	Lesser Bracelet of Double Attack
34243	Lesser Bracelet of Skewer
34244	Lesser Bracelet of Pummel
34245	Lesser Bracelet of Giant Swing
34246	Lesser Bracelet of Sweeping Blow
34247	Lesser Bracelet of Shield Bash
34248	Lesser Bracelet of Taunt
34249	Lesser Bracelet of Warcry
34250	Lesser Bracelet of Rupture
34251	Lesser Bracelet of Sneaky Attack
34252	Lesser Bracelet of Quick Strike
34253	Lesser Bracelet of Explosive Arrow
34254	Lesser Bracelet of Life Steal
34255	Lesser Bracelet of Shadowstrike
34256	Lesser Bracelet of Sharp Shot
34257	Lesser Bracelet of Light Heal
34258	Lesser Bracelet of Longshot
34259	Lesser Bracelet of Explosive Arrow
34260	Lesser Bracelet of Fire Bolt
34261	Lesser Bracelet of Ice Shards
34262	Lesser Bracelet of Firestorm
34263	Lesser Bracelet of Sacrifice
34264	Lesser Bracelet of Ice Blast
34265	Lesser Bracelet of Lightning Strike
34266	Lesser Bracelet of Storm Touch
34267	Lesser Bracelet of Natures Touch
34268	Lesser Bracelet of Natures Breath
34269	Greater Bracelet of Bandage Wounds
34270	Greater Bracelet of Double Attack
34271	Greater Bracelet of Skewer
34272	Greater Bracelet of Pummel
34273	Greater Bracelet of Giant Swing
34274	Greater Bracelet of Sweeping Blow
34275	Greater Bracelet of Shield Bash
34276	Greater Bracelet of Taunt
34277	Greater Bracelet of Warcry
34278	Greater Bracelet of Rupture
34279	Greater Bracelet of Sneaky Attack
34280	Greater Bracelet of Quick Strike
34281	Greater Bracelet of Explosive Arrow
34282	Greater Bracelet of Life Steal
34283	Greater Bracelet of Shadowstrike
34284	Greater Bracelet of Sharp Shot
34285	Greater Bracelet of Light Heal
34286	Greater Bracelet of Longshot
34287	Greater Bracelet of Explosive Arrow
34288	Greater Bracelet of Fire Bolt
34289	Greater Bracelet of Ice Shards
34290	Greater Bracelet of Firestorm
34291	Greater Bracelet of Sacrifice
34292	Greater Bracelet of Ice Blast
34293	Greater Bracelet of Lightning Strike
34294	Greater Bracelet of Storm Touch
34295	Greater Bracelet of Natures Touch
34296	Greater Bracelet of Natures Breath
34297	Grand Bracelet of Bandage Wounds
34298	Grand Bracelet of Double Attack
34299	Grand Bracelet of Skewer
34300	Grand Bracelet of Pummel
34301	Grand Bracelet of Giant Swing
34302	Grand Bracelet of Sweeping Blow
34303	Grand Bracelet of Shield Bash
34304	Grand Bracelet of Taunt
34305	Grand Bracelet of Warcry
34306	Grand Bracelet of Rupture
34307	Grand Bracelet of Sneaky Attack
34308	Grand Bracelet of Quick Strike
34309	Grand Bracelet of Explosive Arrow
34310	Grand Bracelet of Life Steal
34311	Grand Bracelet of Shadowstrike
34312	Grand Bracelet of Sharp Shot
34313	Grand Bracelet of Light Heal
34314	Grand Bracelet of Longshot
34315	Grand Bracelet of Explosive Arrow
34316	Grand Bracelet of Fire Bolt
34317	Grand Bracelet of Ice Shards
34318	Grand Bracelet of Firestorm
34319	Grand Bracelet of Sacrifice
34320	Grand Bracelet of Ice Blast
34321	Grand Bracelet of Lightning Strike
34322	Grand Bracelet of Storm Touch
34323	Grand Bracelet of Natures Touch
34324	Grand Bracelet of Natures Breath
34325	Royal Bracelet of Bandage Wounds
34326	Royal Bracelet of Double Attack
34327	Royal Bracelet of Skewer
34328	Royal Bracelet of Pummel
34329	Royal Bracelet of Giant Swing
34330	Royal Bracelet of Sweeping Blow
34331	Royal Bracelet of Shield Bash
34332	Royal Bracelet of Taunt
34333	Royal Bracelet of Warcry
34334	Royal Bracelet of Rupture
34335	Royal Bracelet of Sneaky Attack
34336	Royal Bracelet of Quick Strike
34337	Royal Bracelet of Explosive Arrow
34338	Royal Bracelet of Life Steal
34339	Royal Bracelet of Shadowstrike
34340	Royal Bracelet of Sharp Shot
34341	Royal Bracelet of Light Heal
34342	Royal Bracelet of Longshot
34343	Royal Bracelet of Explosive Arrow
34344	Royal Bracelet of Fire Bolt
34345	Royal Bracelet of Ice Shards
34346	Royal Bracelet of Firestorm
34347	Royal Bracelet of Sacrifice
34348	Royal Bracelet of Ice Blast
34349	Royal Bracelet of Lightning Strike
34350	Royal Bracelet of Storm Touch
34351	Royal Bracelet of Natures Touch
34352	Royal Bracelet of Natures Breath
34653	Ancient Wyrmbone Greataxe
34654	Ancient Wyrmbone Handaxe
34655	Ancient Wyrmbone Bow
34656	Ancient Wyrmbone Dagger
34657	Ancient Wyrmbone Dagger Offhand
34658	Ancient Wyrmbone Push Dagger
34659	Ancient Wyrmbone Push Dagger Offhand
34660	Ancient Wyrmbone Club
34661	Ancient Wyrmbone Great Hammer
34662	Ancient Wyrmbone Spear
34663	Ancient Wyrmbone Staff
34664	Ancient Wyrmbone Sword
34665	Ancient Wyrmbone Greatsword
34666	Ancient Wyrmbone Totem
34667	Ancient Wyrmbone Wand
34668	Beastbone Gauntlets
34669	Beastbone Boots
34670	Beastbone Helm
34671	Beastbone Greaves
34672	Beastbone Breastplate
34673	Beastbone Wristguards
34674	Beastbone Sandals
34675	Beastbone Circlet
34676	Beastbone Leggings
34677	Beastbone Robe
34678	Beastbone Vambraces
34679	Beastbone Treads
34680	Beastbone Hood
34681	Beastbone Legguards
34682	Beastbone Cuirass
34683	Beastbone Gloves
34684	Beastbone Shoes
34685	Beastbone Hat
34686	Beastbone Skirt
34687	Beastbone Gown
34688	Beastbone Handwraps
34689	Beastbone Footguards
34690	Beastbone Cowl
34691	Beastbone Breeches
34692	Beastbone Jerkin
34693	Ancient Beastbone Gauntlets
34694	Ancient Beastbone Boots
34695	Ancient Beastbone Helm
34696	Ancient Beastbone Greaves
34697	Ancient Beastbone Breastplate
34698	Ancient Beastbone Wristguards
34699	Ancient Beastbone Sandals
34700	Ancient Beastbone Circlet
34701	Ancient Beastbone Leggings
34702	Ancient Beastbone Robe
34703	Ancient Beastbone Vambraces
34704	Ancient Beastbone Treads
34705	Ancient Beastbone Hood
34706	Ancient Beastbone Legguards
34707	Ancient Beastbone Cuirass
34708	Ancient Beastbone Gloves
34709	Ancient Beastbone Shoes
34710	Ancient Beastbone Hat
34711	Ancient Beastbone Skirt
34712	Ancient Beastbone Gown
34713	Ancient Beastbone Handwraps
34714	Ancient Beastbone Footguards
34715	Ancient Beastbone Cowl
34716	Ancient Beastbone Breeches
34717	Ancient Beastbone Jerkin
34718	Beastbone Greataxe
34719	Beastbone Handaxe
34720	Beastbone Bow
34721	Beastbone Dagger
34722	Beastbone Dagger Offhand
34723	Beastbone Push Dagger
34724	Beastbone Push Dagger Offhand
34725	Beastbone Club
34726	Beastbone Great Hammer
34727	Beastbone Spear
34728	Beastbone Staff
34729	Beastbone Sword
34730	Beastbone Greatsword
34731	Beastbone Totem
34732	Beastbone Wand
34733	Ancient Beastbone Greataxe
34734	Ancient Beastbone Handaxe
34735	Ancient Beastbone Bow
34736	Ancient Beastbone Dagger
34737	Ancient Beastbone Dagger Offhand
34738	Ancient Beastbone Push Dagger
34739	Ancient Beastbone Push Dagger Offhand
34740	Ancient Beastbone Club
34741	Ancient Beastbone Great Hammer
34742	Ancient Beastbone Spear
34743	Ancient Beastbone Staff
34744	Ancient Beastbone Sword
34745	Ancient Beastbone Greatsword
34746	Ancient Beastbone Totem
34747	Ancient Beastbone Wand
34748	Luxury Lesser Greataxe
34749	Luxury Lesser Handaxe
34750	Bonedragon Bow
34751	Bonedragon Dagger
34752	Bonedragon Shield
34753	Bonedragon Spear
34754	Bonedragon Sword
34755	Luxury Lesser Claymore
34756	Luxury Lesser Broadsword
34757	Luxury Lesser Flamehilt
34758	Bonedragon Totem
34759	Bonedragon Wand
34760	Luxury Greater Greataxe
34761	Luxury Greater Handaxe
34762	Luxury Greater Claymore
34763	Luxury Greater Broadsword
34764	Luxury Greater Flamehilt
34765	Minor Bone Shard
34766	Lesser Bone Shard
34767	Common Bone Shard
34768	Greater Bone Shard
34769	Grand Bone Shard
34770	10 Platinum
34771	60 Platinum
34772	150 Platinum
34773	330 Platinum
34774	1000 Platinum
34775	4000 Platinum
34776	Smuggler's Tonic
34777	5 Super Combo Elixirs
34778	5 Heroic Knowledge Elixirs
34779	5 Backpack Expansions
34780	5 Bank Expansions
34781	5 Sigils of Health
34782	5 Sigils of Energy
34783	Super Wisdom Elixir Set
34784	Platinum Lockbox
34785	5 Platinum
34786	Warbeast Egg
34793	Quartermaster's Gloves
34794	Blue Pirate Gloves
34795	Brown Pirate Gloves
34796	Green Pirate Gloves
34797	Pink Pirate Gloves
34798	Purple Pirate Gloves
34799	Red Pirate Gloves
34800	Darksea Captain's Gloves
34801	Yellow Pirate Gloves
34802	Darksea Captain's Eyepatch
34803	Red Pirate Eyepatch
34804	Blue Pirate Eyepatch
34805	Green Pirate Eyepatch
34806	Yellow Pirate Eyepatch
34807	Brown Pirate Eyepatch
34808	Darksea Pirate Chest
34809	Darksea Pirate Chest
34812	Guild Master's Coat
34813	Blue Smuggler Coat
34814	Nightmaster's Coat
34815	Red Smuggler Coat
34816	Green Smuggler Coat
34817	Yellow Smuggler Coat
34818	Brown Smuggler Coat
34819	Pink Smuggler Coat
34820	Purple Smuggler Coat
34821	Guild Master's Trousers
34822	Nightmaster's Trousers
34823	Brown Smuggler Trousers
34824	Red Smuggler Trousers
34825	Blue Smuggler Trousers
34826	Green Smuggler Trousers
34827	Yellow Smuggler Trousers
34828	Pink Smuggler Trousers
34829	Purple Smuggler Trousers
34830	Guild Master's Mask
34831	Nightmaster's Mask
34832	Red Smuggler Mask
34833	Blue Smuggler Mask
34834	Yellow Smuggler Mask
34835	Green Smuggler Mask
34836	Brown Smuggler Mask
34837	Pink Smuggler Mask
34838	Purple Smuggler Mask
34839	Nightmaster's Shoes
34840	Red Smuggler Shoes
34841	Blue Smuggler Shoes
34842	Green Smuggler Shoes
34843	Yellow Smuggler Shoes
34844	Brown Smuggler Shoes
34845	Guild Master's Shoes
34846	Pink Smuggler Shoes
34847	Purple Smuggler Shoes
34848	Nightmaster's Gloves
34849	Blue Smuggler Gloves
34850	Brown Smuggler Gloves
34851	Green Smuggler Gloves
34852	Pink Smuggler Gloves
34853	Purple Smuggler Gloves
34854	Red Smuggler Gloves
34855	Guild Master's Gloves
34856	Yellow Smuggler Gloves
34857	Aldington Smuggler Chest
34858	Aldington Smuggler Trunk
34859	Aldington Smuggler Footlocker
34860	Aldington Smuggler Lockbox
34861	Aldington Smuggler Case
34870	Killain's Medal
34871	Hawkhurst Chest
34872	Hawkhurst Lockpick
34873	Wyrmbone Shield
34874	Ancient Wyrmbone Shield
34875	Restoration Potion Set
34876	Ancient Resurrection Idol Set
34877	Bag of 1,000,000 Gold
34880	Abyssal Sword of Might
34881	Abyssal Sword of Agility
34882	Abyssal Sword of Power
34883	Abyssal Sword of Bravery
34884	Abyssal Dagger of Might
34885	Abyssal Dagger of Agility
34886	Abyssal Dagger of Bravery
34887	Abyssal Dagger of Power
34888	Abyssal Bow of Might
34889	Abyssal Bow of Agility
34890	Abyssal Bow of Bravery
34891	Abyssal Bow of Power
34892	Abyssal Wand of Bravery
34893	Abyssal Wand of Mind
34894	Abyssal Wand of Agility
34895	Abyssal Wand of Power
34896	Abyssal Totem of Bravery
34897	Abyssal Totem of Mind
34898	Abyssal Totem of Agility
34899	Abyssal Totem of Power
34900	Abyssal Spear of Might
34901	Abyssal Spear of Bravery
34902	Abyssal Spear of Power
34903	Abyssal Spear of Agility
34904	Abyssal Axe of Might
34905	Abyssal Axe of Agility
34906	Abyssal Axe of Bravery
34907	Abyssal Axe of Power
34908	Abyssal Hammer of Might
34909	Abyssal Hammer of Power
34910	Abyssal Hammer of Bravery
34911	Abyssal Hammer of Mind
34912	Abyssal Knuckle of Power
34913	Abyssal Knuckle of Agility
34914	Abyssal Knuckle of Might
34915	Abyssal Knuckle of Bravery
34916	Abyssal Grimoire of Bravery
34917	Abyssal Grimoire of Mind
34918	Abyssal Grimoire of Agility
34919	Abyssal Grimoire of Power
34920	Fianna Bracelet of Combat
34921	Fianna Bracelet of Chivalry
34922	Fianna Bracelet of Protection
34923	Fianna Bracelet of Rage
34924	Fianna Bracelet of War
34925	Fianna Bracelet of Respite
34926	Fianna Bracelet of Snares
34927	Fianna Bracelet of Hunting
34928	Fianna Bracelet of Survival
34929	Fianna Bracelet of Ingenuity
34930	Fianna Bracelet of Preparation
34931	Fianna Bracelet of Archery
34932	Fianna Bracelet of Ambush
34933	Fianna Bracelet of Sabotage
34934	Fianna Bracelet of Deception
34935	Fianna Bracelet of Stealth
34936	Fianna Bracelet of Spite
34937	Fianna Bracelet of Guile
34938	Fianna Bracelet of Bolts
34939	Fianna Bracelet of Elements
34940	Fianna Bracelet of Destruction
34941	Fianna Bracelet of Fire Control
34942	Fianna Bracelet of Ice Control
34943	Fianna Bracelet of Energy
34944	Fianna Bracelet of Growth
34945	Fianna Bracelet of Consecration
34946	Fianna Bracelet of Hindrance
34947	Fianna Bracelet of Intervention
34948	Fianna Bracelet of Healing
34949	Fianna Bracelet of Thunder
34950	Helm of the Developer
34951	Darksea Chest
34952	Darksea Lockpick
34953	Burdock
34954	Ceremonial Dagger
34955	Heroic Elixir of Wisdom
34956	Heroic Elixir of Knowledge
34957	Leystone Fragment Bag
34958	Minor Meteoric Crystal
34959	Lesser Meteoric Crystal
34960	Common Meteoric Crystal
34961	Greater Meteoric Crystal
34962	Grand Meteoric Crystal
34963	Ring of Life
34964	Ring of Essence
34965	Ring of Spirits
34966	Ring of Souls
34967	Bracelet of Life
34968	Bracelet of Essence
34969	Bracelet of Spirits
34970	Bracelet of Souls
34971	Amulet of Slaying
34972	Amulet of Annihilation
34973	Bag of 2,000 Gold
34974	Bag of 5,000 Gold
34975	Fiery Helm of the Veteran
34976	Fiery Helm of the Champion
34977	Freezing Helm of the Veteran
34978	Freezing Helm of the Champion
34979	Fiery Axe of Triumph
34980	Fiery Axe of Conquest
34981	Freezing Axe of Triumph
34982	Freezing Axe of Conquest
34983	Fiery Dagger of Haste
34984	Fiery Dagger of Celerity
34985	Freezing Dagger of Haste
34986	Freezing Dagger of Celerity
34987	Fiery Quiver of Beasts
34988	Fiery Quiver of the Wild
34989	Freezing Quiver of Beasts
34990	Freezing Quiver of the Wild
34991	Crown of the Master
34992	Crown of the Grandmaster
34993	Helm of the Giant
34994	Helm of the Titan
34995	Primal Blade
34996	Elder Blade
34997	Warty Toad Skin
34998	Slimy Toad Skin
34999	Smooth Toad Skin
35000	'Energy Harvest' Spell Tome
35001	'Double Shot' Training Manual
35002	Minor Ring of Double Shot
35003	Lesser Ring of Double Shot
35004	Greater Ring of Double Shot
35005	Grand Ring of Double Shot
35006	Royal Ring of Double Shot
35007	Minor Ring of Energy Harvest
35008	Lesser Ring of Energy Harvest
35009	Greater Ring of Energy Harvest
35010	Grand Ring of Energy Harvest
35011	Royal Ring of Energy Harvest
35012	Heroic Elixir of Energisation
35013	Heroic Elixir of Regeneration
35014	Heroic Travelling Elixir
35015	Bag of 2,000,000 Gold
35016	Minor Riftskull Bracelet of Force
35017	Minor Riftskull Bracelet of Finesse
35018	Minor Riftskull Bracelet of Toughness
35019	Minor Riftskull Bracelet of Constitution
35020	Minor Riftskull Bracelet of Brawn
35021	Minor Riftskull Bracelet of Guile
35028	Lesser Riftskull Bracelet of Force
35029	Lesser Riftskull Bracelet of Finesse
35030	Lesser Riftskull Bracelet of Toughness
35031	Lesser Riftskull Bracelet of Constitution
35032	Lesser Riftskull Bracelet of Brawn
35033	Lesser Riftskull Bracelet of Guile
35040	Mystic Riftskull Bracelet of Force
35041	Mystic Riftskull Bracelet of Finesse
35042	Mystic Riftskull Bracelet of Toughness
35043	Mystic Riftskull Bracelet of Constitution
35044	Mystic Riftskull Bracelet of Brawn
35045	Mystic Riftskull Bracelet of Guile
35052	Greater Riftskull Bracelet of Force
35053	Greater Riftskull Bracelet of Finesse
35054	Greater Riftskull Bracelet of Toughness
35055	Greater Riftskull Bracelet of Constitution
35056	Greater Riftskull Bracelet of Brawn
35057	Greater Riftskull Bracelet of Guile
35064	Grand Riftskull Bracelet of Force
35065	Grand Riftskull Bracelet of Finesse
35066	Grand Riftskull Bracelet of Toughness
35067	Grand Riftskull Bracelet of Constitution
35068	Grand Riftskull Bracelet of Brawn
35069	Grand Riftskull Bracelet of Guile
35070	Mighty Riftskull Bracelet of Force
35071	Mighty Riftskull Bracelet of Finesse
35072	Mighty Riftskull Bracelet of Toughness
35073	Mighty Riftskull Bracelet of Constitution
35074	Mighty Riftskull Bracelet of Brawn
35075	Mighty Riftskull Bracelet of Guile
35076	Majestic Riftskull Bracelet of Force
35077	Majestic Riftskull Bracelet of Finesse
35078	Majestic Riftskull Bracelet of Toughness
35079	Majestic Riftskull Bracelet of Constitution
35080	Majestic Riftskull Bracelet of Brawn
35081	Majestic Riftskull Bracelet of Guile
35082	Royal Riftskull Bracelet of Force
35083	Royal Riftskull Bracelet of Finesse
35084	Royal Riftskull Bracelet of Toughness
35085	Royal Riftskull Bracelet of Constitution
35086	Royal Riftskull Bracelet of Brawn
35087	Royal Riftskull Bracelet of Guile
35088	Imperial Riftskull Bracelet of Force
35089	Imperial Riftskull Bracelet of Finesse
35090	Imperial Riftskull Bracelet of Toughness
35091	Imperial Riftskull Bracelet of Constitution
35092	Imperial Riftskull Bracelet of Brawn
35093	Imperial Riftskull Bracelet of Guile
35094	Godly Riftskull Bracelet of Force
35095	Godly Riftskull Bracelet of Finesse
35096	Godly Riftskull Bracelet of Toughness
35097	Godly Riftskull Bracelet of Constitution
35098	Godly Riftskull Bracelet of Brawn
35099	Godly Riftskull Bracelet of Guile
35100	Red Summer Garland
35101	Pink Summer Garland
35102	Orange Summer Garland
35103	Yellow Summer Garland
35104	Green Summer Garland
35105	Turquoise Summer Garland
35106	Blue Summer Garland
35107	Purple Summer Garland
35108	Black Summer Garland
35109	White Summer Garland
35110	Red Party Crown
35111	Pink Party Crown
35112	Orange Party Crown
35113	Yellow Party Crown
35114	Green Party Crown
35115	Turquoise Party Crown
35116	Blue Party Crown
35117	Purple Party Crown
35118	Black Party Crown
35119	White Party Crown
35120	Wizard's Solar Dragonstaff
35121	Wizard's Fiery Dragonstaff
35122	Wizard's Scorching Dragonstaff
35123	Wizard's Lunar Dragonstaff
35124	Wizard's Earthen Dragonstaff
35125	Wizard's Thunder Dragonstaff
35126	Wizard's Celestial Dragonstaff
35127	Old Rubbish Dragonstaff
35128	Epic Developer Lute
35129	Minor Bear Helm of the Burning Wastes
35130	Lesser Bear Helm of the Burning Wastes
35131	Mystic Bear Helm of the Burning Wastes
35132	Greater Bear Helm of the Burning Wastes
35133	Grand Bear Helm of the Burning Wastes
35134	Mighty Bear Helm of the Burning Wastes
35135	Majestic Bear Helm of the Burning Wastes
35136	Royal Bear Helm of the Burning Wastes
35137	Imperial Bear Helm of the Burning Wastes
35138	Minor Bear Helm of the Freezing River
35139	Lesser Bear Helm of the Freezing River
35140	Mystic Bear Helm of the Freezing River
35141	Greater Bear Helm of the Freezing River
35142	Grand Bear Helm of the Freezing River
35143	Mighty Bear Helm of the Freezing River
35144	Majestic Bear Helm of the Freezing River
35145	Royal Bear Helm of the Freezing River
35146	Imperial Bear Helm of the Freezing River
35147	Minor Bear Helm of the Mystic Cave
35148	Lesser Bear Helm of the Mystic Cave
35149	Mystic Bear Helm of the Mystic Cave
35150	Greater Bear Helm of the Mystic Cave
35151	Grand Bear Helm of the Mystic Cave
35152	Mighty Bear Helm of the Mystic Cave
35153	Majestic Bear Helm of the Mystic Cave
35154	Royal Bear Helm of the Mystic Cave
35155	Imperial Bear Helm of the Mystic Cave
35156	Minor Bear Helm of the Cruel Claw
35157	Lesser Bear Helm of the Cruel Claw
35158	Mystic Bear Helm of the Cruel Claw
35159	Greater Bear Helm of the Cruel Claw
35160	Grand Bear Helm of the Cruel Claw
35161	Mighty Bear Helm of the Cruel Claw
35162	Majestic Bear Helm of the Cruel Claw
35163	Royal Bear Helm of the Cruel Claw
35164	Imperial Bear Helm of the Cruel Claw
35165	Minor Bear Helm of the Raging Beast
35166	Lesser Bear Helm of the Raging Beast
35167	Mystic Bear Helm of the Raging Beast
35168	Greater Bear Helm of the Raging Beast
35169	Grand Bear Helm of the Raging Beast
35170	Mighty Bear Helm of the Raging Beast
35171	Majestic Bear Helm of the Raging Beast
35172	Royal Bear Helm of the Raging Beast
35173	Imperial Bear Helm of the Raging Beast
35174	Minor Bear Helm of the Savage Maw
35175	Lesser Bear Helm of the Savage Maw
35176	Mystic Bear Helm of the Savage Maw
35177	Greater Bear Helm of the Savage Maw
35178	Grand Bear Helm of the Savage Maw
35179	Mighty Bear Helm of the Savage Maw
35180	Majestic Bear Helm of the Savage Maw
35181	Royal Bear Helm of the Savage Maw
35182	Imperial Bear Helm of the Savage Maw
35187	Red Sunlit Vambraces
35188	Green Sunlit Vambraces
35189	Blue Sunlit Vambraces
35190	Brown Sunlit Vambraces
35191	Yellow Sunlit Vambraces
35192	Pink Sunlit Vambraces
35193	Purple Sunlit Vambraces
35196	White Sunlit Wristguards
35197	Black Sunlit Wristguards
35198	Red Sunlit Wristguards
35199	Green Sunlit Wristguards
35200	Blue Sunlit Wristguards
35201	Brown Sunlit Wristguards
35202	Yellow Sunlit Wristguards
35203	Pink Sunlit Wristguards
35204	Purple Sunlit Wristguards
35209	Red Sunlit Shirt
35210	Green Sunlit Shirt
35211	Blue Sunlit Shirt
35212	Brown Sunlit Shirt
35213	Yellow Sunlit Shirt
35214	Pink Sunlit Shirt
35215	Purple Sunlit Shirt
35218	White Sunlit Top
35219	Black Sunlit Top
35220	Red Sunlit Top
35221	Green Sunlit Top
35222	Blue Sunlit Top
35223	Brown Sunlit Top
35224	Yellow Sunlit Top
35225	Pink Sunlit Top
35226	Purple Sunlit Top
35231	Red Sunlit Trousers
35232	Green Sunlit Trousers
35233	Blue Sunlit Trousers
35234	Brown Sunlit Trousers
35235	Yellow Sunlit Trousers
35236	Pink Sunlit Trousers
35237	Purple Sunlit Trousers
35240	White Sunlit Leggings
35241	Black Sunlit Leggings
35242	Red Sunlit Skirt
35243	Green Sunlit Skirt
35244	Blue Sunlit Skirt
35245	Brown Sunlit Skirt
35246	Yellow Sunlit Skirt
35247	Pink Sunlit Skirt
35248	Purple Sunlit Skirt
35253	Red Sunlit Treads
35254	Green Sunlit Treads
35255	Blue Sunlit Treads
35256	Brown Sunlit Treads
35257	Yellow Sunlit Treads
35258	Pink Sunlit Treads
35259	Purple Sunlit Treads
35262	White Sunlit Boots
35263	Black Sunlit Boots
35264	Red Sunlit Boots
35265	Green Sunlit Boots
35266	Blue Sunlit Boots
35267	Brown Sunlit Boots
35268	Yellow Sunlit Boots
35269	Pink Sunlit Boots
35270	Purple Sunlit Boots
35271	Red Balloon
35272	Blue Balloon
35273	Yellow Balloon
35274	Red Anniversary Present
35275	Green Anniversary Present
35276	Godly Bear Helm of the Burning Wastes
35277	Godly Bear Helm of the Freezing River
35278	Godly Bear Helm of the Mystic Cave
35279	Godly Bear Helm of the Cruel Claw
35280	Godly Bear Helm of the Raging Beast
35281	Godly Bear Helm of the Savage Maw
35282	Red Party Hat
35283	Yellow Party Hat
35284	Blue Party Hat
35285	Green Party Hat
35286	Pink Party Hat
35287	Orange Party Hat
35288	Turquoise Party Hat
35289	White Party Hat
35290	Purple Party Hat
35291	Black Party Hat
35292	Lime Green Party Hat
35293	Navy Party Hat
35294	Darkfell Pict Charm
35295	Jotun Charm
35296	Minor Sunfire Charm of Enduring Health
35297	Minor Sunfire Charm of Mighty Throw
35298	Minor Sunfire Charm of Choking Powder
35299	Minor Sunfire Charm of Burning Lure
35300	Minor Sunfire Charm of Barbed Roots
35301	Minor Sunfire Charm of Mending Formation
35302	Minor Sunfire Charm of Steady Recovery
35303	Minor Sunfire Charm of Reflex Heal
35304	Minor Sunfire Charm of Life Boost
35305	Minor Sunfire Charm of Healing Sanctuary
35306	Lesser Sunfire Charm of Enduring Health
35307	Lesser Sunfire Charm of Mighty Throw
35308	Lesser Sunfire Charm of Choking Powder
35309	Lesser Sunfire Charm of Burning Lure
35310	Lesser Sunfire Charm of Barbed Roots
35311	Lesser Sunfire Charm of Mending Formation
35312	Lesser Sunfire Charm of Steady Recovery
35313	Lesser Sunfire Charm of Reflex Heal
35314	Lesser Sunfire Charm of Life Boost
35315	Lesser Sunfire Charm of Healing Sanctuary
35316	Common Sunfire Charm of Enduring Health
35317	Common Sunfire Charm of Mighty Throw
35318	Common Sunfire Charm of Choking Powder
35319	Common Sunfire Charm of Burning Lure
35320	Common Sunfire Charm of Barbed Roots
35321	Common Sunfire Charm of Mending Formation
35322	Common Sunfire Charm of Steady Recovery
35323	Common Sunfire Charm of Reflex Heal
35324	Common Sunfire Charm of Life Boost
35325	Common Sunfire Charm of Healing Sanctuary
35326	Greater Sunfire Charm of Enduring Health
35327	Greater Sunfire Charm of Mighty Throw
35328	Greater Sunfire Charm of Choking Powder
35329	Greater Sunfire Charm of Burning Lure
35330	Greater Sunfire Charm of Barbed Roots
35331	Greater Sunfire Charm of Mending Formation
35332	Greater Sunfire Charm of Steady Recovery
35333	Greater Sunfire Charm of Reflex Heal
35334	Greater Sunfire Charm of Life Boost
35335	Greater Sunfire Charm of Healing Sanctuary
35336	Grand Sunfire Charm of Enduring Health
35337	Grand Sunfire Charm of Mighty Throw
35338	Grand Sunfire Charm of Choking Powder
35339	Grand Sunfire Charm of Burning Lure
35340	Grand Sunfire Charm of Barbed Roots
35341	Grand Sunfire Charm of Mending Formation
35342	Grand Sunfire Charm of Steady Recovery
35343	Grand Sunfire Charm of Reflex Heal
35344	Grand Sunfire Charm of Life Boost
35345	Grand Sunfire Charm of Healing Sanctuary
35346	Mighty Sunfire Charm of Enduring Health
35347	Mighty Sunfire Charm of Mighty Throw
35348	Mighty Sunfire Charm of Choking Powder
35349	Mighty Sunfire Charm of Burning Lure
35350	Mighty Sunfire Charm of Barbed Roots
35351	Mighty Sunfire Charm of Mending Formation
35352	Mighty Sunfire Charm of Steady Recovery
35353	Mighty Sunfire Charm of Reflex Heal
35354	Mighty Sunfire Charm of Life Boost
35355	Mighty Sunfire Charm of Healing Sanctuary
35356	Majestic Sunfire Charm of Enduring Health
35357	Majestic Sunfire Charm of Mighty Throw
35358	Majestic Sunfire Charm of Choking Powder
35359	Majestic Sunfire Charm of Burning Lure
35360	Majestic Sunfire Charm of Barbed Roots
35361	Majestic Sunfire Charm of Mending Formation
35362	Majestic Sunfire Charm of Steady Recovery
35363	Majestic Sunfire Charm of Reflex Heal
35364	Majestic Sunfire Charm of Life Boost
35365	Majestic Sunfire Charm of Healing Sanctuary
35366	Royal Sunfire Charm of Enduring Health
35367	Royal Sunfire Charm of Mighty Throw
35368	Royal Sunfire Charm of Choking Powder
35369	Royal Sunfire Charm of Burning Lure
35370	Royal Sunfire Charm of Barbed Roots
35371	Royal Sunfire Charm of Mending Formation
35372	Royal Sunfire Charm of Steady Recovery
35373	Royal Sunfire Charm of Reflex Heal
35374	Royal Sunfire Charm of Life Boost
35375	Royal Sunfire Charm of Healing Sanctuary
35376	Imperial Sunfire Charm of Enduring Health
35377	Imperial Sunfire Charm of Mighty Throw
35378	Imperial Sunfire Charm of Choking Powder
35379	Imperial Sunfire Charm of Burning Lure
35380	Imperial Sunfire Charm of Barbed Roots
35381	Imperial Sunfire Charm of Mending Formation
35382	Imperial Sunfire Charm of Steady Recovery
35383	Imperial Sunfire Charm of Reflex Heal
35384	Imperial Sunfire Charm of Life Boost
35385	Imperial Sunfire Charm of Healing Sanctuary
35386	Godly Sunfire Charm of Enduring Health
35387	Godly Sunfire Charm of Mighty Throw
35388	Godly Sunfire Charm of Choking Powder
35389	Godly Sunfire Charm of Burning Lure
35390	Godly Sunfire Charm of Barbed Roots
35391	Godly Sunfire Charm of Mending Formation
35392	Godly Sunfire Charm of Steady Recovery
35393	Godly Sunfire Charm of Reflex Heal
35394	Godly Sunfire Charm of Life Boost
35395	Godly Sunfire Charm of Healing Sanctuary
35396	Darkfell Flamebringer Charm
35397	Pine Cone
35398	Juniper Berry
35399	Ivy Leaf
35400	Mistletoe Branch
35401	Sacred Torch
35402	Glowing Brand
35403	Fiery Brand
35404	Burning Brand
35405	Scorching Brand
35406	Flaming Brand
35409	Spicy Birthday Cake
35410	Sparkly Birthday Cake
35411	Glowing Birthday Cake
35412	Smokey Birthday Cake
35413	Poppy
35414	Foxglove
35415	Stately Anniversary Present
35416	Regal Anniversary Present
35417	Royal Anniversary Present
35418	Blazing Brand
35419	Furious Brand
35420	Mighty Brand
35421	Infernal Brand
35422	Radiant Brand
35423	Festival Torch
35424	Fiery Torch
35425	Ritual Torch
35426	Burning Torch
35427	Midsummer Torch
35428	Blazing Torch
35429	Torch of Ceremony
35430	Torch of the Magister
35431	Torch of Sunlight
35432	Torch of Belenus
35433	Sparkling Red Party Crown
35434	Sparkling Pink Party Crown
35435	Sparkling Orange Party Crown
35436	Sparkling Yellow Party Crown
35437	Sparkling Green Party Crown
35438	Sparkling Turquoise Party Crown
35439	Sparkling Blue Party Crown
35440	Sparkling Purple Party Crown
35441	Sparkling Black Party Crown
35442	Sparkling White Party Crown
35443	Sparkling Red Summer Garland
35444	Sparkling Pink Summer Garland
35445	Sparkling Orange Summer Garland
35446	Sparkling Yellow Summer Garland
35447	Sparkling Green Summer Garland
35448	Sparkling Turquoise Summer Garland
35449	Sparkling Blue Summer Garland
35450	Sparkling Purple Summer Garland
35451	Sparkling Black Summer Garland
35452	Sparkling White Summer Garland
35454	Blonde Braided Bun Wig
35455	Brown Braided Bun Wig
35456	Orange Braided Bun Wig
35457	Red Braided Bun Wig
35458	Grey Braided Bun Wig
35459	Black Braided Bun Wig
35460	Pink Braided Bun Wig
35461	White Braided Bun Wig
35462	Purple Braided Bun Wig
35463	Blue Braided Bun Wig
35464	Dark Green Braided Bun Wig
35465	Green Braided Bun Wig
35466	Sparkling Blonde Beltane Wig
35467	Sparkling Brown Beltane Wig
35468	Sparkling Orange Beltane Wig
35469	Sparkling Red Beltane Wig
35470	Sparkling Grey Beltane Wig
35471	Sparkling Black Beltane Wig
35472	Sparkling Pink Beltane Wig
35473	Sparkling White Beltane Wig
35474	Sparkling Purple Beltane Wig
35475	Sparkling Blue Beltane Wig
35476	Sparkling Dark Green Beltane Wig
35477	Sparkling Green Beltane Wig
35478	Blonde Short Curls Wig
35479	Brown Short Curls Wig
35480	Orange Short Curls Wig
35481	Red Short Curls Wig
35482	Grey Short Curls Wig
35483	Black Short Curls Wig
35484	Pink Short Curls Wig
35485	White Short Curls Wig
35486	Purple Short Curls Wig
35487	Blue Short Curls Wig
35488	Dark Green Short Curls Wig
35489	Green Short Curls Wig
35490	Sparkling Blonde Short Curls Wig OLD
35491	Sparkling Brown Short Curls Wig OLD
35492	Sparkling Orange Short Curls Wig OLD
35493	Sparkling Red Short Curls Wig OLD
35494	Sparkling Grey Short Curls Wig OLD
35495	Sparkling Black Short Curls Wig OLD
35496	Sparkling Pink Short Curls Wig OLD
35497	Sparkling White Short Curls Wig OLD
35498	Sparkling Purple Short Curls Wig OLD
35499	Sparkling Blue Short Curls Wig OLD
35500	Sparkling Dark Green Short Curls Wig OLD
35501	Sparkling Green Short Curls Wig OLD
35502	Sparkling Pict Charm
35503	Sparkling Jotun Charm
35504	Sparkling Flamebringer Charm
35505	Ancient Mystery Chest *Beltane Edition*
35506	Pale Orchid
35507	Regal Orchid
35508	Radiant Orchid
35509	Celestial Orchid
35510	Divine Orchid
35511	Minor Summerspark Scroll
35512	Lesser Summerspark Scroll
35513	Mystic Summerspark Scroll
35514	Greater Summerspark Scroll
35516	Grand Summerspark Scroll
35517	Mighty Summerspark Scroll
35518	Majestic Summerspark Scroll
35519	Royal Summerspark Scroll
35520	Imperial Summerspark Scroll
35521	Minor Sunfire Ring of Health
35522	Lesser Sunfire Ring of Health
35523	Common Sunfire Ring of Health
35524	Greater Sunfire Ring of Health
35525	Grand Sunfire Ring of Health
35526	Mighty Sunfire Ring of Health
35527	Majestic Sunfire Ring of Health
35528	Royal Sunfire Ring of Health
35529	Imperial Sunfire Ring of Health
35530	Godly Sunfire Ring of Health
35531	Minor Sunfire Ring of Energy
35532	Lesser Sunfire Ring of Energy
35533	Common Sunfire Ring of Energy
35534	Greater Sunfire Ring of Energy
35535	Grand Sunfire Ring of Energy
35536	Mighty Sunfire Ring of Energy
35537	Majestic Sunfire Ring of Energy
35538	Royal Sunfire Ring of Energy
35539	Imperial Sunfire Ring of Energy
35540	Godly Sunfire Ring of Energy
35541	Minor Sunfire Charm of Flames
35542	Lesser Sunfire Charm of Flames
35543	Common Sunfire Charm of Flames
35544	Greater Sunfire Charm of Flames
35545	Grand Sunfire Charm of Flames
35546	Mighty Sunfire Charm of Flames
35547	Majestic Sunfire Charm of Flames
35548	Royal Sunfire Charm of Flames
35549	Imperial Sunfire Charm of Flames
35550	Godly Sunfire Charm of Flames
35551	Minor Sunfire Charm of Frost
35552	Lesser Sunfire Charm of Frost
35553	Common Sunfire Charm of Frost
35554	Greater Sunfire Charm of Frost
35555	Grand Sunfire Charm of Frost
35556	Mighty Sunfire Charm of Frost
35557	Majestic Sunfire Charm of Frost
35558	Royal Sunfire Charm of Frost
35559	Imperial Sunfire Charm of Frost
35560	Godly Sunfire Charm of Frost
35561	Minor Sunfire Charm of Sorcery
35562	Lesser Sunfire Charm of Sorcery
35563	Common Sunfire Charm of Sorcery
35564	Greater Sunfire Charm of Sorcery
35565	Grand Sunfire Charm of Sorcery
35566	Mighty Sunfire Charm of Sorcery
35567	Majestic Sunfire Charm of Sorcery
35568	Royal Sunfire Charm of Sorcery
35569	Imperial Sunfire Charm of Sorcery
35570	Godly Sunfire Charm of Sorcery
35571	Minor Sunfire Charm of Venom
35572	Lesser Sunfire Charm of Venom
35573	Common Sunfire Charm of Venom
35574	Greater Sunfire Charm of Venom
35575	Grand Sunfire Charm of Venom
35576	Mighty Sunfire Charm of Venom
35577	Majestic Sunfire Charm of Venom
35578	Royal Sunfire Charm of Venom
35579	Imperial Sunfire Charm of Venom
35580	Godly Sunfire Charm of Venom
35581	Lesser Sunfire Charm of Pummel
35582	Greater Sunfire Charm of Pummel
35583	Royal Sunfire Charm of Pummel
35584	Imperial Sunfire Charm of Pummel
35585	Godly Sunfire Charm of Pummel
35586	Lesser Sunfire Charm of Giant Swing
35587	Greater Sunfire Charm of Giant Swing
35588	Royal Sunfire Charm of Giant Swing
35589	Imperial Sunfire Charm of Giant Swing
35590	Godly Sunfire Charm of Giant Swing
35591	Lesser Sunfire Charm of Quick Strike
35592	Greater Sunfire Charm of Quick Strike
35593	Royal Sunfire Charm of Quick Strike
35594	Imperial Sunfire Charm of Quick Strike
35595	Godly Sunfire Charm of Quick Strike
35596	Lesser Sunfire Charm of Sneaky Attack
35597	Greater Sunfire Charm of Sneaky Attack
35598	Royal Sunfire Charm of Sneaky Attack
35599	Imperial Sunfire Charm of Sneaky Attack
35600	Godly Sunfire Charm of Sneaky Attack
35601	Lesser Sunfire Charm of Sharp Shot
35602	Greater Sunfire Charm of Sharp Shot
35603	Royal Sunfire Charm of Sharp Shot
35604	Imperial Sunfire Charm of Sharp Shot
35605	Godly Sunfire Charm of Sharp Shot
35606	Lesser Sunfire Charm of Light Heal
35607	Greater Sunfire Charm of Light Heal
35608	Royal Sunfire Charm of Light Heal
35609	Imperial Sunfire Charm of Light Heal
35610	Godly Sunfire Charm of Light Heal
35611	Lesser Sunfire Charm of Fire Bolt
35612	Greater Sunfire Charm of Fire Bolt
35613	Royal Sunfire Charm of Fire Bolt
35614	Imperial Sunfire Charm of Fire Bolt
35615	Godly Sunfire Charm of Fire Bolt
35616	Lesser Sunfire Charm of Ice Shards
35617	Greater Sunfire Charm of Ice Shards
35618	Royal Sunfire Charm of Ice Shards
35619	Imperial Sunfire Charm of Ice Shards
35620	Godly Sunfire Charm of Ice Shards
35621	Lesser Sunfire Charm of Lightning Strike
35622	Greater Sunfire Charm of Lightning Strike
35623	Royal Sunfire Charm of Lightning Strike
35624	Imperial Sunfire Charm of Lightning Strike
35625	Godly Sunfire Charm of Lightning Strike
35626	Lesser Sunfire Charm of Natures Touch
35627	Greater Sunfire Charm of Natures Touch
35628	Royal Sunfire Charm of Natures Touch
35629	Imperial Sunfire Charm of Natures Touch
35630	Godly Sunfire Charm of Natures Touch
35631	Minor Sunfire Helm
35632	Lesser Sunfire Helm
35633	Common Sunfire Helm
35634	Greater Sunfire Helm
35635	Grand Sunfire Helm
35636	Mighty Sunfire Helm
35637	Majestic Sunfire Helm
35638	Royal Sunfire Helm
35639	Imperial Sunfire Helm
35640	Godly Sunfire Helm
35641	Beltane Dragonstaff
35642	Greater Beltane Dragonstaff
35643	Grand Beltane Dragonstaff
35644	Ancient Relic Dragonstaff
35645	Legendary Relic Dragonstaff
35646	Mythic Relic Dragonstaff
35647	Sparkling Beltane Wig Box
35648	Sunlit Fashion Box
35649	Invader Charm Chest
35650	Ancient Resurrection Idol Crate
35651	Restoration Potion Crate
35652	5 Heroic Wisdom Elixirs
35653	5 Heroic Haste Elixirs
35654	5 Heroic Energisation Elixirs
35655	5 Heroic Regen Elixirs
35656	5 Heroic Travelling Elixirs
35657	Heroic Elixir of Haste
35658	Minstrel's Lute
35659	Bard's Lute
35660	DO NOT USE
35661	5 Super Knowledge Elixirs
35663	Mighty Flamestone Ring
35664	Mighty Froststone Ring
35665	Mighty Stormstone Ring
35666	Mighty Blightstone Ring
35667	Mighty Flameward Ring
35668	Mighty Frostward Ring
35669	Mighty Stormward Ring
35670	Mighty Blightward Ring
35671	Mighty Flameseal Ring
35672	Mighty Frostseal Ring
35673	Mighty Stormseal Ring
35674	Mighty Blightseal Ring
35675	Mighty Flamesalve Ring
35676	Mighty Frostsalve Ring
35677	Mighty Stormsalve Ring
35678	Mighty Blightsalve Ring
35679	Mighty Flamebound Ring
35680	Mighty Frostbound Ring
35681	Mighty Stormbound Ring
35682	Mighty Blightbound Ring
35683	Majestic Flamestone Ring
35684	Majestic Froststone Ring
35685	Majestic Stormstone Ring
35686	Majestic Blightstone Ring
35687	Majestic Flameward Ring
35688	Majestic Frostward Ring
35689	Majestic Stormward Ring
35690	Majestic Blightward Ring
35691	Majestic Flameseal Ring
35692	Majestic Frostseal Ring
35693	Majestic Stormseal Ring
35694	Majestic Blightseal Ring
35695	Majestic Flamesalve Ring
35696	Majestic Frostsalve Ring
35697	Majestic Stormsalve Ring
35698	Majestic Blightsalve Ring
35699	Majestic Flamebound Ring
35700	Majestic Frostbound Ring
35701	Majestic Stormbound Ring
35702	Majestic Blightbound Ring
35703	Royal Flamestone Ring
35704	Royal Froststone Ring
35705	Royal Stormstone Ring
35706	Royal Blightstone Ring
35707	Royal Flameward Ring
35708	Royal Frostward Ring
35709	Royal Stormward Ring
35710	Royal Blightward Ring
35711	Royal Flameseal Ring
35712	Royal Frostseal Ring
35713	Royal Stormseal Ring
35714	Royal Blightseal Ring
35715	Royal Flamesalve Ring
35716	Royal Frostsalve Ring
35717	Royal Stormsalve Ring
35718	Royal Blightsalve Ring
35719	Royal Flamebound Ring
35720	Royal Frostbound Ring
35721	Royal Stormbound Ring
35722	Royal Blightbound Ring
35723	Imperial Flamestone Ring
35724	Imperial Froststone Ring
35725	Imperial Stormstone Ring
35726	Imperial Blightstone Ring
35727	Imperial Flameward Ring
35728	Imperial Frostward Ring
35729	Imperial Stormward Ring
35730	Imperial Blightward Ring
35731	Imperial Flameseal Ring
35732	Imperial Frostseal Ring
35733	Imperial Stormseal Ring
35734	Imperial Blightseal Ring
35735	Imperial Flamesalve Ring
35736	Imperial Frostsalve Ring
35737	Imperial Stormsalve Ring
35738	Imperial Blightsalve Ring
35739	Imperial Flamebound Ring
35740	Imperial Frostbound Ring
35741	Imperial Stormbound Ring
35742	Imperial Blightbound Ring
35743	Godly Flamestone Ring
35744	Godly Froststone Ring
35745	Godly Stormstone Ring
35746	Godly Blightstone Ring
35747	Godly Flameward Ring
35748	Godly Frostward Ring
35749	Godly Stormward Ring
35750	Godly Blightward Ring
35751	Godly Flameseal Ring
35752	Godly Frostseal Ring
35753	Godly Stormseal Ring
35754	Godly Blightseal Ring
35755	Godly Flamesalve Ring
35756	Godly Frostsalve Ring
35757	Godly Stormsalve Ring
35758	Godly Blightsalve Ring
35759	Godly Flamebound Ring
35760	Godly Frostbound Ring
35761	Godly Stormbound Ring
35762	Godly Blightbound Ring
35763	Mighty Fireruby Ring
35764	Mighty Frostopal Ring
35765	Mighty Stormpearl Ring
35766	Mighty Venomjade Ring
35767	Majestic Fireruby Ring
35768	Majestic Frostopal Ring
35769	Majestic Stormpearl Ring
35770	Majestic Venomjade Ring
35771	Royal Fireruby Ring
35772	Royal Frostopal Ring
35773	Royal Stormpearl Ring
35774	Royal Venomjade Ring
35775	Imperial Fireruby Ring
35776	Imperial Frostopal Ring
35777	Imperial Stormpearl Ring
35778	Imperial Venomjade Ring
35779	Godly Fireruby Ring
35780	Godly Frostopal Ring
35781	Godly Stormpearl Ring
35782	Godly Venomjade Ring
35783	Royal Mighty Bracer of Shielding
35784	Royal Shielded Bracer of Precision
35785	Royal Precise Bracer of Deflection
35786	Royal Guarded Bracer of Smiting
35787	Royal Vital Bracer of Smiting
35788	Royal Mental Bracer of Shielding
35789	Royal Mighty Bracer of Precision
35790	Royal Shielded Bracer of Deflection
35791	Royal Vital Bracer of Precision
35792	Royal Mental Bracer of Deflection
35793	Royal Mighty Armlet of Shielding
35794	Royal Shielded Armlet of Precision
35795	Royal Precise Armlet of Deflection
35796	Royal Guarded Armlet of Smiting
35797	Royal Vital Armlet of Smiting
35798	Royal Mental Armlet of Shielding
35799	Royal Mighty Armlet of Precision
35800	Royal Shielded Armlet of Deflection
35801	Royal Vital Armlet of Precision
35802	Royal Mental Armlet of Deflection
35803	Royal Mighty Cuff of Shielding
35804	Royal Shielded Cuff of Precision
35805	Royal Precise Cuff of Deflection
35806	Royal Guarded Cuff of Smiting
35807	Royal Vital Cuff of Smiting
35808	Royal Mental Cuff of Shielding
35809	Royal Mighty Cuff of Precision
35810	Royal Shielded Cuff of Deflection
35811	Royal Vital Cuff of Precision
35812	Royal Mental Cuff of Deflection
35813	Royal Mighty Iceband of Shielding
35814	Royal Shielded Iceband of Precision
35815	Royal Precise Iceband of Deflection
35816	Royal Guarded Iceband of Smiting
35817	Royal Vital Iceband of Smiting
35818	Royal Mental Iceband of Shielding
35819	Royal Shielded Iceband of Deflection
35820	Royal Vital Iceband of Precision
35821	Royal Mental Iceband of Deflection
35822	Royal Mighty Fireband of Shielding
35823	Royal Shielded Fireband of Precision
35824	Royal Precise Fireband of Deflection
35825	Royal Guarded Fireband of Smiting
35826	Royal Vital Fireband of Smiting
35827	Royal Mental Fireband of Shielding
35828	Royal Shielded Fireband of Deflection
35829	Royal Vital Fireband of Precision
35830	Royal Mental Fireband of Deflection
35831	Royal Mighty Bangle of Shielding
35832	Royal Shielded Bangle of Precision
35833	Royal Precise Bangle of Deflection
35834	Royal Guarded Bangle of Smiting
35835	Royal Vital Bangle of Deflection
35836	Royal Mental Bangle of Shielding
35837	Royal Shielded Bangle of Deflection
35838	Royal Vital Bangle of Shielding
35839	Royal Mental Bangle of Deflection
35840	Imperial Mighty Bracer of Shielding
35841	Imperial Shielded Bracer of Precision
35842	Imperial Precise Bracer of Deflection
35843	Imperial Guarded Bracer of Smiting
35844	Imperial Vital Bracer of Smiting
35845	Imperial Mental Bracer of Shielding
35846	Imperial Mighty Bracer of Precision
35847	Imperial Shielded Bracer of Deflection
35848	Imperial Vital Bracer of Precision
35849	Imperial Mental Bracer of Deflection
35850	Imperial Mighty Armlet of Shielding
35851	Imperial Shielded Armlet of Precision
35852	Imperial Precise Armlet of Deflection
35853	Imperial Guarded Armlet of Smiting
35854	Imperial Vital Armlet of Smiting
35855	Imperial Mental Armlet of Shielding
35856	Imperial Mighty Armlet of Precision
35857	Imperial Shielded Armlet of Deflection
35858	Imperial Vital Armlet of Precision
35859	Imperial Mental Armlet of Deflection
35860	Imperial Mighty Cuff of Shielding
35861	Imperial Shielded Cuff of Precision
35862	Imperial Precise Cuff of Deflection
35863	Imperial Guarded Cuff of Smiting
35864	Imperial Vital Cuff of Smiting
35865	Imperial Mental Cuff of Shielding
35866	Imperial Mighty Cuff of Precision
35867	Imperial Shielded Cuff of Deflection
35868	Imperial Vital Cuff of Precision
35869	Imperial Mental Cuff of Deflection
35870	Imperial Mighty Iceband of Shielding
35871	Imperial Shielded Iceband of Precision
35872	Imperial Precise Iceband of Deflection
35873	Imperial Guarded Iceband of Smiting
35874	Imperial Vital Iceband of Smiting
35875	Imperial Mental Iceband of Shielding
35876	Imperial Shielded Iceband of Deflection
35877	Imperial Vital Iceband of Precision
35878	Imperial Mental Iceband of Deflection
35879	Imperial Mighty Fireband of Shielding
35880	Imperial Shielded Fireband of Precision
35881	Imperial Precise Fireband of Deflection
35882	Imperial Guarded Fireband of Smiting
35883	Imperial Vital Fireband of Smiting
35884	Imperial Mental Fireband of Shielding
35885	Imperial Shielded Fireband of Deflection
35886	Imperial Vital Fireband of Precision
35887	Imperial Mental Fireband of Deflection
35888	Imperial Mighty Bangle of Shielding
35889	Imperial Shielded Bangle of Precision
35890	Imperial Precise Bangle of Deflection
35891	Imperial Guarded Bangle of Smiting
35892	Imperial Vital Bangle of Deflection
35893	Imperial Mental Bangle of Shielding
35894	Imperial Shielded Bangle of Deflection
35895	Imperial Vital Bangle of Shielding
35896	Imperial Mental Bangle of Deflection
35897	Godly Mighty Bracer of Shielding
35898	Godly Shielded Bracer of Precision
35899	Godly Precise Bracer of Deflection
35900	Godly Guarded Bracer of Smiting
35901	Godly Vital Bracer of Smiting
35902	Godly Mental Bracer of Shielding
35903	Godly Mighty Bracer of Precision
35904	Godly Shielded Bracer of Deflection
35905	Godly Vital Bracer of Precision
35906	Godly Mental Bracer of Deflection
35907	Godly Mighty Armlet of Shielding
35908	Godly Shielded Armlet of Precision
35909	Godly Precise Armlet of Deflection
35910	Godly Guarded Armlet of Smiting
35911	Godly Vital Armlet of Smiting
35912	Godly Mental Armlet of Shielding
35913	Godly Mighty Armlet of Precision
35914	Godly Shielded Armlet of Deflection
35915	Godly Vital Armlet of Precision
35916	Godly Mental Armlet of Deflection
35917	Godly Mighty Cuff of Shielding
35918	Godly Shielded Cuff of Precision
35919	Godly Precise Cuff of Deflection
35920	Godly Guarded Cuff of Smiting
35921	Godly Vital Cuff of Smiting
35922	Godly Mental Cuff of Shielding
35923	Godly Mighty Cuff of Precision
35924	Godly Shielded Cuff of Deflection
35925	Godly Vital Cuff of Precision
35926	Godly Mental Cuff of Deflection
35927	Godly Mighty Iceband of Shielding
35928	Godly Shielded Iceband of Precision
35929	Godly Precise Iceband of Deflection
35930	Godly Guarded Iceband of Smiting
35931	Godly Vital Iceband of Smiting
35932	Godly Mental Iceband of Shielding
35933	Godly Shielded Iceband of Deflection
35934	Godly Vital Iceband of Precision
35935	Godly Mental Iceband of Deflection
35936	Godly Mighty Fireband of Shielding
35937	Godly Shielded Fireband of Precision
35938	Godly Precise Fireband of Deflection
35939	Godly Guarded Fireband of Smiting
35940	Godly Vital Fireband of Smiting
35941	Godly Mental Fireband of Shielding
35942	Godly Shielded Fireband of Deflection
35943	Godly Vital Fireband of Precision
35944	Godly Mental Fireband of Deflection
35945	Godly Mighty Bangle of Shielding
35946	Godly Shielded Bangle of Precision
35947	Godly Precise Bangle of Deflection
35948	Godly Guarded Bangle of Smiting
35949	Godly Vital Bangle of Deflection
35950	Godly Mental Bangle of Shielding
35951	Godly Shielded Bangle of Deflection
35952	Godly Vital Bangle of Shielding
35953	Godly Mental Bangle of Deflection
35954	Mighty Trollbone Helm of Warcry
35955	Mighty Trollbone Helm of Rupture
35956	Mighty Trollbone Helm of Giant Swing
35957	Mighty Trollfang Helm of Quick Strike
35958	Mighty Trollfang Helm of Shadowstrike
35959	Mighty Trollfang Helm of Sneaky Attack
35960	Mighty Trollscar Helm of Longshot
35961	Mighty Trollscar Helm of Sharp Shot
35962	Mighty Trollscar Helm of Explosive Arrow
35963	Mighty Trollblood Helm of Natures Breath
35964	Mighty Trollblood Helm of Natures Touch
35965	Mighty Trollblood Helm of Lightning Strike
35966	Mighty Trollblood Helm of Firestorm
35967	Mighty Trollblood Helm of Ice Shards
35968	Mighty Trollblood Helm of Sacrifice
35969	Mighty Trollfang Helm of Warcry
35970	Mighty Trollfang Helm of Rupture
35971	Mighty Trollfang Helm of Giant Swing
35972	Mighty Trollscar Helm of Quick Strike
35973	Mighty Trollscar Helm of Shadowstrike
35974	Mighty Trollscar Helm of Sneaky Attack
35975	Mighty Trollfang Helm of Longshot
35976	Mighty Trollfang Helm of Sharp Shot
35977	Mighty Trollfang Helm of Explosive Arrow
35978	Mighty Trollbone Helm of Natures Breath
35979	Mighty Trollbone Helm of Natures Touch
35980	Mighty Trollbone Helm of Lightning Strike
35981	Mighty Trollbone Helm of Firestorm
35982	Mighty Trollbone Helm of Ice Shards
35983	Mighty Trollbone Helm of Sacrifice
35984	Majestic Trollbone Helm of Warcry
35985	Majestic Trollbone Helm of Rupture
35986	Majestic Trollbone Helm of Giant Swing
35987	Majestic Trollfang Helm of Quick Strike
35988	Majestic Trollfang Helm of Shadowstrike
35989	Majestic Trollfang Helm of Sneaky Attack
35990	Majestic Trollscar Helm of Longshot
35991	Majestic Trollscar Helm of Sharp Shot
35992	Majestic Trollscar Helm of Explosive Arrow
35993	Majestic Trollblood Helm of Natures Breath
35994	Majestic Trollblood Helm of Natures Touch
35995	Majestic Trollblood Helm of Lightning Strike
35996	Majestic Trollblood Helm of Firestorm
35997	Majestic Trollblood Helm of Ice Shards
35998	Majestic Trollblood Helm of Sacrifice
35999	Majestic Trollfang Helm of Warcry
36000	Majestic Trollfang Helm of Rupture
36001	Majestic Trollfang Helm of Giant Swing
36002	Majestic Trollscar Helm of Quick Strike
36003	Majestic Trollscar Helm of Shadowstrike
36004	Majestic Trollscar Helm of Sneaky Attack
36005	Majestic Trollfang Helm of Longshot
36006	Majestic Trollfang Helm of Sharp Shot
36007	Majestic Trollfang Helm of Explosive Arrow
36008	Majestic Trollbone Helm of Natures Breath
36009	Majestic Trollbone Helm of Natures Touch
36010	Majestic Trollbone Helm of Lightning Strike
36011	Majestic Trollbone Helm of Firestorm
36012	Majestic Trollbone Helm of Ice Shards
36013	Majestic Trollbone Helm of Sacrifice
36014	Royal Trollbone Helm of Warcry
36015	Royal Trollbone Helm of Rupture
36016	Royal Trollbone Helm of Giant Swing
36017	Royal Trollfang Helm of Quick Strike
36018	Royal Trollfang Helm of Shadowstrike
36019	Royal Trollfang Helm of Sneaky Attack
36020	Royal Trollscar Helm of Longshot
36021	Royal Trollscar Helm of Sharp Shot
36022	Royal Trollscar Helm of Explosive Arrow
36023	Royal Trollblood Helm of Natures Breath
36024	Royal Trollblood Helm of Natures Touch
36025	Royal Trollblood Helm of Lightning Strike
36026	Royal Trollblood Helm of Firestorm
36027	Royal Trollblood Helm of Ice Shards
36028	Royal Trollblood Helm of Sacrifice
36029	Royal Trollfang Helm of Warcry
36030	Royal Trollfang Helm of Rupture
36031	Royal Trollfang Helm of Giant Swing
36032	Royal Trollscar Helm of Quick Strike
36033	Royal Trollscar Helm of Shadowstrike
36034	Royal Trollscar Helm of Sneaky Attack
36035	Royal Trollfang Helm of Longshot
36036	Royal Trollfang Helm of Sharp Shot
36037	Royal Trollfang Helm of Explosive Arrow
36038	Royal Trollbone Helm of Natures Breath
36039	Royal Trollbone Helm of Natures Touch
36040	Royal Trollbone Helm of Lightning Strike
36041	Royal Trollbone Helm of Firestorm
36042	Royal Trollbone Helm of Ice Shards
36043	Royal Trollbone Helm of Sacrifice
36044	Imperial Trollbone Helm of Warcry
36045	Imperial Trollbone Helm of Rupture
36046	Imperial Trollbone Helm of Giant Swing
36047	Imperial Trollfang Helm of Quick Strike
36048	Imperial Trollfang Helm of Shadowstrike
36049	Imperial Trollfang Helm of Sneaky Attack
36050	Imperial Trollscar Helm of Longshot
36051	Imperial Trollscar Helm of Sharp Shot
36052	Imperial Trollscar Helm of Explosive Arrow
36053	Imperial Trollblood Helm of Natures Breath
36054	Imperial Trollblood Helm of Natures Touch
36055	Imperial Trollblood Helm of Lightning Strike
36056	Imperial Trollblood Helm of Firestorm
36057	Imperial Trollblood Helm of Ice Shards
36058	Imperial Trollblood Helm of Sacrifice
36059	Imperial Trollfang Helm of Warcry
36060	Imperial Trollfang Helm of Rupture
36061	Imperial Trollfang Helm of Giant Swing
36062	Imperial Trollscar Helm of Quick Strike
36063	Imperial Trollscar Helm of Shadowstrike
36064	Imperial Trollscar Helm of Sneaky Attack
36065	Imperial Trollfang Helm of Longshot
36066	Imperial Trollfang Helm of Sharp Shot
36067	Imperial Trollfang Helm of Explosive Arrow
36068	Imperial Trollbone Helm of Natures Breath
36069	Imperial Trollbone Helm of Natures Touch
36070	Imperial Trollbone Helm of Lightning Strike
36071	Imperial Trollbone Helm of Firestorm
36072	Imperial Trollbone Helm of Ice Shards
36073	Imperial Trollbone Helm of Sacrifice
36074	Godly Trollbone Helm of Warcry
36075	Godly Trollbone Helm of Rupture
36076	Godly Trollbone Helm of Giant Swing
36077	Godly Trollfang Helm of Quick Strike
36078	Godly Trollfang Helm of Shadowstrike
36079	Godly Trollfang Helm of Sneaky Attack
36080	Godly Trollscar Helm of Longshot
36081	Godly Trollscar Helm of Sharp Shot
36082	Godly Trollscar Helm of Explosive Arrow
36083	Godly Trollblood Helm of Natures Breath
36084	Godly Trollblood Helm of Natures Touch
36085	Godly Trollblood Helm of Lightning Strike
36086	Godly Trollblood Helm of Firestorm
36087	Godly Trollblood Helm of Ice Shards
36088	Godly Trollblood Helm of Sacrifice
36089	Godly Trollfang Helm of Warcry
36090	Godly Trollfang Helm of Rupture
36091	Godly Trollfang Helm of Giant Swing
36092	Godly Trollscar Helm of Quick Strike
36093	Godly Trollscar Helm of Shadowstrike
36094	Godly Trollscar Helm of Sneaky Attack
36095	Godly Trollfang Helm of Longshot
36096	Godly Trollfang Helm of Sharp Shot
36097	Godly Trollfang Helm of Explosive Arrow
36098	Godly Trollbone Helm of Natures Breath
36099	Godly Trollbone Helm of Natures Touch
36100	Godly Trollbone Helm of Lightning Strike
36101	Godly Trollbone Helm of Firestorm
36102	Godly Trollbone Helm of Ice Shards
36103	Godly Trollbone Helm of Sacrifice
36104	Dark Skull of Grasping Roots
36105	Dark Skull of Natures Touch
36106	Dark Skull of Spring of Life
36107	Dark Skull of Lightning Strike
36108	Dark Skull of Energy Harvest
36109	Dark Skull of Natures Breath
36110	Dark Skull of Fire Bolt
36111	Dark Skull of Ice Shards
36112	Dark Skull of Energy Shield
36113	Dark Skull of Sacrifice
36114	Dark Skull of Freeze
36115	Dark Skull of Firestorm
36116	Shadow Skull of Grasping Roots
36117	Shadow Skull of Natures Touch
36118	Shadow Skull of Spring of Life
36119	Shadow Skull of Lightning Strike
36120	Shadow Skull of Energy Harvest
36121	Shadow Skull of Natures Breath
36122	Shadow Skull of Fire Bolt
36123	Shadow Skull of Ice Shards
36124	Shadow Skull of Energy Shield
36125	Shadow Skull of Sacrifice
36126	Shadow Skull of Freeze
36127	Shadow Skull of Firestorm
36128	Void Skull of Grasping Roots
36129	Void Skull of Natures Touch
36130	Void Skull of Spring of Life
36131	Void Skull of Lightning Strike
36132	Void Skull of Energy Harvest
36133	Void Skull of Natures Breath
36134	Void Skull of Fire Bolt
36135	Void Skull of Ice Shards
36136	Void Skull of Energy Shield
36137	Void Skull of Sacrifice
36138	Void Skull of Freeze
36139	Void Skull of Firestorm
36140	Blonde Lanrik Wig
36141	Brown Lanrik Wig
36142	Orange Lanrik Wig
36143	Red Lanrik Wig
36144	Grey Lanrik Wig
36145	Black Lanrik Wig
36146	Pink Lanrik Wig
36147	White Lanrik Wig
36148	Purple Lanrik Wig
36149	Blue Lanrik Wig
36150	Dark Green Lanrik Wig
36151	Green Lanrik Wig
36152	Sparkling Blonde Lanrik Wig
36153	Sparkling Brown Lanrik Wig
36154	Sparkling Orange Lanrik Wig
36155	Sparkling Red Lanrik Wig
36156	Sparkling Grey Lanrik Wig
36157	Sparkling Black Lanrik Wig
36158	Sparkling Pink Lanrik Wig
36159	Sparkling White Lanrik Wig
36160	Sparkling Purple Lanrik Wig
36161	Sparkling Blue Lanrik Wig
36162	Sparkling Dark Green Lanrik Wig
36163	Sparkling Green Lanrik Wig
36165	White Lanrik Boots
36166	Black Lanrik Boots
36167	Red Lanrik Boots
36168	Blue Lanrik Boots
36169	Green Lanrik Boots
36170	Yellow Lanrik Boots
36171	Orange Lanrik Boots
36172	Pink Lanrik Boots
36173	Purple Lanrik Boots
36174	White Lanrik Wristguards
36175	Black Lanrik Wristguards
36176	Red Lanrik Wristguards
36177	Blue Lanrik Wristguards
36178	Green Lanrik Wristguards
36179	Yellow Lanrik Wristguards
36180	Orange Lanrik Wristguards
36181	Pink Lanrik Wristguards
36182	Purple Lanrik Wristguards
36183	White Lanrik Leggings
36184	Black Lanrik Leggings
36185	Red Lanrik Leggings
36186	Blue Lanrik Leggings
36187	Green Lanrik Leggings
36188	Yellow Lanrik Leggings
36189	Orange Lanrik Leggings
36190	Pink Lanrik Leggings
36191	Purple Lanrik Leggings
36192	White Lanrik Top
36193	Black Lanrik Top
36194	Red Lanrik Top
36195	Blue Lanrik Top
36196	Green Lanrik Top
36197	Yellow Lanrik Top
36198	Orange Lanrik Top
36199	Pink Lanrik Top
36200	Purple Lanrik Top
36201	Primal Relic Serpentstaff
36202	Legendary Relic Serpentstaff
36203	Mythic Relic Serpentstaff
36204	Minstrel's Flute
36205	Bard's Flute
36206	Wolf Pelt
36207	Charred Wyrmclaw
36208	Singed Wyrmclaw
36209	Rough Wyrmclaw
36210	Smooth Wyrmclaw
36211	Pristine Wyrmclaw
36212	Enchanted Wyrmclaw
36213	Mighty Abyssal Ring of Brawling
36214	Mighty Abyssal Ring of Warfare
36215	Mighty Abyssal Ring of Guarding
36216	Mighty Abyssal Ring of Knighthood
36217	Mighty Abyssal Ring of Marauding
36218	Mighty Abyssal Ring of Shields
36219	Mighty Abyssal Ring of Mayhem
36220	Mighty Abyssal Ring of Defenders
36221	Mighty Abyssal Ring of Backstabbing
36222	Mighty Abyssal Ring of Shadows
36223	Mighty Abyssal Ring of Lethality
36224	Mighty Abyssal Ring of Laceration
36225	Mighty Abyssal Ring of Vampirism
36226	Mighty Abyssal Ring of Sabotage
36227	Mighty Abyssal Ring of Treachery
36228	Mighty Abyssal Ring of Fatality
36229	Mighty Abyssal Ring of Hunting
36230	Mighty Abyssal Ring of Respite
36231	Mighty Abyssal Ring of Trapping
36232	Mighty Abyssal Ring of Fortification
36233	Mighty Abyssal Ring of Sharpshooting
36234	Mighty Abyssal Ring of Vigilance
36235	Mighty Abyssal Ring of Swiftness
36236	Mighty Abyssal Ring of Bombardment
36237	Mighty Abyssal Ring of Burning
36238	Mighty Abyssal Ring of Glacial Storms
36239	Mighty Abyssal Ring of Destruction
36240	Mighty Abyssal Ring of Lingering Cold
36241	Mighty Abyssal Ring of Curses
36242	Mighty Abyssal Ring of Inferno
36243	Mighty Abyssal Ring of Blizzards
36244	Mighty Abyssal Ring of Rituals
36245	Mighty Abyssal Ring of Tempests
36246	Mighty Abyssal Ring of Invigoration
36247	Mighty Abyssal Ring of Enduring
36248	Mighty Abyssal Ring of Blessings
36249	Mighty Abyssal Ring of Ensnaring
36250	Mighty Abyssal Ring of Roots
36251	Mighty Abyssal Ring of Revival
36252	Mighty Abyssal Ring of Healing
36253	Majestic Abyssal Ring of Brawling
36254	Majestic Abyssal Ring of Warfare
36255	Majestic Abyssal Ring of Guarding
36256	Majestic Abyssal Ring of Knighthood
36257	Majestic Abyssal Ring of Marauding
36258	Majestic Abyssal Ring of Shields
36259	Majestic Abyssal Ring of Mayhem
36260	Majestic Abyssal Ring of Defenders
36261	Majestic Abyssal Ring of Backstabbing
36262	Majestic Abyssal Ring of Shadows
36263	Majestic Abyssal Ring of Lethality
36264	Majestic Abyssal Ring of Laceration
36265	Majestic Abyssal Ring of Vampirism
36266	Majestic Abyssal Ring of Sabotage
36267	Majestic Abyssal Ring of Treachery
36268	Majestic Abyssal Ring of Fatality
36269	Majestic Abyssal Ring of Hunting
36270	Majestic Abyssal Ring of Respite
36271	Majestic Abyssal Ring of Trapping
36272	Majestic Abyssal Ring of Fortification
36273	Majestic Abyssal Ring of Sharpshooting
36274	Majestic Abyssal Ring of Vigilance
36275	Majestic Abyssal Ring of Swiftness
36276	Majestic Abyssal Ring of Bombardment
36277	Majestic Abyssal Ring of Burning
36278	Majestic Abyssal Ring of Glacial Storms
36279	Majestic Abyssal Ring of Destruction
36280	Majestic Abyssal Ring of Lingering Cold
36281	Majestic Abyssal Ring of Curses
36282	Majestic Abyssal Ring of Inferno
36283	Majestic Abyssal Ring of Blizzards
36284	Majestic Abyssal Ring of Rituals
36285	Majestic Abyssal Ring of Tempests
36286	Majestic Abyssal Ring of Invigoration
36287	Majestic Abyssal Ring of Enduring
36288	Majestic Abyssal Ring of Blessings
36289	Majestic Abyssal Ring of Ensnaring
36290	Majestic Abyssal Ring of Roots
36291	Majestic Abyssal Ring of Revival
36292	Majestic Abyssal Ring of Healing
36293	Royal Abyssal Ring of Brawling
36294	Royal Abyssal Ring of Warfare
36295	Royal Abyssal Ring of Guarding
36296	Royal Abyssal Ring of Knighthood
36297	Royal Abyssal Ring of Marauding
36298	Royal Abyssal Ring of Shields
36299	Royal Abyssal Ring of Mayhem
36300	Royal Abyssal Ring of Defenders
36301	Royal Abyssal Ring of Backstabbing
36302	Royal Abyssal Ring of Shadows
36303	Royal Abyssal Ring of Lethality
36304	Royal Abyssal Ring of Laceration
36305	Royal Abyssal Ring of Vampirism
36306	Royal Abyssal Ring of Sabotage
36307	Royal Abyssal Ring of Treachery
36308	Royal Abyssal Ring of Fatality
36309	Royal Abyssal Ring of Hunting
36310	Royal Abyssal Ring of Respite
36311	Royal Abyssal Ring of Trapping
36312	Royal Abyssal Ring of Fortification
36313	Royal Abyssal Ring of Sharpshooting
36314	Royal Abyssal Ring of Vigilance
36315	Royal Abyssal Ring of Swiftness
36316	Royal Abyssal Ring of Bombardment
36317	Royal Abyssal Ring of Burning
36318	Royal Abyssal Ring of Glacial Storms
36319	Royal Abyssal Ring of Destruction
36320	Royal Abyssal Ring of Lingering Cold
36321	Royal Abyssal Ring of Curses
36322	Royal Abyssal Ring of Inferno
36323	Royal Abyssal Ring of Blizzards
36324	Royal Abyssal Ring of Rituals
36325	Royal Abyssal Ring of Tempests
36326	Royal Abyssal Ring of Invigoration
36327	Royal Abyssal Ring of Enduring
36328	Royal Abyssal Ring of Blessings
36329	Royal Abyssal Ring of Ensnaring
36330	Royal Abyssal Ring of Roots
36331	Royal Abyssal Ring of Revival
36332	Royal Abyssal Ring of Healing
36333	Imperial Abyssal Ring of Brawling
36334	Imperial Abyssal Ring of Warfare
36335	Imperial Abyssal Ring of Guarding
36336	Imperial Abyssal Ring of Knighthood
36337	Imperial Abyssal Ring of Marauding
36338	Imperial Abyssal Ring of Shields
36339	Imperial Abyssal Ring of Mayhem
36340	Imperial Abyssal Ring of Defenders
36341	Imperial Abyssal Ring of Backstabbing
36342	Imperial Abyssal Ring of Shadows
36343	Imperial Abyssal Ring of Lethality
36344	Imperial Abyssal Ring of Laceration
36345	Imperial Abyssal Ring of Vampirism
36346	Imperial Abyssal Ring of Sabotage
36347	Imperial Abyssal Ring of Treachery
36348	Imperial Abyssal Ring of Fatality
36349	Imperial Abyssal Ring of Hunting
36350	Imperial Abyssal Ring of Respite
36351	Imperial Abyssal Ring of Trapping
36352	Imperial Abyssal Ring of Fortification
36353	Imperial Abyssal Ring of Sharpshooting
36354	Imperial Abyssal Ring of Vigilance
36355	Imperial Abyssal Ring of Swiftness
36356	Imperial Abyssal Ring of Bombardment
36357	Imperial Abyssal Ring of Burning
36358	Imperial Abyssal Ring of Glacial Storms
36359	Imperial Abyssal Ring of Destruction
36360	Imperial Abyssal Ring of Lingering Cold
36361	Imperial Abyssal Ring of Curses
36362	Imperial Abyssal Ring of Inferno
36363	Imperial Abyssal Ring of Blizzards
36364	Imperial Abyssal Ring of Rituals
36365	Imperial Abyssal Ring of Tempests
36366	Imperial Abyssal Ring of Invigoration
36367	Imperial Abyssal Ring of Enduring
36368	Imperial Abyssal Ring of Blessings
36369	Imperial Abyssal Ring of Ensnaring
36370	Imperial Abyssal Ring of Roots
36371	Imperial Abyssal Ring of Revival
36372	Imperial Abyssal Ring of Healing
36373	Godly Abyssal Ring of Brawling
36374	Godly Abyssal Ring of Warfare
36375	Godly Abyssal Ring of Guarding
36376	Godly Abyssal Ring of Knighthood
36377	Godly Abyssal Ring of Marauding
36378	Godly Abyssal Ring of Shields
36379	Godly Abyssal Ring of Mayhem
36380	Godly Abyssal Ring of Defenders
36381	Godly Abyssal Ring of Backstabbing
36382	Godly Abyssal Ring of Shadows
36383	Godly Abyssal Ring of Lethality
36384	Godly Abyssal Ring of Laceration
36385	Godly Abyssal Ring of Vampirism
36386	Godly Abyssal Ring of Sabotage
36387	Godly Abyssal Ring of Treachery
36388	Godly Abyssal Ring of Fatality
36389	Godly Abyssal Ring of Hunting
36390	Godly Abyssal Ring of Respite
36391	Godly Abyssal Ring of Trapping
36392	Godly Abyssal Ring of Fortification
36393	Godly Abyssal Ring of Sharpshooting
36394	Godly Abyssal Ring of Vigilance
36395	Godly Abyssal Ring of Swiftness
36396	Godly Abyssal Ring of Bombardment
36397	Godly Abyssal Ring of Burning
36398	Godly Abyssal Ring of Glacial Storms
36399	Godly Abyssal Ring of Destruction
36400	Godly Abyssal Ring of Lingering Cold
36401	Godly Abyssal Ring of Curses
36402	Godly Abyssal Ring of Inferno
36403	Godly Abyssal Ring of Blizzards
36404	Godly Abyssal Ring of Rituals
36405	Godly Abyssal Ring of Tempests
36406	Godly Abyssal Ring of Invigoration
36407	Godly Abyssal Ring of Enduring
36408	Godly Abyssal Ring of Blessings
36409	Godly Abyssal Ring of Ensnaring
36410	Godly Abyssal Ring of Roots
36411	Godly Abyssal Ring of Revival
36412	Godly Abyssal Ring of Healing
36413	Mighty Abyssal Armlet of Bandage Wounds
36414	Mighty Abyssal Armlet of Pummel
36415	Mighty Abyssal Armlet of Sweeping Blow
36416	Mighty Abyssal Armlet of Taunt
36417	Mighty Abyssal Armlet of Quick Strike
36418	Mighty Abyssal Armlet of Assassinate
36419	Mighty Abyssal Armlet of Life Steal
36420	Mighty Abyssal Armlet of Sharp Shot
36421	Mighty Abyssal Armlet of Light Heal
36422	Mighty Abyssal Armlet of Explosive Arrow
36423	Mighty Abyssal Armlet of Fire Bolt
36424	Mighty Abyssal Armlet of Sacrifice
36425	Mighty Abyssal Armlet of Ice Blast
36426	Mighty Abyssal Armlet of Natures Breath
36427	Mighty Abyssal Armlet of Natures Touch
36428	Mighty Abyssal Armlet of Energy Harvest
36429	Majestic Abyssal Armlet of Bandage Wounds
36430	Majestic Abyssal Armlet of Pummel
36431	Majestic Abyssal Armlet of Sweeping Blow
36432	Majestic Abyssal Armlet of Taunt
36433	Majestic Abyssal Armlet of Quick Strike
36434	Majestic Abyssal Armlet of Assassinate
36435	Majestic Abyssal Armlet of Life Steal
36436	Majestic Abyssal Armlet of Sharp Shot
36437	Majestic Abyssal Armlet of Light Heal
36438	Majestic Abyssal Armlet of Explosive Arrow
36439	Majestic Abyssal Armlet of Fire Bolt
36440	Majestic Abyssal Armlet of Sacrifice
36441	Majestic Abyssal Armlet of Ice Blast
36442	Majestic Abyssal Armlet of Natures Breath
36443	Majestic Abyssal Armlet of Natures Touch
36444	Majestic Abyssal Armlet of Energy Harvest
36445	Royal Abyssal Armlet of Bandage Wounds
36446	Royal Abyssal Armlet of Pummel
36447	Royal Abyssal Armlet of Sweeping Blow
36448	Royal Abyssal Armlet of Taunt
36449	Royal Abyssal Armlet of Quick Strike
36450	Royal Abyssal Armlet of Assassinate
36451	Royal Abyssal Armlet of Life Steal
36452	Royal Abyssal Armlet of Sharp Shot
36453	Royal Abyssal Armlet of Light Heal
36454	Royal Abyssal Armlet of Explosive Arrow
36455	Royal Abyssal Armlet of Fire Bolt
36456	Royal Abyssal Armlet of Sacrifice
36457	Royal Abyssal Armlet of Ice Blast
36458	Royal Abyssal Armlet of Natures Breath
36459	Royal Abyssal Armlet of Natures Touch
36460	Royal Abyssal Armlet of Energy Harvest
36461	Imperial Abyssal Armlet of Bandage Wounds
36462	Imperial Abyssal Armlet of Pummel
36463	Imperial Abyssal Armlet of Sweeping Blow
36464	Imperial Abyssal Armlet of Taunt
36465	Imperial Abyssal Armlet of Quick Strike
36466	Imperial Abyssal Armlet of Assassinate
36467	Imperial Abyssal Armlet of Life Steal
36468	Imperial Abyssal Armlet of Sharp Shot
36469	Imperial Abyssal Armlet of Light Heal
36470	Imperial Abyssal Armlet of Explosive Arrow
36471	Imperial Abyssal Armlet of Fire Bolt
36472	Imperial Abyssal Armlet of Sacrifice
36473	Imperial Abyssal Armlet of Ice Blast
36474	Imperial Abyssal Armlet of Natures Breath
36475	Imperial Abyssal Armlet of Natures Touch
36476	Imperial Abyssal Armlet of Energy Harvest
36477	Godly Abyssal Armlet of Bandage Wounds
36478	Godly Abyssal Armlet of Pummel
36479	Godly Abyssal Armlet of Sweeping Blow
36480	Godly Abyssal Armlet of Taunt
36481	Godly Abyssal Armlet of Quick Strike
36482	Godly Abyssal Armlet of Assassinate
36483	Godly Abyssal Armlet of Life Steal
36484	Godly Abyssal Armlet of Sharp Shot
36485	Godly Abyssal Armlet of Light Heal
36486	Godly Abyssal Armlet of Explosive Arrow
36487	Godly Abyssal Armlet of Fire Bolt
36488	Godly Abyssal Armlet of Sacrifice
36489	Godly Abyssal Armlet of Ice Blast
36490	Godly Abyssal Armlet of Natures Breath
36491	Godly Abyssal Armlet of Natures Touch
36492	Godly Abyssal Armlet of Energy Harvest
36493	Sunburst Mystery Chest
36494	Darkfire Halberd of Strength
36495	Darkfire Halberd of Dexterity
36496	Darkfire Halberd of Focus
36497	Darkfire Halberd of Vitality
36498	Darkice Halberd of Strength
36499	Darkice Halberd of Dexterity
36500	Darkice Halberd of Focus
36501	Darkice Halberd of Vitality
36502	Darkbolt Halberd of Strength
36503	Darkbolt Halberd of Dexterity
36504	Darkbolt Halberd of Focus
36505	Darkbolt Halberd of Vitality
36506	Darkbane Halberd of Strength
36507	Darkbane Halberd of Dexterity
36508	Darkbane Halberd of Focus
36509	Darkbane Halberd of Vitality
36510	Shadowfire Halberd of Strength
36511	Shadowfire Halberd of Dexterity
36512	Shadowfire Halberd of Focus
36513	Shadowfire Halberd of Vitality
36514	Shadowice Halberd of Strength
36515	Shadowice Halberd of Dexterity
36516	Shadowice Halberd of Focus
36517	Shadowice Halberd of Vitality
36518	Shadowbolt Halberd of Strength
36519	Shadowbolt Halberd of Dexterity
36520	Shadowbolt Halberd of Focus
36521	Shadowbolt Halberd of Vitality
36522	Shadowbane Halberd of Strength
36523	Shadowbane Halberd of Dexterity
36524	Shadowbane Halberd of Focus
36525	Shadowbane Halberd of Vitality
36526	Voidfire Halberd of Strength
36527	Voidfire Halberd of Dexterity
36528	Voidfire Halberd of Focus
36529	Voidfire Halberd of Vitality
36530	Voidice Halberd of Strength
36531	Voidice Halberd of Dexterity
36532	Voidice Halberd of Focus
36533	Voidice Halberd of Vitality
36534	Voidbolt Halberd of Strength
36535	Voidbolt Halberd of Dexterity
36536	Voidbolt Halberd of Focus
36537	Voidbolt Halberd of Vitality
36538	Voidbane Halberd of Strength
36539	Voidbane Halberd of Dexterity
36540	Voidbane Halberd of Focus
36541	Voidbane Halberd of Vitality
36554	Turquoise Lanrik Boots
36555	Turquoise Lanrik Wristguards
36556	Turquoise Lanrik Leggings
36557	Turquoise Lanrik Top
36558	White Lanrik Hat
36559	Black Lanrik Hat
36560	Red Lanrik Hat
36561	Blue Lanrik Hat
36562	Green Lanrik Hat
36563	Yellow Lanrik Hat
36564	Orange Lanrik Hat
36565	Pink Lanrik Hat
36566	Purple Lanrik Hat
36567	Turquoise Lanrik Hat
36568	Lanrik Fashion Box
36569	Lanrik Wig Box
36570	Pegleg Bronze
36571	Pegleg Silver
36572	Pegleg Gold
36573	Hookhand Bronze
36574	Hookhand Silver
36575	Hookhand Gold
36576	Brown Serpentstaff
36577	Orange Serpentstaff
36578	Red Serpentstaff
36579	Light Blue Serpentstaff
36580	Green Serpentstaff
36581	Purple Serpentstaff
36582	Black Serpentstaff
36583	White Serpentstaff
36584	Gold Serpentstaff
36585	Poet's Flute
36586	Seranader's Flute
36587	Troubador's Flute
36588	Fabled Relic Serpentstaff
36589	Ancient Relic Serpentstaff
36590	Sparkling Black Lanrik Boots
36591	Sparkling Black Lanrik Wristguards
36592	Sparkling Black Lanrik Leggings
36593	Sparkling Black Lanrik Top
36594	Sparkling Black Lanrik Hat
36595	Sparkling White Lanrik Boots
36596	Sparkling White Lanrik Wristguards
36597	Sparkling White Lanrik Leggings
36598	Sparkling White Lanrik Top
36599	Sparkling White Lanrik Hat
36600	Sparkling Red Lanrik Boots
36601	Sparkling Red Lanrik Wristguards
36602	Sparkling Red Lanrik Leggings
36603	Sparkling Red Lanrik Top
36604	Sparkling Red Lanrik Hat
36605	Sparkling Blue Lanrik Boots
36606	Sparkling Blue Lanrik Wristguards
36607	Sparkling Blue Lanrik Leggings
36608	Sparkling Blue Lanrik Top
36609	Sparkling Blue Lanrik Hat
36610	Sparkling Green Lanrik Boots
36611	Sparkling Green Lanrik Wristguards
36612	Sparkling Green Lanrik Leggings
36613	Sparkling Green Lanrik Top
36614	Sparkling Green Lanrik Hat
36615	Sparkling Yellow Lanrik Boots
36616	Sparkling Yellow Lanrik Wristguards
36617	Sparkling Yellow Lanrik Leggings
36618	Sparkling Yellow Lanrik Top
36619	Sparkling Yellow Lanrik Hat
36620	Sparkling Orange Lanrik Boots
36621	Sparkling Orange Lanrik Wristguards
36622	Sparkling Orange Lanrik Leggings
36623	Sparkling Orange Lanrik Top
36624	Sparkling Orange Lanrik Hat
36625	Sparkling Pink Lanrik Boots
36626	Sparkling Pink Lanrik Wristguards
36627	Sparkling Pink Lanrik Leggings
36628	Sparkling Pink Lanrik Top
36629	Sparkling Pink Lanrik Hat
36630	Sparkling Purple Lanrik Boots
36631	Sparkling Purple Lanrik Wristguards
36632	Sparkling Purple Lanrik Leggings
36633	Sparkling Purple Lanrik Top
36634	Sparkling Purple Lanrik Hat
36635	Sparkling Turquoise Lanrik Boots
36636	Sparkling Turquoise Lanrik Wristguards
36637	Sparkling Turquoise Lanrik Leggings
36638	Sparkling Turquoise Lanrik Top
36639	Sparkling Turquoise Lanrik Hat
36640	Pegleg Wood
36641	Pegleg Metal
36642	Elder Relic Serpentstaff
36644	Darkscale Helm of the Sun
36645	Darkscale Helm of Victory
36646	Darkscale Helm of Champions
36647	Darkscale Helm of Carnage
36648	Darkscale Helm of the Moon
36649	Darkscale Helm of Duellists
36650	Darkscale Helm of Night
36651	Darkscale Helm of Bones
36652	Darkscale Helm of the Sea
36653	Darkscale Helm of Crusades
36654	Darkscale Helm of Knights
36655	Darkscale Helm of the Bastion
36656	Darkscale Helm of the Earth
36657	Darkscale Helm of Mysteries
36658	Darkscale Helm of Secrets
36659	Darkscale Helm of Visions
36660	Shadowscale Helm of the Sun
36661	Shadowscale Helm of Victory
36662	Shadowscale Helm of Champions
36663	Shadowscale Helm of Carnage
36664	Shadowscale Helm of the Moon
36665	Shadowscale Helm of Duellists
36666	Shadowscale Helm of Night
36667	Shadowscale Helm of Bones
36668	Shadowscale Helm of the Sea
36669	Shadowscale Helm of Crusades
36670	Shadowscale Helm of Knights
36671	Shadowscale Helm of the Bastion
36672	Shadowscale Helm of the Earth
36673	Shadowscale Helm of Mysteries
36674	Shadowscale Helm of Secrets
36675	Shadowscale Helm of Visions
36676	Voidscale Helm of the Sun
36677	Voidscale Helm of Victory
36678	Voidscale Helm of Champions
36679	Voidscale Helm of Carnage
36680	Voidscale Helm of the Moon
36681	Voidscale Helm of Duellists
36682	Voidscale Helm of Night
36683	Voidscale Helm of Bones
36684	Voidscale Helm of the Sea
36685	Voidscale Helm of Crusades
36686	Voidscale Helm of Knights
36687	Voidscale Helm of the Bastion
36688	Voidscale Helm of the Earth
36689	Voidscale Helm of Mysteries
36690	Voidscale Helm of Secrets
36691	Voidscale Helm of Visions
36704	Halloween Token
36705	Darkheart Grimoire of Flames
36706	Darklore Grimoire of Flames
36707	Darkheart Grimoire of Frost
36708	Darklore Grimoire of Frost
36709	Darkheart Grimoire of Thorns
36710	Darklore Grimoire of Thorns
36711	Darkheart Grimoire of Ashes
36712	Darklore Grimoire of Ashes
36713	Darkheart Grimoire of Winter
36714	Darklore Grimoire of Winter
36715	Darkheart Grimoire of Earth
36716	Darklore Grimoire of Earth
36717	Shadowheart Grimoire of Flames
36718	Shadowlore Grimoire of Flames
36719	Shadowheart Grimoire of Frost
36720	Shadowlore Grimoire of Frost
36721	Shadowheart Grimoire of Thorns
36722	Shadowlore Grimoire of Thorns
36723	Shadowheart Grimoire of Ashes
36724	Shadowlore Grimoire of Ashes
36725	Shadowheart Grimoire of Winter
36726	Shadowlore Grimoire of Winter
36727	Shadowheart Grimoire of Earth
36728	Shadowlore Grimoire of Earth
36729	Voidheart Grimoire of Flames
36730	Voidlore Grimoire of Flames
36731	Voidheart Grimoire of Frost
36732	Voidlore Grimoire of Frost
36733	Voidheart Grimoire of Thorns
36734	Voidlore Grimoire of Thorns
36735	Voidheart Grimoire of Ashes
36736	Voidlore Grimoire of Ashes
36737	Voidheart Grimoire of Winter
36738	Voidlore Grimoire of Winter
36739	Voidheart Grimoire of Earth
36740	Voidlore Grimoire of Earth
36741	Umbrose Hands
36742	Umbrose Feet
36743	Arcane Gloves
36744	Arcane Shoes
36745	Woodland Hands
36746	Woodland Feet
36747	Leather Hands
36748	Leather Feet
36749	Burnished Gauntlets
36750	Burnished Boots
36756	Shoreline Shield
36757	Finepoint Dirk
36758	Shoreline Dirk
36759	Resurrection Idol
36760	Resurrection Idol Set
36761	Resurrection Idol Crate
36762	Mystery Chest
36763	Gaston's Beef Stew
36764	Gaston's Aromatic Stew
36765	Gaston's Boar Stew
36766	Gaston's Spicy Stew
36767	Gaston's Venison Stew
36768	Gaston's Tasty Beef Stew
36769	Gaston's Tasty Aromatic Stew
36770	Gaston's Tasty Boar Stew
36771	Gaston's Tasty Spicy Stew
36772	Gaston's Tasty Venison Stew
36773	Gaston's Delicious Beef Stew
36774	Gaston's Delicious Aromatic Stew
36775	Gaston's Delicious Boar Stew
36776	Gaston's Delicious Spicy Stew
36777	Gaston's Delicious Venison Stew
36778	Beef Steak
36779	Oriental Spices
36780	Venison Steak
36781	Yarrow
36782	Clan Mathanach Torc
36783	Talisman of Donn
36784	Talisman of Awakening
36785	Flesh and Bone Loot Drop
36786	Black Knight Loot Drop
36787	Signet of Mathanach
36788	Bracelet of Camulus
36789	Bracelet of Lugh
36790	Bracelet of Flidais
36791	Bracelet of Druantia
36792	Bracelet of Nechtan
36793	Bracelet of Bonuses
50000	White Hunter Boots
50001	Black Hunter Boots
50002	Red Hunter Boots
50003	Blue Hunter Boots
50004	Green Hunter Boots
50005	Yellow Hunter Boots
50006	Orange Hunter Boots
50007	Pink Hunter Boots
50008	Purple Hunter Boots
50009	White Hunter Gloves
50010	Black Hunter Gloves
50011	Red Hunter Gloves
50012	Blue Hunter Gloves
50013	Green Hunter Gloves
50014	Yellow Hunter Gloves
50015	Orange Hunter Gloves
50016	Pink Hunter Gloves
50017	Purple Hunter Gloves
50018	White Hunter Leggings
50019	Black Hunter Leggings
50020	Red Hunter Leggings
50021	Blue Hunter Leggings
50022	Green Hunter Leggings
50023	Yellow Hunter Leggings
50024	Orange Hunter Leggings
50025	Pink Hunter Leggings
50026	Purple Hunter Leggings
50027	White Hunter Top
50028	Black Hunter Top
50029	Red Hunter Top
50030	Blue Hunter Top
50031	Green Hunter Top
50032	Yellow Hunter Top
50033	Orange Hunter Top
50034	Pink Hunter Top
50035	Purple Hunter Top
50036	Turquoise Hunter Boots
50037	Turquoise Hunter Gloves
50038	Turquoise Hunter Leggings
50039	Turquoise Hunter Top
50040	White Hunter Hat
50041	Black Hunter Hat
50042	Red Hunter Hat
50043	Blue Hunter Hat
50044	Green Hunter Hat
50045	Yellow Hunter Hat
50046	Orange Hunter Hat
50047	Pink Hunter Hat
50048	Purple Hunter Hat
50049	Turquoise Hunter Hat
50052	Spooky Black Hunter Boots
50053	Spooky Black Hunter Gloves
50054	Spooky Black Hunter Leggings
50055	Spooky Black Hunter Top
50056	Spooky Black Hunter Hat
50057	Spooky White Hunter Boots
50058	Spooky White Hunter Gloves
50059	Spooky White Hunter Leggings
50060	Spooky White Hunter Top
50061	Spooky White Hunter Hat
50062	Spooky Red Hunter Boots
50063	Spooky Red Hunter Gloves
50064	Spooky Red Hunter Leggings
50065	Spooky Red Hunter Top
50066	Spooky Red Hunter Hat
50067	Spooky Blue Hunter Boots
50068	Spooky Blue Hunter Gloves
50069	Spooky Blue Hunter Leggings
50070	Spooky Blue Hunter Top
50071	Spooky Blue Hunter Hat
50072	Spooky Green Hunter Boots
50073	Spooky Green Hunter Gloves
50074	Spooky Green Hunter Leggings
50075	Spooky Green Hunter Top
50076	Spooky Green Hunter Hat
50077	Spooky Yellow Hunter Boots
50078	Spooky Yellow Hunter Gloves
50079	Spooky Yellow Hunter Leggings
50080	Spooky Yellow Hunter Top
50081	Spooky Yellow Hunter Hat
50082	Spooky Orange Hunter Boots
50083	Spooky Orange Hunter Gloves
50084	Spooky Orange Hunter Leggings
50085	Spooky Orange Hunter Top
50086	Spooky Orange Hunter Hat
50087	Spooky Pink Hunter Boots
50088	Spooky Pink Hunter Gloves
50089	Spooky Pink Hunter Leggings
50090	Spooky Pink Hunter Top
50091	Spooky Pink Hunter Hat
50092	Spooky Purple Hunter Boots
50093	Spooky Purple Hunter Gloves
50094	Spooky Purple Hunter Leggings
50095	Spooky Purple Hunter Top
50096	Spooky Purple Hunter Hat
50097	Spooky Turquoise Hunter Boots
50098	Spooky Turquoise Hunter Gloves
50099	Spooky Turquoise Hunter Leggings
50100	Spooky Turquoise Hunter Top
50101	Spooky Turquoise Hunter Hat
50102	White Huntmaster's Mask
50103	Black Huntmaster's Mask
50104	Red Huntsman's Mask
50105	Blue Huntmaster's Mask
50106	Green Stalker's Mask
50107	Yellow Stalker's Mask
50108	Orange Huntsman's Mask
50109	Pink Huntsman's Mask
50110	Purple Huntmaster's Mask
50111	Turquoise Stalker's Mask
50112	Spooky Black Huntmaster's Mask
50113	Spooky White Huntmaster's Mask
50114	Spooky Red Huntsman's Mask
50115	Spooky Blue Huntmaster's Mask
50116	Spooky Green Stalker's Mask
50117	Spooky Yellow Stalker's Mask
50118	Spooky Orange Huntsman's Mask
50119	Spooky Pink Huntsman's Mask
50120	Spooky Purple Huntmaster's Mask
50121	Spooky Turquoise Stalker's Mask
50122	Spooky Mystery Chest
50123	Tarnished Scythe
50124	War Scythe
50125	Graveyard Scythe
50126	Reaper's Scythe
50127	Huntsman's Scythe
50128	Minor Brimstone Scroll
50129	Mighty Brimstone Scroll
50130	Majestic Brimstone Scroll
50131	Royal Brimstone Scroll
50132	Imperial Brimstone Scroll
50133	Lesser Brimstone Scroll
50134	Mystic Brimstone Scroll
50135	Greater Brimstone Scroll
50136	Grand Brimstone Scroll
50137	Warlock's Blighted Fellspine
50138	Warlock's Shadowy Fellspine
50139	Warlock's Fiendish Fellspine
50140	Warlock's Infernal Fellspine
50141	Warlock's Nightfall Fellspine
50142	Warlock's Stygian Fellspine
50143	Warlock's Diabolic Fellspine
50144	DO NOT USE
50145	Ancient Relic Fellspine
50146	Fabled Relic Fellspine
50147	Primal Relic Fellspine
50148	Legendary Relic Fellspine
50149	Mythic Relic Fellspine
50150	Samhain Fellspine
50151	Greater Samhain Fellspine
50152	Grand Samhain Fellspine
50153	Spectral Charm
50154	Spooky Spectral Charm
50155	Necro Charm
50156	Spooky Necro Charm
50157	Ritual Flute
50158	Spirit Flute
50159	Warding Flute
50160	Haunting Flute
50161	Spooky Flute
50162	Ritual Lute
50163	Spirit Lute
50164	Warding Lute
50165	Haunting Lute
50166	Spooky Lute
50167	Ritual Harp
50168	Spirit Harp
50169	Warding Harp
50170	Haunting Harp
50171	Spooky Harp
50172	Lanrik Wig Box
50173	Lanrik Fashion Box
50174	Musical Instrument Box
50175	Dragonstaff Box
50176	Serpentstaff Box
50177	Grimy Pitchfork
50178	Wicked Pitchfork
50179	Fiendish Pitchfork
50180	Infernal Pitchfork
50181	Diabolic Pitchfork
50182	Pitchfork Box
50183	Spooky Potion
50184	Primal Relic Fishstaff
50185	Legendary Relic Fishstaff
50186	Mythic Relic Fishstaff
50187	Brown Fishstaff
50188	Orange Fishstaff
50189	Red Fishstaff
50190	Light Blue Fishstaff
50191	Green Fishstaff
50192	Purple Fishstaff
50193	Black Fishstaff
50194	White Fishstaff
50195	Gold Fishstaff
50196	Fabled Relic Fishstaff
50197	Ancient Relic Fishstaff
50198	Elder Relic Fishstaff
50200	Spirit Charm
50201	Spooky Spirit Charm
50202	Grand Necral Ring of Mortality
50203	Grand Necral Ring of Eternal Rest
50204	Grand Necral Ring of Reaping
50205	Grand Necral Ring of Death
50206	Grand Necral Ring of Fate
50207	Grand Necral Ring of Living Bone
50208	Grand Necral Ring of Skulls
50209	Grand Necral Ring of Living Flesh
50210	Grand Necral Ring of Blood
50211	Grand Necral Ring of the Crypt
50212	Grand Necral Ring of the Pit
50213	Grand Necral Ring of Rot
50214	Grand Necral Ring of Oblivion
50215	Grand Necral Ring of Resurgence
50216	Grand Necral Ring of Endless Night
50217	Grand Necral Ring of Decay
50218	Grand Necral Ring of Burial
50219	Grand Necral Ring of Ague
50220	Grand Necral Ring of Corruption
50221	Grand Necral Ring of Flux
50222	Grand Necral Ring of Morbus
50223	Grand Necral Ring of Plague
50224	Mighty Necral Ring of Mortality
50225	Mighty Necral Ring of Eternal Rest
50226	Mighty Necral Ring of Reaping
50227	Mighty Necral Ring of Death
50228	Mighty Necral Ring of Fate
50229	Mighty Necral Ring of Living Bone
50230	Mighty Necral Ring of Skulls
50231	Mighty Necral Ring of Living Flesh
50232	Mighty Necral Ring of Blood
50233	Mighty Necral Ring of the Crypt
50234	Mighty Necral Ring of the Pit
50235	Mighty Necral Ring of Rot
50236	Mighty Necral Ring of Oblivion
50237	Mighty Necral Ring of Resurgence
50238	Mighty Necral Ring of Endless Night
50239	Mighty Necral Ring of Decay
50240	Mighty Necral Ring of Burial
50241	Mighty Necral Ring of Ague
50242	Mighty Necral Ring of Corruption
50243	Mighty Necral Ring of Flux
50244	Mighty Necral Ring of Morbus
50245	Mighty Necral Ring of Plague
50246	Majestic Necral Ring of Mortality
50247	Majestic Necral Ring of Eternal Rest
50248	Majestic Necral Ring of Reaping
50249	Majestic Necral Ring of Death
50250	Majestic Necral Ring of Fate
50251	Majestic Necral Ring of Living Bone
50252	Majestic Necral Ring of Skulls
50253	Majestic Necral Ring of Living Flesh
50254	Majestic Necral Ring of Blood
50255	Majestic Necral Ring of the Crypt
50256	Majestic Necral Ring of the Pit
50257	Majestic Necral Ring of Rot
50258	Majestic Necral Ring of Oblivion
50259	Majestic Necral Ring of Resurgence
50260	Majestic Necral Ring of Endless Night
50261	Majestic Necral Ring of Decay
50262	Majestic Necral Ring of Burial
50263	Majestic Necral Ring of Ague
50264	Majestic Necral Ring of Corruption
50265	Majestic Necral Ring of Flux
50266	Majestic Necral Ring of Morbus
50267	Majestic Necral Ring of Plague
50268	Royal Necral Ring of Mortality
50269	Royal Necral Ring of Eternal Rest
50270	Royal Necral Ring of Reaping
50271	Royal Necral Ring of Death
50272	Royal Necral Ring of Fate
50273	Royal Necral Ring of Living Bone
50274	Royal Necral Ring of Skulls
50275	Royal Necral Ring of Living Flesh
50276	Royal Necral Ring of Blood
50277	Royal Necral Ring of the Crypt
50278	Royal Necral Ring of the Pit
50279	Royal Necral Ring of Rot
50280	Royal Necral Ring of Oblivion
50281	Royal Necral Ring of Resurgence
50282	Royal Necral Ring of Endless Night
50283	Royal Necral Ring of Decay
50284	Royal Necral Ring of Burial
50285	Royal Necral Ring of Ague
50286	Royal Necral Ring of Corruption
50287	Royal Necral Ring of Flux
50288	Royal Necral Ring of Morbus
50289	Royal Necral Ring of Plague
50290	Imperial Necral Ring of Mortality
50291	Imperial Necral Ring of Eternal Rest
50292	Imperial Necral Ring of Reaping
50293	Imperial Necral Ring of Death
50294	Imperial Necral Ring of Fate
50295	Imperial Necral Ring of Living Bone
50296	Imperial Necral Ring of Skulls
50297	Imperial Necral Ring of Living Flesh
50298	Imperial Necral Ring of Blood
50299	Imperial Necral Ring of the Crypt
50300	Imperial Necral Ring of the Pit
50301	Imperial Necral Ring of Rot
50302	Imperial Necral Ring of Oblivion
50303	Imperial Necral Ring of Resurgence
50304	Imperial Necral Ring of Endless Night
50305	Imperial Necral Ring of Decay
50306	Imperial Necral Ring of Burial
50307	Imperial Necral Ring of Ague
50308	Imperial Necral Ring of Corruption
50309	Imperial Necral Ring of Flux
50310	Imperial Necral Ring of Morbus
50311	Imperial Necral Ring of Plague
50312	Royal Necral Band of Double Attack
50313	Royal Necral Band of Double Shot
50314	Royal Necral Band of Pummel
50315	Royal Necral Band of Rupture
50316	Royal Necral Band of Giant Swing
50317	Royal Necral Band of Shield Wall
50318	Royal Necral Band of Assassinate
50319	Royal Necral Band of Sneaky Attack
50320	Royal Necral Band of Life Steal
50321	Royal Necral Band of Riposte
50322	Royal Necral Band of Longshot
50323	Royal Necral Band of Sharp Shot
50324	Royal Necral Band of Rapid Shot
50325	Royal Necral Band of Light Heal
50326	Royal Necral Band of Sanctuary
50327	Royal Necral Band of Natures Breath
50328	Royal Necral Band of Storm Touch
50329	Royal Necral Band of Energy Harvest
50330	Royal Necral Band of Strangling Vines
50331	Royal Necral Band of Ice Shards
50332	Royal Necral Band of Ice Blast
50333	Royal Necral Band of Firestorm
50334	Royal Necral Band of Energy Shield
50335	Royal Necral Band of Energy Boost
50336	Imperial Necral Band of Double Attack
50337	Imperial Necral Band of Double Shot
50338	Imperial Necral Band of Pummel
50339	Imperial Necral Band of Rupture
50340	Imperial Necral Band of Giant Swing
50341	Imperial Necral Band of Shield Wall
50342	Imperial Necral Band of Assassinate
50343	Imperial Necral Band of Sneaky Attack
50344	Imperial Necral Band of Life Steal
50345	Imperial Necral Band of Riposte
50346	Imperial Necral Band of Longshot
50347	Imperial Necral Band of Sharp Shot
50348	Imperial Necral Band of Rapid Shot
50349	Imperial Necral Band of Light Heal
50350	Imperial Necral Band of Sanctuary
50351	Imperial Necral Band of Natures Breath
50352	Imperial Necral Band of Storm Touch
50353	Imperial Necral Band of Energy Harvest
50354	Imperial Necral Band of Strangling Vines
50355	Imperial Necral Band of Ice Shards
50356	Imperial Necral Band of Ice Blast
50357	Imperial Necral Band of Firestorm
50358	Imperial Necral Band of Energy Shield
50359	Imperial Necral Band of Energy Boost
50360	Godly Necral Band of Double Attack
50361	Godly Necral Band of Double Shot
50362	Godly Necral Band of Pummel
50363	Godly Necral Band of Rupture
50364	Godly Necral Band of Giant Swing
50365	Godly Necral Band of Shield Wall
50366	Godly Necral Band of Assassinate
50367	Godly Necral Band of Sneaky Attack
50368	Godly Necral Band of Life Steal
50369	Godly Necral Band of Riposte
50370	Godly Necral Band of Longshot
50371	Godly Necral Band of Sharp Shot
50372	Godly Necral Band of Rapid Shot
50373	Godly Necral Band of Light Heal
50374	Godly Necral Band of Sanctuary
50375	Godly Necral Band of Natures Breath
50376	Godly Necral Band of Storm Touch
50377	Godly Necral Band of Energy Harvest
50378	Godly Necral Band of Strangling Vines
50379	Godly Necral Band of Ice Shards
50380	Godly Necral Band of Ice Blast
50381	Godly Necral Band of Firestorm
50382	Godly Necral Band of Energy Shield
50383	Godly Necral Band of Energy Boost
50385	Dark Sword of Necral Subjugation
50386	Dark Sword of Spectral Armour
50387	Dark Sword of Necral Shield
50388	Dark Dagger of Necral Decay
50389	Dark Dagger of Surgical Precision
50390	Dark Dagger of Fatal Wound
50391	Dark Bow of Agonising Strike
50392	Dark Bow of Necral Binding
50393	Dark Bow of Blood Rage
50394	Dark Totem of Spectral Curse
50395	Dark Totem of Necral Vigor
50396	Dark Totem of Spectral Mist
50397	Dark Wand of Spectral Flame
50398	Dark Wand of Immolation
50399	Dark Wand of Necral Chill
50400	Shadow Sword of Necral Subjugation
50401	Shadow Sword of Spectral Armour
50402	Shadow Sword of Necral Shield
50403	Shadow Dagger of Necral Decay
50404	Shadow Dagger of Surgical Precision
50405	Shadow Dagger of Fatal Wound
50406	Shadow Bow of Agonising Strike
50407	Shadow Bow of Necral Binding
50408	Shadow Bow of Blood Rage
50409	Shadow Totem of Spectral Curse
50410	Shadow Totem of Necral Vigor
50411	Shadow Totem of Spectral Mist
50412	Shadow Wand of Spectral Flame
50413	Shadow Wand of Immolation
50414	Shadow Wand of Necral Chill
50415	Void Sword of Necral Subjugation
50416	Void Sword of Spectral Armour
50417	Void Sword of Necral Shield
50418	Void Dagger of Necral Decay
50419	Void Dagger of Surgical Precision
50420	Void Dagger of Fatal Wound
50421	Void Bow of Agonising Strike
50422	Void Bow of Necral Binding
50423	Void Bow of Blood Rage
50424	Void Totem of Spectral Curse
50425	Void Totem of Necral Vigor
50426	Void Totem of Spectral Mist
50427	Void Wand of Spectral Flame
50428	Void Wand of Immolation
50429	Void Wand of Necral Chill
50430	Minor Zealot's Ring of Pummel
50431	Minor Zealot's Ring of Giant Swing
50432	Minor Zealot's Ring of Quick Strike
50433	Minor Zealot's Ring of Sneaky Attack
50434	Minor Zealot's Ring of Sharp Shot
50435	Minor Zealot's Ring of Light Heal
50436	Minor Zealot's Ring of Lightning Strike
50437	Minor Zealot's Ring of Natures Touch
50438	Minor Zealot's Ring of Fire Bolt
50439	Minor Zealot's Ring of Ice Shards
50440	Lesser Zealot's Ring of Pummel
50441	Lesser Zealot's Ring of Giant Swing
50442	Lesser Zealot's Ring of Quick Strike
50443	Lesser Zealot's Ring of Sneaky Attack
50444	Lesser Zealot's Ring of Sharp Shot
50445	Lesser Zealot's Ring of Light Heal
50446	Lesser Zealot's Ring of Lightning Strike
50447	Lesser Zealot's Ring of Natures Touch
50448	Lesser Zealot's Ring of Fire Bolt
50449	Lesser Zealot's Ring of Ice Shards
50450	Mystic Zealot's Ring of Pummel
50451	Mystic Zealot's Ring of Giant Swing
50452	Mystic Zealot's Ring of Quick Strike
50453	Mystic Zealot's Ring of Sneaky Attack
50454	Mystic Zealot's Ring of Sharp Shot
50455	Mystic Zealot's Ring of Light Heal
50456	Mystic Zealot's Ring of Lightning Strike
50457	Mystic Zealot's Ring of Natures Touch
50458	Mystic Zealot's Ring of Fire Bolt
50459	Mystic Zealot's Ring of Ice Shards
50460	Greater Zealot's Ring of Pummel
50461	Greater Zealot's Ring of Giant Swing
50462	Greater Zealot's Ring of Quick Strike
50463	Greater Zealot's Ring of Sneaky Attack
50464	Greater Zealot's Ring of Sharp Shot
50465	Greater Zealot's Ring of Light Heal
50466	Greater Zealot's Ring of Lightning Strike
50467	Greater Zealot's Ring of Natures Touch
50468	Greater Zealot's Ring of Fire Bolt
50469	Greater Zealot's Ring of Ice Shards
50470	Grand Zealot's Ring of Pummel
50471	Grand Zealot's Ring of Giant Swing
50472	Grand Zealot's Ring of Quick Strike
50473	Grand Zealot's Ring of Sneaky Attack
50474	Grand Zealot's Ring of Sharp Shot
50475	Grand Zealot's Ring of Light Heal
50476	Grand Zealot's Ring of Lightning Strike
50477	Grand Zealot's Ring of Natures Touch
50478	Grand Zealot's Ring of Fire Bolt
50479	Grand Zealot's Ring of Ice Shards
50480	Mighty Zealot's Ring of Pummel
50481	Mighty Zealot's Ring of Giant Swing
50482	Mighty Zealot's Ring of Quick Strike
50483	Mighty Zealot's Ring of Sneaky Attack
50484	Mighty Zealot's Ring of Sharp Shot
50485	Mighty Zealot's Ring of Light Heal
50486	Mighty Zealot's Ring of Lightning Strike
50487	Mighty Zealot's Ring of Natures Touch
50488	Mighty Zealot's Ring of Fire Bolt
50489	Mighty Zealot's Ring of Ice Shards
50490	Majestic Zealot's Ring of Pummel
50491	Majestic Zealot's Ring of Giant Swing
50492	Majestic Zealot's Ring of Quick Strike
50493	Majestic Zealot's Ring of Sneaky Attack
50494	Majestic Zealot's Ring of Sharp Shot
50495	Majestic Zealot's Ring of Light Heal
50496	Majestic Zealot's Ring of Lightning Strike
50497	Majestic Zealot's Ring of Natures Touch
50498	Majestic Zealot's Ring of Fire Bolt
50499	Majestic Zealot's Ring of Ice Shards
50500	Royal Zealot's Ring of Pummel
50501	Royal Zealot's Ring of Giant Swing
50502	Royal Zealot's Ring of Quick Strike
50503	Royal Zealot's Ring of Sneaky Attack
50504	Royal Zealot's Ring of Sharp Shot
50505	Royal Zealot's Ring of Light Heal
50506	Royal Zealot's Ring of Lightning Strike
50507	Royal Zealot's Ring of Natures Touch
50508	Royal Zealot's Ring of Fire Bolt
50509	Royal Zealot's Ring of Ice Shards
50510	Imperial Zealot's Ring of Pummel
50511	Imperial Zealot's Ring of Giant Swing
50512	Imperial Zealot's Ring of Quick Strike
50513	Imperial Zealot's Ring of Sneaky Attack
50514	Imperial Zealot's Ring of Sharp Shot
50515	Imperial Zealot's Ring of Light Heal
50516	Imperial Zealot's Ring of Lightning Strike
50517	Imperial Zealot's Ring of Natures Touch
50518	Imperial Zealot's Ring of Fire Bolt
50519	Imperial Zealot's Ring of Ice Shards
50520	Minor Batbone Charm
50521	Minor Bathide Charm
50522	Minor Batfang Charm
50523	Minor Batclaw Charm
50524	Minor Batsblood Charm
50525	Minor Batseye Charm
50526	Lesser Batbone Charm
50527	Lesser Bathide Charm
50528	Lesser Batfang Charm
50529	Lesser Batclaw Charm
50530	Lesser Batsblood Charm
50531	Lesser Batseye Charm
50532	Mystic Batbone Charm
50533	Mystic Bathide Charm
50534	Mystic Batfang Charm
50535	Mystic Batclaw Charm
50536	Mystic Batsblood Charm
50537	Mystic Batseye Charm
50538	Greater Batbone Charm
50539	Greater Bathide Charm
50540	Greater Batfang Charm
50541	Greater Batclaw Charm
50542	Greater Batsblood Charm
50543	Greater Batseye Charm
50544	Grand Batbone Charm
50545	Grand Bathide Charm
50546	Grand Batfang Charm
50547	Grand Batclaw Charm
50548	Grand Batsblood Charm
50549	Grand Batseye Charm
50550	Mighty Batbone Charm
50551	Mighty Bathide Charm
50552	Mighty Batfang Charm
50553	Mighty Batclaw Charm
50554	Mighty Batsblood Charm
50555	Mighty Batseye Charm
50556	Majestic Batbone Charm
50557	Majestic Bathide Charm
50558	Majestic Batfang Charm
50559	Majestic Batclaw Charm
50560	Majestic Batsblood Charm
50561	Majestic Batseye Charm
50562	Royal Batbone Charm
50563	Royal Bathide Charm
50564	Royal Batfang Charm
50565	Royal Batclaw Charm
50566	Royal Batsblood Charm
50567	Royal Batseye Charm
50568	Imperial Batbone Charm
50569	Imperial Bathide Charm
50570	Imperial Batfang Charm
50571	Imperial Batclaw Charm
50572	Imperial Batsblood Charm
50573	Imperial Batseye Charm
50575	Black Witch Finder Hat
50576	Minor Reaper
50577	Lesser Reaper
50578	Mystic Reaper
50579	Greater Reaper
50580	Grand Reaper
50581	Mighty Reaper
50582	Majestic Reaper
50583	Royal Reaper
50584	Imperial Reaper
50585	Godly Reaper
50586	Minor Witch's Pitchfork
50587	Lesser Witch's Pitchfork
50588	Mystic Witch's Pitchfork
50589	Greater Witch's Pitchfork
50590	Grand Witch's Pitchfork
50591	Mighty Witch's Pitchfork
50592	Majestic Witch's Pitchfork
50593	Royal Witch's Pitchfork
50594	Imperial Witch's Pitchfork
50595	Godly Witch's Pitchfork
50596	Sparkling Spectral Charm
50597	Fiery Spectral Charm
50598	Sparkling Necro Charm
50599	Fiery Necro Charm
50600	Sparkling Spirit Charm
50601	Fiery Spirit Charm
50602	Batty Black Fellspine
50603	White Necro Charm
50604	Black Necro Charm
50605	Red Necro Charm
50606	Blue Necro Charm
50607	Green Necro Charm
50608	Yellow Necro Charm
50609	Orange Necro Charm
50610	Pink Necro Charm
50611	Purple Necro Charm
50612	Turquoise Necro Charm
50613	Godly Zealot's Ring of Pummel
50614	Godly Zealot's Ring of Giant Swing
50615	Godly Zealot's Ring of Quick Strike
50616	Godly Zealot's Ring of Sneaky Attack
50617	Godly Zealot's Ring of Sharp Shot
50618	Godly Zealot's Ring of Light Heal
50619	Godly Zealot's Ring of Lightning Strike
50620	Godly Zealot's Ring of Natures Touch
50621	Godly Zealot's Ring of Fire Bolt
50622	Godly Zealot's Ring of Ice Shards
50623	Godly Batbone Charm
50624	Godly Bathide Charm
50625	Godly Batfang Charm
50626	Godly Batclaw Charm
50627	Godly Batsblood Charm
50628	Godly Batseye Charm
50629	Red Spectral Charm
50630	Green Spectral Charm
50631	Blue Spectral Charm
50633	Black Spectral Charm
50634	Minor Battleskewer
50635	Lesser Battleskewer
50636	Mystic Battleskewer
50637	Greater Battleskewer
50638	Grand Battleskewer
50639	Mighty Battleskewer
50640	Majestic Battleskewer
50641	Royal Battleskewer
50642	Imperial Battleskewer
50643	Godly Battleskewer
50644	Red Spirit Charm
50645	Green Spirit Charm
50646	Blue Spirit Charm
50647	Black Spirit Charm
50648	Spectral Talisman of Midnight
50649	Spectral Bracelet of the Titan
50650	Spectral Bracelet of the Hermetic
50651	Spectral Ring of the Reaper
50652	Spectral Ring of the Huntsman
50653	Samhain Flute
50654	Samhain Lute
50655	Samhain Harp
50656	Elder Relic Fellspine
50657	Icebound Mystery Chest
50658	Winterguard's Hat
50659	Sleighrider's Hat
50660	Winterlord's Hat
50661	Sleighmaster's Hat
50662	Yuletide Present 2013
50663	Yule Reveller's Diadem of Ice
50664	Yule Adventurer's Diadem of Ice
50665	Yule Scholar's Diadem of Ice
50666	Yule Courtier's Diadem of Ice
50667	Yule Magister's Diadem of Ice
50668	Yule Noble's Diadem of Ice
50669	Yule Lord's Diadem of Ice
50670	Yule Prince's Diadem of Ice
50671	Yule Queen's Diadem of Ice
50672	Yule King's Diadem of Ice
50673	Ice Dragon Helm
50674	Minor Ice Crystal
50675	Mighty Ice Crystal
50676	Majestic Ice Crystal
50677	Royal Ice Crystal
50678	Imperial Ice Crystal
50679	Lesser Ice Crystal
50680	Mystic Ice Crystal
50681	Greater Ice Crystal
50682	Grand Ice Crystal
50683	Helm of the Winter Bear
50684	Snowbound Helm of the Winter Bear
50685	Dawn Reveller's Diadem of Ice
50686	Dawn Adventurer's Diadem of Ice
50687	Dawn Scholar's Diadem of Ice
50688	Dawn Courtier's Diadem of Ice
50689	Dawn Magister's Diadem of Ice
50690	Dawn Noble's Diadem of Ice
50691	Dawn Lord's Diadem of Ice
50692	Dawn Prince's Diadem of Ice
50693	Dawn Queen's Diadem of Ice
50694	Dawn King's Diadem of Ice
50695	Winter Reveller's Diadem of Ice
50696	Winter Adventurer's Diadem of Ice
50697	Winter Scholar's Diadem of Ice
50698	Winter Courtier's Diadem of Ice
50699	Winter Magister's Diadem of Ice
50700	Winter Noble's Diadem of Ice
50701	Winter Lord's Diadem of Ice
50702	Winter Prince's Diadem of Ice
50703	Winter Queen's Diadem of Ice
50704	Winter King's Diadem of Ice
50705	Shining Reveller's Diadem of Ice
50706	Shining Adventurer's Diadem of Ice
50707	Shining Scholar's Diadem of Ice
50708	Shining Courtier's Diadem of Ice
50709	Shining Magister's Diadem of Ice
50710	Shining Noble's Diadem of Ice
50711	Shining Lord's Diadem of Ice
50712	Shining Prince's Diadem of Ice
50713	Shining Queen's Diadem of Ice
50714	Shining King's Diadem of Ice
50715	Snowbound Reveller's Diadem of Ice
50716	Snowbound Adventurer's Diadem of Ice
50717	Snowbound Scholar's Diadem of Ice
50718	Snowbound Courtier's Diadem of Ice
50719	Snowbound Magister's Diadem of Ice
50720	Snowbound Noble's Diadem of Ice
50721	Snowbound Lord's Diadem of Ice
50722	Snowbound Prince's Diadem of Ice
50723	Snowbound Queen's Diadem of Ice
50724	Snowbound King's Diadem of Ice
50725	Red Tooth of the Snow Bear
50726	Red Crystal of the Ice Golem
50727	Red Scale of the Frostclaw
50728	Yellow Tooth of the Snow Bear
50729	Yellow Crystal of the Ice Golem
50730	Yellow Scale of the Frostclaw
50731	Purple Tooth of the Snow Bear
50732	Purple Crystal of the Ice Golem
50733	Purple Scale of the Frostclaw
50734	Green Tooth of the Snow Bear
50735	Green Crystal of the Ice Golem
50736	Green Scale of the Frostclaw
50737	Blue Tooth of the Snow Bear
50738	Blue Crystal of the Ice Golem
50739	Blue Scale of the Frostclaw
50740	Red Paw of the Snow Bear
50741	Red Heart of the Ice Golem
50742	Red Wing of the Frostclaw
50743	Yellow Paw of the Snow Bear
50744	Yellow Heart of the Ice Golem
50745	Yellow Wing of the Frostclaw
50746	Purple Paw of the Snow Bear
50747	Purple Heart of the Ice Golem
50748	Purple Wing of the Frostclaw
50749	Green Paw of the Snow Bear
50750	Green Heart of the Ice Golem
50751	Green Wing of the Frostclaw
50752	Blue Paw of the Snow Bear
50753	Blue Heart of the Ice Golem
50754	Blue Wing of the Frostclaw
50755	Boggan Ravager Charm
50756	Boggan Raider Charm
50757	Boggan Fangsword Charm
50758	Boggan Snowsword Charm
50759	Boggan Fireblade Charm
50760	Boggan Defender Charm
50761	Boggan Deathslave Charm
50762	Boggan Worker Charm
50763	Boggan Toxtooth Charm
50764	Boggan Bluescale Charm
50765	Boggan Emberclaw Charm
50766	Boggan Sandhide Charm
50767	Chieftain Mor-Zemek Charm
50768	Chieftain Suna-Krel Charm
50769	Chieftain Taka-Hul Charm
50770	Chieftain Brot-Ven Charm
50771	Chieftain Ral-Nagon Charm
50772	Chieftain Kor-Jara Charm
50773	Boggan Warbeast Trainer Charm
50774	Boggan Throneguard Charm
50775	Boggan Prowler Charm
50776	Boggan Hoarder Charm
50777	Boggan Scholar Charm
50778	Boggan Hunter Charm
50779	Boggan Royal Captain Charm
50780	High King Krem-Nor-Borok Charm
50781	Boggan Royal Sentry Charm
50782	Boggan Royal Warrior Charm
50783	Boggan Royal Guard Charm
50784	Boggan Royal Sentinel Charm
50785	Boggan Revered Captain Charm
50786	High Priest Bor-Ag-Valon Charm
50787	Boggan Revered Guard Charm
50788	Boggan Elder Charm
50789	Boggan Revered Priest Charm
50790	Boggan Revered Scribe Charm
50791	Boggan Doomsinger Charm
50792	Boggan Wyrdwalker Charm
50793	Boggan Thornstaff Charm
50794	Boggan Icewalker Charm
50795	Boggan Flamecaller Charm
50796	Boggan Lifebinder Charm
50797	Frosty Flute
50798	Icy Flute
50799	Frozen Flute
50800	Glacial Flute
50801	Winter's Flute
50802	Frosty Lute
50803	Icy Lute
50804	Frozen Lute
50805	Glacial Lute
50806	Winter's Lute
50807	Frosty Harp
50808	Icy Harp
50809	Frozen Harp
50810	Glacial Harp
50811	Winter's Harp
50812	Frosty Warhorn
50813	Icy Warhorn
50814	Frozen Warhorn
50815	Glacial Warhorn
50816	Winter's Warhorn
50817	Yuletide Flute
50818	Yuletide Lute
50819	Yuletide Harp
50820	Yuletide Warhorn
50821	Snowflake Crystal
50822	Shalebone Frost Stormskimmer
50823	Shalebone Ice Stormskimmer
50824	Shalebone Blizzard Stormskimmer
50825	Shalebone Winter Stormskimmer
50826	Shalebone Glacial Stormskimmer
50827	Shalebone Tundra Stormskimmer
50828	Shalebone Arctic Stormskimmer
50829	Ancient Relic Stormskimmer
50830	Fabled Relic Stormskimmer
50831	Primal Relic Stormskimmer
50832	Legendary Relic Stormskimmer
50833	Mythic Relic Stormskimmer
50834	Yuletide Stormskimmer
50835	Greater Yuletide Stormskimmer
50836	Grand Yuletide Stormskimmer
50837	Frosthelm of Martial Mastery
50838	Frosthelm of Wild Mastery
50839	Frosthelm of Umbral Mastery
50840	Frosthelm of Natural Mastery
50841	Frosthelm of Arcane Mastery
50842	Frosthelm of Martial Tenacity
50843	Frosthelm of Wild Tenacity
50844	Frosthelm of Umbral Tenacity
50845	Frosthelm of Natural Tenacity
50846	Frosthelm of Arcane Tenacity
50847	Frosthelm of Martial Valor
50848	Frosthelm of Wild Valor
50849	Frosthelm of Umbral Valor
50850	Frosthelm of Natural Valor
50851	Frosthelm of Arcane Valor
50852	Greater Frosthelm of Martial Mastery
50853	Greater Frosthelm of Wild Mastery
50854	Greater Frosthelm of Umbral Mastery
50855	Greater Frosthelm of Natural Mastery
50856	Greater Frosthelm of Arcane Mastery
50857	Greater Frosthelm of Martial Tenacity
50858	Greater Frosthelm of Wild Tenacity
50859	Greater Frosthelm of Umbral Tenacity
50860	Greater Frosthelm of Natural Tenacity
50861	Greater Frosthelm of Arcane Tenacity
50862	Greater Frosthelm of Martial Valor
50863	Greater Frosthelm of Wild Valor
50864	Greater Frosthelm of Umbral Valor
50865	Greater Frosthelm of Natural Valor
50866	Greater Frosthelm of Arcane Valor
50867	Elder Relic Stormskimmer
50868	Frostgloves of Martial Might
50869	Frostgloves of Wild Might
50870	Frostgloves of Umbral Might
50871	Frostgloves of Natural Might
50872	Frostgloves of Arcane Might
50873	Frostgloves of Martial Force
50874	Frostgloves of Wild Force
50875	Frostgloves of Umbral Force
50876	Frostgloves of Natural Force
50877	Frostgloves of Arcane Force
50878	Frostgloves of Martial Power
50879	Frostgloves of Wild Power
50880	Frostgloves of Umbral Power
50881	Frostgloves of Natural Power
50882	Frostgloves of Arcane Power
50883	Greater Frostgloves of Martial Might
50884	Greater Frostgloves of Wild Might
50885	Greater Frostgloves of Umbral Might
50886	Greater Frostgloves of Natural Might
50887	Greater Frostgloves of Arcane Might
50888	Greater Frostgloves of Martial Force
50889	Greater Frostgloves of Wild Force
50890	Greater Frostgloves of Umbral Force
50891	Greater Frostgloves of Natural Force
50892	Greater Frostgloves of Arcane Force
50893	Greater Frostgloves of Martial Power
50894	Greater Frostgloves of Wild Power
50895	Greater Frostgloves of Umbral Power
50896	Greater Frostgloves of Natural Power
50897	Greater Frostgloves of Arcane Power
50898	Frostboots of Martial Endurance
50899	Frostboots of Wild Endurance
50900	Frostboots of Umbral Endurance
50901	Frostboots of Natural Endurance
50902	Frostboots of Arcane Endurance
50903	Frostboots of Martial Fury
50904	Frostboots of Wild Fury
50905	Frostboots of Umbral Fury
50906	Frostboots of Natural Fury
50907	Frostboots of Arcane Fury
50908	Frostboots of Martial Skill
50909	Frostboots of Wild Skill
50910	Frostboots of Umbral Skill
50911	Frostboots of Natural Skill
50912	Frostboots of Arcane Skill
50913	Greater Frostboots of Martial Endurance
50914	Greater Frostboots of Wild Endurance
50915	Greater Frostboots of Umbral Endurance
50916	Greater Frostboots of Natural Endurance
50917	Greater Frostboots of Arcane Endurance
50918	Greater Frostboots of Martial Fury
50919	Greater Frostboots of Wild Fury
50920	Greater Frostboots of Umbral Fury
50921	Greater Frostboots of Natural Fury
50922	Greater Frostboots of Arcane Fury
50923	Greater Frostboots of Martial Skill
50924	Greater Frostboots of Wild Skill
50925	Greater Frostboots of Umbral Skill
50926	Greater Frostboots of Natural Skill
50927	Greater Frostboots of Arcane Skill
50928	White Frostguard Boots
50929	Black Frostguard Boots
50930	Red Frostguard Boots
50931	Blue Frostguard Boots
50932	Green Frostguard Boots
50933	Yellow Frostguard Boots
50934	Orange Frostguard Boots
50935	Pink Frostguard Boots
50936	Purple Frostguard Boots
50937	White Frostguard Gloves
50938	Black Frostguard Gloves
50939	Red Frostguard Gloves
50940	Blue Frostguard Gloves
50941	Green Frostguard Gloves
50942	Yellow Frostguard Gloves
50943	Orange Frostguard Gloves
50944	Pink Frostguard Gloves
50945	Purple Frostguard Gloves
50946	White Frostguard Leggings
50947	Black Frostguard Leggings
50948	Red Frostguard Leggings
50949	Blue Frostguard Leggings
50950	Green Frostguard Leggings
50951	Yellow Frostguard Leggings
50952	Orange Frostguard Leggings
50953	Pink Frostguard Leggings
50954	Purple Frostguard Leggings
50955	White Frostguard Top
50956	Black Frostguard Top
50957	Red Frostguard Top
50958	Blue Frostguard Top
50959	Green Frostguard Top
50960	Yellow Frostguard Top
50961	Orange Frostguard Top
50962	Pink Frostguard Top
50963	Purple Frostguard Top
50964	Turquoise Frostguard Boots
50965	Turquoise Frostguard Gloves
50966	Turquoise Frostguard Leggings
50967	Turquoise Frostguard Top
50968	White Frostguard Hat
50969	Black Frostguard Hat
50970	Red Frostguard Hat
50971	Blue Frostguard Hat
50972	Green Frostguard Hat
50973	Yellow Frostguard Hat
50974	Orange Frostguard Hat
50975	Pink Frostguard Hat
50976	Purple Frostguard Hat
50977	Turquoise Frostguard Hat
50978	Snowbound Black Frostguard Boots
50979	Snowbound Black Frostguard Gloves
50980	Snowbound Black Frostguard Leggings
50981	Snowbound Black Frostguard Top
50982	Snowbound Black Frostguard Hat
50983	Snowbound White Frostguard Boots
50984	Snowbound White Frostguard Gloves
50985	Snowbound White Frostguard Leggings
50986	Snowbound White Frostguard Top
50987	Snowbound White Frostguard Hat
50988	Snowbound Red Frostguard Boots
50989	Snowbound Red Frostguard Gloves
50990	Snowbound Red Frostguard Leggings
50991	Snowbound Red Frostguard Top
50992	Snowbound Red Frostguard Hat
50993	Snowbound Blue Frostguard Boots
50994	Snowbound Blue Frostguard Gloves
50995	Snowbound Blue Frostguard Leggings
50996	Snowbound Blue Frostguard Top
50997	Snowbound Blue Frostguard Hat
50998	Snowbound Green Frostguard Boots
50999	Snowbound Green Frostguard Gloves
51000	Snowbound Green Frostguard Leggings
51001	Snowbound Green Frostguard Top
51002	Snowbound Green Frostguard Hat
51003	Snowbound Yellow Frostguard Boots
51004	Snowbound Yellow Frostguard Gloves
51005	Snowbound Yellow Frostguard Leggings
51006	Snowbound Yellow Frostguard Top
51007	Snowbound Yellow Frostguard Hat
51008	Snowbound Orange Frostguard Boots
51009	Snowbound Orange Frostguard Gloves
51010	Snowbound Orange Frostguard Leggings
51011	Snowbound Orange Frostguard Top
51012	Snowbound Orange Frostguard Hat
51013	Snowbound Pink Frostguard Boots
51014	Snowbound Pink Frostguard Gloves
51015	Snowbound Pink Frostguard Leggings
51016	Snowbound Pink Frostguard Top
51017	Snowbound Pink Frostguard Hat
51018	Snowbound Purple Frostguard Boots
51019	Snowbound Purple Frostguard Gloves
51020	Snowbound Purple Frostguard Leggings
51021	Snowbound Purple Frostguard Top
51022	Snowbound Purple Frostguard Hat
51023	Snowbound Turquoise Frostguard Boots
51024	Snowbound Turquoise Frostguard Gloves
51025	Snowbound Turquoise Frostguard Leggings
51026	Snowbound Turquoise Frostguard Top
51027	Snowbound Turquoise Frostguard Hat
51028	Frosty Candycane
51029	Icy Candycane
51030	Snowbound Candycane
51031	Icecrystal Band of the Thief
51032	Icecrystal Band of the Crusader
51033	Icecrystal Band of the Noble
51034	Icecrystal Pendant of the Frozen Flame
51035	Icecrystal Pendant of the North Wind
51036	Icecrystal Pendant of the Storm's Eye
51037	Icecrystal Pendant of the Glacial Peak
51038	Icecrystal Brooch of the Hearth
51039	Icecrystal Brooch of the Spark
51040	Icecrystal Band of the Magus
51041	Gloomgaze's Crystal of Command
51042	Royal Helm of Athach's Might
51043	Royal Helm of Athach's Cunning
51044	Royal Helm of Athach's Sight
51045	Royal Helm of Athach's Wisdom
51046	Royal Helm of Athach's Intellect
51047	Imperial Helm of Athach's Might
51048	Imperial Helm of Athach's Cunning
51049	Imperial Helm of Athach's Sight
51050	Imperial Helm of Athach's Wisdom
51051	Imperial Helm of Athach's Intellect
51052	Godly Helm of Athach's Might
51053	Godly Helm of Athach's Cunning
51054	Godly Helm of Athach's Sight
51055	Godly Helm of Athach's Wisdom
51056	Godly Helm of Athach's Intellect
51057	Mighty Charm of the Frostknight
51058	Mighty Charm of the Searblade
51059	Mighty Charm of the Stormguard
51060	Mighty Charm of the Icewitch
51061	Mighty Charm of the Frostcaller
51062	Mighty Charm of the Stormseer
51063	Majestic Charm of the Frostknight
51064	Majestic Charm of the Searblade
51065	Majestic Charm of the Stormguard
51066	Majestic Charm of the Icewitch
51067	Majestic Charm of the Frostcaller
51068	Majestic Charm of the Stormseer
51069	Royal Charm of the Frostknight
51070	Royal Charm of the Searblade
51071	Royal Charm of the Stormguard
51072	Royal Charm of the Icewitch
51073	Royal Charm of the Frostcaller
51074	Royal Charm of the Stormseer
51075	Imperial Charm of the Frostknight
51076	Imperial Charm of the Searblade
51077	Imperial Charm of the Stormguard
51078	Imperial Charm of the Icewitch
51079	Imperial Charm of the Frostcaller
51080	Imperial Charm of the Stormseer
51081	Godly Charm of the Frostknight
51082	Godly Charm of the Searblade
51083	Godly Charm of the Stormguard
51084	Godly Charm of the Icewitch
51085	Godly Charm of the Frostcaller
51086	Godly Charm of the Stormseer
51087	Silver Shilling
51088	Golden Shilling
51089	Silver Bauble
51090	Golden Bauble
51091	Silver Jewelbox
51092	Golden Jewelbox
51093	Small Yuletide Gift
51094	Medium Yuletide Gift
51095	Large Yuletide Gift
51096	Bolkan Firbolg Slave Charm
51097	Bolkan Firbolg Bowman Charm
51098	Bolkan Firbolg Archer Charm
51099	Bolkan Firbolg Fighter Charm
51100	Bolkan Firbolg Warrior Charm
51101	Bolkan Firbolg Headman Charm
51102	Bolkan Firbolg Warlord Charm
51103	Bolkan Grenyan Firbolg Charm
51104	Carrowmore Firbolg Slave Charm
51105	Carrowmore Firbolg Bowman Charm
51106	Carrowmore Firbolg Archer Charm
51107	Carrowmore Firbolg Fighter Charm
51108	Carrowmore Firbolg Warrior Charm
51109	Carrowmore Firbolg Headman Charm
51110	Carrowmore Firbolg Warlord Charm
51111	Carrowmore Sengann Firbolg Charm
51112	Skur Firbolg Slave Charm
51113	Skur Firbolg Bowman Charm
51114	Skur Firbolg Archer Charm
51115	Skur Firbolg Fighter Charm
51116	Skur Firbolg Warrior Charm
51117	Skur Firbolg Headman Charm
51118	Skur Firbolg Warlord Charm
51119	Skur Krethan Firbolg Charm
51120	Festive Hat
51121	Yuletide Hat
51122	Mighty Charm of the Snowscourge
51123	Majestic Charm of the Snowscourge
51124	Royal Charm of the Snowscourge
51125	Imperial Charm of the Snowscourge
51126	Godly Charm of the Snowscourge
51127	Mighty Charm of the Frosthealer
51128	Majestic Charm of the Frosthealer
51129	Royal Charm of the Frosthealer
51130	Imperial Charm of the Frosthealer
51131	Godly Charm of the Frosthealer
51132	Mighty Charm of the Icegiant
51133	Majestic Charm of the Icegiant
51134	Royal Charm of the Icegiant
51135	Imperial Charm of the Icegiant
51136	Godly Charm of the Icegiant
51137	Mighty Charm of the Stormhammer
51138	Majestic Charm of the Stormhammer
51139	Royal Charm of the Stormhammer
51140	Imperial Charm of the Stormhammer
51141	Godly Charm of the Stormhammer
51142	Mighty Charm of the Windstrider
51143	Majestic Charm of the Windstrider
51144	Royal Charm of the Windstrider
51145	Imperial Charm of the Windstrider
51146	Godly Charm of the Windstrider
51147	White Candycane
51148	Black Candycane
51149	Red Candycane
51150	Blue Candycane
51151	Green Candycane
51152	Yellow Candycane
51153	Orange Candycane
51154	Pink Candycane
51155	Purple Candycane
51156	Turquoise Candycane
51157	Snowbound White Candycane
51158	Snowbound Black Candycane
51159	Snowbound Red Candycane
51160	Snowbound Blue Candycane
51161	Snowbound Green Candycane
51162	Snowbound Yellow Candycane
51163	Snowbound Orange Candycane
51164	Snowbound Pink Candycane
51165	Snowbound Purple Candycane
51166	Snowbound Turqouise Candycane
51167	Dark Totem of Necral Power
51168	Dark Wand of Deathly Touch
51169	Shadow Totem of Necral Power
51170	Shadow Wand of Deathly Touch
51171	Void Totem of Necral Power
51172	Void Wand of Deathly Touch
51173	Trollsblood Ruby
51174	Grand Trollsblood Ruby
51175	Perfect Trollsblood Ruby
51176	Crystal Skull
51177	Grand Crystal Skull
51178	Perfect Crystal Skull
51179	Godly Necral Ring of Mortality
51180	Godly Necral Ring of Eternal Rest
51181	Godly Necral Ring of Reaping
51182	Godly Necral Ring of Death
51183	Godly Necral Ring of Fate
51184	Godly Necral Ring of Living Bone
51185	Godly Necral Ring of Skulls
51186	Godly Necral Ring of Living Flesh
51187	Godly Necral Ring of Blood
51188	Godly Necral Ring of the Crypt
51189	Godly Necral Ring of the Pit
51190	Godly Necral Ring of Rot
51191	Godly Necral Ring of Oblivion
51192	Godly Necral Ring of Resurgence
51193	Godly Necral Ring of Endless Night
51194	Godly Necral Ring of Decay
51195	Godly Necral Ring of Burial
51196	Godly Necral Ring of Ague
51197	Godly Necral Ring of Corruption
51198	Godly Necral Ring of Flux
51199	Godly Necral Ring of Morbus
51200	Godly Necral Ring of Plague
51201	Everlasting Green Firework
51202	Legendary Relics Chest
51203	Stolen MacCroin Ring
51204	Stolen MacCroin Brooch
51205	Stolen MacCroin Goblet
51206	Stolen MacCroin Torc
51207	Stolen MacCroin Idol
51208	Corrupted Fang
51209	Fae Talisman
51210	Summoning Stone
51211	Corrupted Unicorn Horn
51212	Bloodgrove Grimoire
51213	Enchanted Leaf
51214	Captured Soul
51215	Golden Apple
51216	Living Amber
51217	Crystalline Nexus
51218	Boots of Running Quite Fast
51220	Nature's Spirit
51221	Suncrest Mystery Chest
51222	White Ardmair Boots
51223	Black Ardmair Boots
51224	Red Ardmair Boots
51225	Blue Ardmair Boots
51226	Green Ardmair Boots
51227	Yellow Ardmair Boots
51228	Orange Ardmair Boots
51229	Pink Ardmair Boots
51230	Purple Ardmair Boots
51231	White Ardmair Bracers
51232	Black Ardmair Bracers
51233	Red Ardmair Bracers
51234	Blue Ardmair Bracers
51235	Green Ardmair Bracers
51236	Yellow Ardmair Bracers
51237	Orange Ardmair Bracers
51238	Pink Ardmair Bracers
51239	Purple Ardmair Bracers
51240	White Ardmair Leggings
51241	Black Ardmair Leggings
51242	Red Ardmair Leggings
51243	Blue Ardmair Leggings
51244	Green Ardmair Leggings
51245	Yellow Ardmair Leggings
51246	Orange Ardmair Leggings
51247	Pink Ardmair Leggings
51248	Purple Ardmair Leggings
51249	White Ardmair Woad
51250	Black Ardmair Woad
51251	Red Ardmair Woad
51252	Blue Ardmair Woad
51253	Green Ardmair Woad
51254	Yellow Ardmair Woad
51255	Orange Ardmair Woad
51256	Pink Ardmair Woad
51257	Purple Ardmair Woad
51258	Turquoise Ardmair Boots
51259	Turquoise Ardmair Bracers
51260	Turquoise Ardmair Leggings
51261	Turquoise Ardmair Woad
51262	White Ardmair Mask
51263	Black Ardmair Mask
51264	Red Ardmair Mask
51265	Blue Ardmair Mask
51266	Green Ardmair Mask
51267	Yellow Ardmair Mask
51268	Orange Ardmair Mask
51269	Pink Ardmair Mask
51270	Purple Ardmair Mask
51271	Turquoise Ardmair Mask
51272	Sunbound Black Ardmair Boots
51273	Sunbound Black Ardmair Bracers
51274	Sunbound Black Ardmair Leggings
51275	Sunbound Black Ardmair Woad
51276	Sunbound Black Ardmair Mask
51277	Sunbound White Ardmair Boots
51278	Sunbound White Ardmair Bracers
51279	Sunbound White Ardmair Leggings
51280	Sunbound White Ardmair Woad
51281	Sunbound White Ardmair Mask
51282	Sunbound Red Ardmair Boots
51283	Sunbound Red Ardmair Bracers
51284	Sunbound Red Ardmair Leggings
51285	Sunbound Red Ardmair Woad
51286	Sunbound Red Ardmair Mask
51287	Sunbound Blue Ardmair Boots
51288	Sunbound Blue Ardmair Bracers
51289	Sunbound Blue Ardmair Leggings
51290	Sunbound Blue Ardmair Woad
51291	Sunbound Blue Ardmair Mask
51292	Sunbound Green Ardmair Boots
51293	Sunbound Green Ardmair Bracers
51294	Sunbound Green Ardmair Leggings
51295	Sunbound Green Ardmair Woad
51296	Sunbound Green Ardmair Mask
51297	Sunbound Yellow Ardmair Boots
51298	Sunbound Yellow Ardmair Bracers
51299	Sunbound Yellow Ardmair Leggings
51300	Sunbound Yellow Ardmair Woad
51301	Sunbound Yellow Ardmair Mask
51302	Sunbound Orange Ardmair Boots
51303	Sunbound Orange Ardmair Bracers
51304	Sunbound Orange Ardmair Leggings
51305	Sunbound Orange Ardmair Woad
51306	Sunbound Orange Ardmair Mask
51307	Sunbound Pink Ardmair Boots
51308	Sunbound Pink Ardmair Bracers
51309	Sunbound Pink Ardmair Leggings
51310	Sunbound Pink Ardmair Woad
51311	Sunbound Pink Ardmair Mask
51312	Sunbound Purple Ardmair Boots
51313	Sunbound Purple Ardmair Bracers
51314	Sunbound Purple Ardmair Leggings
51315	Sunbound Purple Ardmair Woad
51316	Sunbound Purple Ardmair Mask
51317	Sunbound Turquoise Ardmair Boots
51318	Sunbound Turquoise Ardmair Bracers
51319	Sunbound Turquoise Ardmair Leggings
51320	Sunbound Turquoise Ardmair Woad
51321	Sunbound Turquoise Ardmair Mask
51322	Spring Essence
51323	Summer Essence
51324	Autumn Essence
51325	White Nature Mask
51326	Black Nature Mask
51327	Red Nature Mask
51328	Blue Nature Mask
51329	Green Nature Mask
51330	Yellow Nature Mask
51331	Orange Nature Mask
51332	Pink Nature Mask
51333	Purple Nature Mask
51334	Turquoise Nature Mask
51335	White Radiant Nature Mask
51336	Black Radiant Nature Mask
51337	Red Radiant Nature Mask
51338	Blue Radiant Nature Mask
51339	Green Radiant Nature Mask
51340	Yellow Radiant Nature Mask
51341	Orange Radiant Nature Mask
51342	Pink Radiant Nature Mask
51343	Purple Radiant Nature Mask
51344	Turquoise Radiant Nature Mask
51345	Sunshard Pendant of the Untamed Wilds
51346	Sunshard Band of the Mountain Peak
51347	Sunshard Band of the Crystal River
51348	Sunshard Ring of the Sacred Grove
51349	Sunshard Ring of the Hidden Glade
51350	Morcas Dryad Charm
51351	Springleaf Dryad Charm
51352	Summerleaf Dryad Charm
51353	Autumleaf Dryad Charm
51354	Winterleaf Dryad Charm
51355	Oakheart Sentinel Charm
51356	Ashborn Truebark Charm
51357	Quickthorn Guardian Charm
51359	Radiant Morcas Dryad Charm
51360	Radiant Springleaf Dryad Charm
51361	Radiant Summerleaf Dryad Charm
51362	Radiant Autumleaf Dryad Charm
51363	Radiant Winterleaf Dryad Charm
51364	Radiant Oakheart Sentinel Charm
51365	Radiant Ashborn Truebark Charm
51366	Radiant Quickthorn Guardian Charm
51367	Boreal Harp
51368	Hibernal Harp
51369	Spring Equinox Harp
51370	Autumn Harvest Harp
51371	Midsummer Solstice Harp
51372	Beltane Harp
51373	Galar's Bloodthorn Necklace
51374	Galar's Ironroot Necklace
51375	Galar's Shrivewood Necklace
51376	Galar's Bladeleaf Necklace
51377	Galar's Spiritseed Necklace
51378	Kron's Bloodthorn Necklace
51379	Kron's Ironroot Necklace
51380	Kron's Shrivewood Necklace
51381	Kron's Bladeleaf Necklace
51382	Kron's Spiritseed Necklace
51383	Comrak's Bloodthorn Necklace
51384	Comrak's Ironroot Necklace
51385	Comrak's Shrivewood Necklace
51386	Comrak's Bladeleaf Necklace
51387	Comrak's Spiritseed Necklace
51388	Garanak's Bloodthorn Necklace
51389	Garanak's Ironroot Necklace
51390	Garanak's Shrivewood Necklace
51391	Garanak's Bladeleaf Necklace
51392	Garanak's Spiritseed Necklace
51393	Galar's Bloodthorn Charm
51394	Galar's Ironroot Charm
51395	Galar's Shrivewood Charm
51396	Galar's Bladeleaf Charm
51397	Galar's Spiritseed Charm
51398	Kron's Bloodthorn Charm
51399	Kron's Ironroot Charm
51400	Kron's Shrivewood Charm
51401	Kron's Bladeleaf Charm
51402	Kron's Spiritseed Charm
51403	Comrak's Bloodthorn Charm
51404	Comrak's Ironroot Charm
51405	Comrak's Shrivewood Charm
51406	Comrak's Bladeleaf Charm
51407	Comrak's Spiritseed Charm
51408	Garanak's Bloodthorn Charm
51409	Garanak's Ironroot Charm
51410	Garanak's Shrivewood Charm
51411	Garanak's Bladeleaf Charm
51412	Garanak's Spiritseed Charm
51413	Galar's Bloodthorn Ring
51414	Galar's Ironroot Ring
51415	Galar's Shrivewood Ring
51416	Galar's Bladeleaf Ring
51417	Galar's Spiritseed Ring
51418	Kron's Bloodthorn Ring
51419	Kron's Ironroot Ring
51420	Kron's Shrivewood Ring
51421	Kron's Bladeleaf Ring
51422	Kron's Spiritseed Ring
51423	Comrak's Bloodthorn Ring
51424	Comrak's Ironroot Ring
51425	Comrak's Shrivewood Ring
51426	Comrak's Bladeleaf Ring
51427	Comrak's Spiritseed Ring
51428	Garanak's Bloodthorn Ring
51429	Garanak's Ironroot Ring
51430	Garanak's Shrivewood Ring
51431	Garanak's Bladeleaf Ring
51432	Garanak's Spiritseed Ring
51433	Lesser Bloodthorn Aura Set Bonus
51434	Lesser Ironroot Aura Set Bonus
51435	Lesser Shrivewood Aura Set Bonus
51436	Lesser Bladeleaf Aura Set Bonus
51437	Lesser Spiritseed Aura Set Bonus
51438	Bloodthorn Aura Set Bonus
51439	Ironroot Aura Set Bonus
51440	Shrivewood Aura Set Bonus
51441	Bladeleaf Aura Set Bonus
51442	Spiritseed Aura Set Bonus
51443	Greater Bloodthorn Aura Set Bonus
51444	Greater Ironroot Aura Set Bonus
51445	Greater Shrivewood Aura Set Bonus
51446	Greater Bladeleaf Aura Set Bonus
51447	Greater Spiritseed Aura Set Bonus
51448	Grand Bloodthorn Aura Set Bonus
51449	Grand Ironroot Aura Set Bonus
51450	Grand Shrivewood Aura Set Bonus
51451	Grand Bladeleaf Aura Set Bonus
51452	Grand Spiritseed Aura Set Bonus
51453	Galar's Stormleaf Necklace
51454	Galar's Frostroot Necklace
51455	Galar's Stonebark Necklace
51456	Kron's Stormleaf Necklace
51457	Kron's Frostroot Necklace
51458	Kron's Stonebark Necklace
51459	Comrak's Stormleaf Necklace
51460	Comrak's Frostroot Necklace
51461	Comrak's Stonebark Necklace
51462	Garanak's Stormleaf Necklace
51463	Garanak's Frostroot Necklace
51464	Garanak's Stonebark Necklace
51465	Galar's Stormleaf Charm
51466	Galar's Frostroot Charm
51467	Galar's Stonebark Charm
51468	Kron's Stormleaf Charm
51469	Kron's Frostroot Charm
51470	Kron's Stonebark Charm
51471	Comrak's Stormleaf Charm
51472	Comrak's Frostroot Charm
51473	Comrak's Stonebark Charm
51474	Garanak's Stormleaf Charm
51475	Garanak's Frostroot Charm
51476	Garanak's Stonebark Charm
51477	Galar's Stormleaf Ring
51478	Galar's Frostroot Ring
51479	Galar's Stonebark Ring
51480	Kron's Stormleaf Ring
51481	Kron's Frostroot Ring
51482	Kron's Stonebark Ring
51483	Comrak's Stormleaf Ring
51484	Comrak's Frostroot Ring
51485	Comrak's Stonebark Ring
51486	Garanak's Stormleaf Ring
51487	Garanak's Frostroot Ring
51488	Garanak's Stonebark Ring
51489	Lesser Stormleaf Aura Set Bonus
51490	Lesser Frostroot Aura Set Bonus
51491	Lesser Stonebark Aura Set Bonus
51492	Stormleaf Aura Set Bonus
51493	Frostroot Aura Set Bonus
51494	Stonebark Aura Set Bonus
51495	Greater Stormleaf Aura Set Bonus
51496	Greater Frostroot Aura Set Bonus
51497	Greater Stonebark Aura Set Bonus
51498	Grand Stormleaf Aura Set Bonus
51499	Grand Frostroot Aura Set Bonus
51500	Grand Stonebark Aura Set Bonus
51501	Sunshard Pendant of the Silent Forest
51502	Phoenix Mystery Chest
51503	White Phoenix Crest
51504	Black Phoenix Crest
51505	Red Phoenix Crest
51506	Blue Phoenix Crest
51507	Green Phoenix Crest
51508	Yellow Phoenix Crest
51509	Orange Phoenix Crest
51510	Pink Phoenix Crest
51511	Purple Phoenix Crest
51512	Turquoise Phoenix Crest
51513	White Blazing Phoenix Crest
51514	Black Blazing Phoenix Crest
51515	Red Blazing Phoenix Crest
51516	Blue Blazing Phoenix Crest
51517	Green Blazing Phoenix Crest
51518	Yellow Blazing Phoenix Crest
51519	Orange Blazing Phoenix Crest
51520	Pink Blazing Phoenix Crest
51521	Purple Blazing Phoenix Crest
51522	Turquoise Blazing Phoenix Crest
51523	Offering to Danu
51524	Offering to Danu
51525	Offering to Danu
51526	Toxic Toadstool
51527	Tithestone
51528	Hammer of the Exile
51529	Dagger of the Exile
51530	Bow of the Exile
51531	Totem of the Exile
51532	Wand of the Exile
51533	Hammer of the Lizard King
51534	Dagger of the Lizard King
51535	Bow of the Lizard King
51536	Totem of the Lizard King
51537	Wand of the Lizard King
51538	Hammer of the Undefeated
51539	Dagger of the Undefeated
51540	Bow of the Undefeated
51541	Totem of the Undefeated
51542	Wand of the Undefeated
51543	Hammer of the Despoiler
51544	Dagger of the Despoiler
51545	Bow of the Despoiler
51546	Totem of the Despoiler
51547	Wand of the Despoiler
51548	Burnished Firestorm Rod
51549	Radiant Burnished Firestorm Rod
51550	Burnished Phoenix Glider
51551	DO NOT USE
51552	Tor Caith Faerie Charm
51553	Radiant Tor Caith Faerie Charm
51554	Legendary Phoenix Glider
51555	Mythic Phoenix Glider
51556	Fabled Phoenix Glider
51557	Elder Phoenix Glider
51558	Ancient Phoenix Glider
51559	Primal Phoenix Glider
51560	Black Firestorm Rod
51561	White Firestorm Rod
51562	Red Firestorm Rod
51563	Blue Firestorm Rod
51564	Green Firestorm Rod
51565	Yellow Firestorm Rod
51566	Orange Firestorm Rod
51567	Pink Firestorm Rod
51568	Purple Firestorm Rod
51569	Turquoise Firestorm Rod
51570	Knuckle Bone
51571	Burnished Phoenix Crest
51572	Burnished Blazing Phoenix Crest
51573	Shimmering Chest
51574	Amber Tor Caith Faerie Charm
51575	Azure Tor Caith Faerie Charm
51576	Heroic Elixir of Defence
51577	Heroic Elixir of Attack
51578	Heroic Elixir of Armour
51579	5 Heroic Defence Elixirs
51580	5 Heroic Attack Elixirs
51581	5 Heroic Armour Elixirs
51582	Shaman's Phoenix Glider
51583	Ruby Tor Caith Faerie Charm
51584	Cerulean Tor Caith Faerie Charm
51585	Weathered Shamanic Bones
51586	Hallowed Shamanic Bones
51587	Revered Shamanic Bones
51588	Weathered Mystic Bones
51589	Hallowed Mystic Bones
51590	Revered Mystic Bones
51591	Weathered Sorcerous Bones
51592	Hallowed Sorcerous Bones
51593	Revered Sorcerous Bones
51594	Weathered Runic Bones
51595	Hallowed Runic Bones
51596	Revered Runic Bones
51681	Dragonfire Fists
51682	Scorpion Stinger
51683	First Tablet of Fingal
51684	Second Tablet of Fingal
51685	Third Tablet of Fingal
51686	Fourth Tablet of Fingal
51687	Fifth Tablet of Fingal
51688	Sixth Tablet of Fingal
51689	Spider Fang
51690	Shovel
51691	Tablet Fragment 1
51692	Tablet Fragment 2
51693	Tablet Fragment 3
51694	Tablet Fragment 4
51695	Fire Crystal
51696	Sharp Scale
51697	Greater Warbeast Egg
51698	Mottled Scale
51699	Oath Gem
51700	Miners Supplies
51701	Bat Fur Sample
51702	Bat Claw Sample
51703	Bat Fang Sample
51704	Bat Wing Sample
51705	Shaman's Phoenix Crest
52000	White Wayfarer's Headdress
52001	Black Wayfarer's Headdress
52002	Red Wayfarer's Headdress
52003	Blue Wayfarer's Headdress
52004	Green Wayfarer's Headdress
52005	Yellow Wayfarer's Headdress
52006	Orange Wayfarer's Headdress
52007	Pink Wayfarer's Headdress
52008	Purple Wayfarer's Headdress
52009	Turquoise Wayfarer's Headdress
52010	White Ensorcelled Wayfarer's Headdress
52011	Black Ensorcelled Wayfarer's Headdress
52012	Red Ensorcelled Wayfarer's Headdress
52013	Blue Ensorcelled Wayfarer's Headdress
52014	Green Ensorcelled Wayfarer's Headdress
52015	Yellow Ensorcelled Wayfarer's Headdress
52016	Orange Ensorcelled Wayfarer's Headdress
52017	Pink Ensorcelled Wayfarer's Headdress
52018	Purple Ensorcelled Wayfarer's Headdress
52019	Turquoise Ensorcelled Wayfarer's Headdress
52020	Wayfarer's Headdress
52021	Ensorcelled Wayfarer's Headdress
52022	White Spidersilk Boots
52023	Black Spidersilk Boots
52024	Red Spidersilk Boots
52025	Blue Spidersilk Boots
52026	Green Spidersilk Boots
52027	Yellow Spidersilk Boots
52028	Orange Spidersilk Boots
52029	Pink Spidersilk Boots
52030	Purple Spidersilk Boots
52031	White Spidersilk Gloves
52032	Black Spidersilk Gloves
52033	Red Spidersilk Gloves
52034	Blue Spidersilk Gloves
52035	Green Spidersilk Gloves
52036	Yellow Spidersilk Gloves
52037	Orange Spidersilk Gloves
52038	Pink Spidersilk Gloves
52039	Purple Spidersilk Gloves
52040	White Spidersilk Leggings
52041	Black Spidersilk Leggings
52042	Red Spidersilk Leggings
52043	Blue Spidersilk Leggings
52044	Green Spidersilk Leggings
52045	Yellow Spidersilk Leggings
52046	Orange Spidersilk Leggings
52047	Pink Spidersilk Leggings
52048	Purple Spidersilk Leggings
52049	White Spidersilk Top
52050	Black Spidersilk Top
52051	Red Spidersilk Top
52052	Blue Spidersilk Top
52053	Green Spidersilk Top
52054	Yellow Spidersilk Top
52055	Orange Spidersilk Top
52056	Pink Spidersilk Top
52057	Purple Spidersilk Top
52058	Turquoise Spidersilk Boots
52059	Turquoise Spidersilk Gloves
52060	Turquoise Spidersilk Leggings
52061	Turquoise Spidersilk Top
52062	White Spidersilk Headdress
52063	Black Spidersilk Headdress
52064	Red Spidersilk Headdress
52065	Blue Spidersilk Headdress
52066	Green Spidersilk Headdress
52067	Yellow Spidersilk Headdress
52068	Orange Spidersilk Headdress
52069	Pink Spidersilk Headdress
52070	Purple Spidersilk Headdress
52071	Turquoise Spidersilk Headdress
52072	Ensorcelled White Spidersilk Boots
52073	Ensorcelled Black Spidersilk Boots
52074	Ensorcelled Red Spidersilk Boots
52075	Ensorcelled Blue Spidersilk Boots
52076	Ensorcelled Green Spidersilk Boots
52077	Ensorcelled Yellow Spidersilk Boots
52078	Ensorcelled Orange Spidersilk Boots
52079	Ensorcelled Pink Spidersilk Boots
52080	Ensorcelled Purple Spidersilk Boots
52081	Ensorcelled White Spidersilk Gloves
52082	Ensorcelled Black Spidersilk Gloves
52083	Ensorcelled Red Spidersilk Gloves
52084	Ensorcelled Blue Spidersilk Gloves
52085	Ensorcelled Green Spidersilk Gloves
52086	Ensorcelled Yellow Spidersilk Gloves
52087	Ensorcelled Orange Spidersilk Gloves
52088	Ensorcelled Pink Spidersilk Gloves
52089	Ensorcelled Purple Spidersilk Gloves
52090	Ensorcelled White Spidersilk Leggings
52091	Ensorcelled Black Spidersilk Leggings
52092	Ensorcelled Red Spidersilk Leggings
52093	Ensorcelled Blue Spidersilk Leggings
52094	Ensorcelled Green Spidersilk Leggings
52095	Ensorcelled Yellow Spidersilk Leggings
52096	Ensorcelled Orange Spidersilk Leggings
52097	Ensorcelled Pink Spidersilk Leggings
52098	Ensorcelled Purple Spidersilk Leggings
52099	Ensorcelled White Spidersilk Top
52100	Ensorcelled Black Spidersilk Top
52101	Ensorcelled Red Spidersilk Top
52102	Ensorcelled Blue Spidersilk Top
52103	Ensorcelled Green Spidersilk Top
52104	Ensorcelled Yellow Spidersilk Top
52105	Ensorcelled Orange Spidersilk Top
52106	Ensorcelled Pink Spidersilk Top
52107	Ensorcelled Purple Spidersilk Top
52108	Ensorcelled Turquoise Spidersilk Boots
52109	Ensorcelled Turquoise Spidersilk Gloves
52110	Ensorcelled Turquoise Spidersilk Leggings
52111	Ensorcelled Turquoise Spidersilk Top
52112	Ensorcelled White Spidersilk Headdress
52113	Ensorcelled Black Spidersilk Headdress
52114	Ensorcelled Red Spidersilk Headdress
52115	Ensorcelled Blue Spidersilk Headdress
52116	Ensorcelled Green Spidersilk Headdress
52117	Ensorcelled Yellow Spidersilk Headdress
52118	Ensorcelled Orange Spidersilk Headdress
52119	Ensorcelled Pink Spidersilk Headdress
52120	Ensorcelled Purple Spidersilk Headdress
52121	Ensorcelled Turquoise Spidersilk Headdress
52122	Pyre Balm
52123	Rime Balm
52124	Acid Balm
52125	Shrouded Flute of Spiders
52126	Dusklight Flute of Spiders
52127	Nightfall Flute of Spiders
52128	Twilight Flute of Spiders
52129	Midnight Flute of Spiders
52130	Shrouded Lute of Spiders
52131	Dusklight Lute of Spiders
52132	Nightfall Lute of Spiders
52133	Twilight Lute of Spiders
52134	Midnight Lute of Spiders
52135	Shrouded Harp of Spiders
52136	Dusklight Harp of Spiders
52137	Nightfall Harp of Spiders
52138	Twilight Harp of Spiders
52139	Midnight Harp of Spiders
52140	Shrouded Horn of Spiders
52141	Dusklight Horn of Spiders
52142	Nightfall Horn of Spiders
52143	Twilight Horn of Spiders
52144	Midnight Horn of Spiders
52145	Spidersong Flute
52146	Spidersong Lute
52147	Spidersong Harp
52148	Spidersong Warhorn
52149	Green Witch Mask
52150	Green Wolf Mask
52151	Green Skull Mask
52152	Red Witch Mask
52153	Red Wolf Mask
52154	Red Skull Mask
52155	Purple Witch Mask
52156	Purple Wolf Mask
52157	Purple Skull Mask
52158	Black Witch Mask
52159	Black Wolf Mask
52160	Black Skull Mask
52161	White Witch Mask
52162	White Wolf Mask
52163	White Skull Mask
52164	Ensorcelled Green Witch Mask
52165	Ensorcelled Green Wolf Mask
52166	Ensorcelled Green Skull Mask
52167	Ensorcelled Red Witch Mask
52168	Ensorcelled Red Wolf Mask
52169	Ensorcelled Red Skull Mask
52170	Ensorcelled Purple Witch Mask
52171	Ensorcelled Purple Wolf Mask
52172	Ensorcelled Purple Skull Mask
52173	Ensorcelled Black Witch Mask
52174	Ensorcelled Black Wolf Mask
52175	Ensorcelled Black Skull Mask
52176	Ensorcelled White Witch Mask
52177	Ensorcelled White Wolf Mask
52178	Ensorcelled White Skull Mask
52179	Spectral Green Witch Mask
52180	Spectral Green Wolf Mask
52181	Spectral Green Skull Mask
52182	Spectral Red Witch Mask
52183	Spectral Red Wolf Mask
52184	Spectral Red Skull Mask
52185	Spectral Purple Witch Mask
52186	Spectral Purple Wolf Mask
52187	Spectral Purple Skull Mask
52188	Spectral Black Witch Mask
52189	Spectral Black Wolf Mask
52190	Spectral Black Skull Mask
52191	Spectral White Witch Mask
52192	Spectral White Wolf Mask
52193	Spectral White Skull Mask
52194	Ghostly Green Witch Mask
52195	Ghostly Green Wolf Mask
52196	Ghostly Green Skull Mask
52197	Ghostly Red Witch Mask
52198	Ghostly Red Wolf Mask
52199	Ghostly Red Skull Mask
52200	Ghostly Purple Witch Mask
52201	Ghostly Purple Wolf Mask
52202	Ghostly Purple Skull Mask
52203	Ghostly Black Witch Mask
52204	Ghostly Black Wolf Mask
52205	Ghostly Black Skull Mask
52206	Ghostly White Witch Mask
52207	Ghostly White Wolf Mask
52208	Ghostly White Skull Mask
52209	Flaming Green Witch Mask
52210	Flaming Green Wolf Mask
52211	Flaming Green Skull Mask
52212	Flaming Red Witch Mask
52213	Flaming Red Wolf Mask
52214	Flaming Red Skull Mask
52215	Flaming Purple Witch Mask
52216	Flaming Purple Wolf Mask
52217	Flaming Purple Skull Mask
52218	Flaming Black Witch Mask
52219	Flaming Black Wolf Mask
52220	Flaming Black Skull Mask
52221	Flaming White Witch Mask
52222	Flaming White Wolf Mask
52223	Flaming White Skull Mask
52224	Minor Pumpkin Bomb
52225	Mighty Pumpkin Bomb
52226	Majestic Pumpkin Bomb
52227	Royal Pumpkin Bomb
52228	Imperial Pumpkin Bomb
52229	Lesser Pumpkin Bomb
52230	Mystic Pumpkin Bomb
52231	Greater Pumpkin Bomb
52232	Grand Pumpkin Bomb
52233	Minor Flameburst Pumpkin Bomb
52234	Mighty Flameburst Pumpkin Bomb
52235	Majestic Flameburst Pumpkin Bomb
52236	Royal Flameburst Pumpkin Bomb
52237	Imperial Flameburst Pumpkin Bomb
52238	Lesser Flameburst Pumpkin Bomb
52239	Mystic Flameburst Pumpkin Bomb
52240	Greater Flameburst Pumpkin Bomb
52241	Grand Flameburst Pumpkin Bomb
52242	Spider Silk
52243	Cherished Karpati Nightflyer
52244	Prized Karpati Nightflyer
52245	Treasured Karpati Nightflyer
52246	Revered Karpati Nightflyer
52247	Hallowed Karpati Nightflyer
52248	Idolised Karpati Nightflyer
52249	Exalted Karpati Nightflyer
52250	Ancient Nightflyer
52251	Fabled Nightwing
52252	Primal Nightwing
52253	Legendary Nightwing
52254	Mythic Nightwing
52255	Samhain Nightflyer
52256	Greater Samhain Nightflyer
52257	Grand Samhain Nightflyer
52258	Elder Relic Nightflyer
52259	Arachnid Mystery Chest
52260	Icon of Danu
52261	Minor Silverweb Ring of Fire Bolt
52262	Minor Silverweb Ring of Ice Shards
52263	Minor Silverweb Ring of Lightning Strike
52264	Minor Silverweb Ring of Natures Touch
52265	Minor Silverweb Ring of Pummel
52266	Minor Silverweb Ring of Quick Strike
52267	Minor Silverweb Ring of Longshot
52268	Lesser Silverweb Ring of Fire Bolt
52269	Lesser Silverweb Ring of Ice Shards
52270	Lesser Silverweb Ring of Lightning Strike
52271	Lesser Silverweb Ring of Natures Touch
52272	Lesser Silverweb Ring of Pummel
52273	Lesser Silverweb Ring of Quick Strike
52274	Lesser Silverweb Ring of Longshot
52275	Mystic Silverweb Ring of Fire Bolt
52276	Mystic Silverweb Ring of Ice Shards
52277	Mystic Silverweb Ring of Lightning Strike
52278	Mystic Silverweb Ring of Natures Touch
52279	Mystic Silverweb Ring of Pummel
52280	Mystic Silverweb Ring of Quick Strike
52281	Mystic Silverweb Ring of Longshot
52282	Greater Silverweb Ring of Fire Bolt
52283	Greater Silverweb Ring of Ice Shards
52284	Greater Silverweb Ring of Lightning Strike
52285	Greater Silverweb Ring of Natures Touch
52286	Greater Silverweb Ring of Pummel
52287	Greater Silverweb Ring of Quick Strike
52288	Greater Silverweb Ring of Longshot
52289	Grand Silverweb Ring of Fire Bolt
52290	Grand Silverweb Ring of Ice Shards
52291	Grand Silverweb Ring of Lightning Strike
52292	Grand Silverweb Ring of Natures Touch
52293	Grand Silverweb Ring of Pummel
52294	Grand Silverweb Ring of Quick Strike
52295	Grand Silverweb Ring of Longshot
52296	Mighty Silverweb Ring of Fire Bolt
52297	Mighty Silverweb Ring of Ice Shards
52298	Mighty Silverweb Ring of Lightning Strike
52299	Mighty Silverweb Ring of Natures Touch
52300	Mighty Silverweb Ring of Pummel
52301	Mighty Silverweb Ring of Quick Strike
52302	Mighty Silverweb Ring of Longshot
52303	Majestic Silverweb Ring of Fire Bolt
52304	Majestic Silverweb Ring of Ice Shards
52305	Majestic Silverweb Ring of Lightning Strike
52306	Majestic Silverweb Ring of Natures Touch
52307	Majestic Silverweb Ring of Pummel
52308	Majestic Silverweb Ring of Quick Strike
52309	Majestic Silverweb Ring of Longshot
52310	Royal Silverweb Ring of Fire Bolt
52311	Royal Silverweb Ring of Ice Shards
52312	Royal Silverweb Ring of Lightning Strike
52313	Royal Silverweb Ring of Natures Touch
52314	Royal Silverweb Ring of Pummel
52315	Royal Silverweb Ring of Quick Strike
52316	Royal Silverweb Ring of Longshot
52317	Imperial Silverweb Ring of Fire Bolt
52318	Imperial Silverweb Ring of Ice Shards
52319	Imperial Silverweb Ring of Lightning Strike
52320	Imperial Silverweb Ring of Natures Touch
52321	Imperial Silverweb Ring of Pummel
52322	Imperial Silverweb Ring of Quick Strike
52323	Imperial Silverweb Ring of Longshot
52324	Godly Silverweb Ring of Fire Bolt
52325	Godly Silverweb Ring of Ice Shards
52326	Godly Silverweb Ring of Lightning Strike
52327	Godly Silverweb Ring of Natures Touch
52328	Godly Silverweb Ring of Pummel
52329	Godly Silverweb Ring of Quick Strike
52330	Godly Silverweb Ring of Longshot
52331	Minor Silverweb Charm of Might
52332	Minor Silverweb Charm of Chitin
52333	Minor Silverweb Charm of Striking
52334	Minor Silverweb Charm of Night
52335	Minor Silverweb Charm of Needles
52336	Minor Silverweb Charm of Farsight
52337	Minor Silverweb Charm of Earth
52338	Minor Silverweb Charm of Renewal
52339	Minor Silverweb Charm of Elements
52340	Minor Silverweb Charm of Shrouding
52341	Lesser Silverweb Charm of Might
52342	Lesser Silverweb Charm of Chitin
52343	Lesser Silverweb Charm of Striking
52344	Lesser Silverweb Charm of Night
52345	Lesser Silverweb Charm of Needles
52346	Lesser Silverweb Charm of Farsight
52347	Lesser Silverweb Charm of Earth
52348	Lesser Silverweb Charm of Renewal
52349	Lesser Silverweb Charm of Elements
52350	Lesser Silverweb Charm of Shrouding
52351	Mystic Silverweb Charm of Might
52352	Mystic Silverweb Charm of Chitin
52353	Mystic Silverweb Charm of Striking
52354	Mystic Silverweb Charm of Night
52355	Mystic Silverweb Charm of Needles
52356	Mystic Silverweb Charm of Farsight
52357	Mystic Silverweb Charm of Earth
52358	Mystic Silverweb Charm of Renewal
52359	Mystic Silverweb Charm of Elements
52360	Mystic Silverweb Charm of Shrouding
52361	Greater Silverweb Charm of Might
52362	Greater Silverweb Charm of Chitin
52363	Greater Silverweb Charm of Striking
52364	Greater Silverweb Charm of Night
52365	Greater Silverweb Charm of Needles
52366	Greater Silverweb Charm of Farsight
52367	Greater Silverweb Charm of Earth
52368	Greater Silverweb Charm of Renewal
52369	Greater Silverweb Charm of Elements
52370	Greater Silverweb Charm of Shrouding
52371	Grand Silverweb Charm of Might
52372	Grand Silverweb Charm of Chitin
52373	Grand Silverweb Charm of Striking
52374	Grand Silverweb Charm of Night
52375	Grand Silverweb Charm of Needles
52376	Grand Silverweb Charm of Farsight
52377	Grand Silverweb Charm of Earth
52378	Grand Silverweb Charm of Renewal
52379	Grand Silverweb Charm of Elements
52380	Grand Silverweb Charm of Shrouding
52381	Mighty Silverweb Charm of Might
52382	Mighty Silverweb Charm of Chitin
52383	Mighty Silverweb Charm of Striking
52384	Mighty Silverweb Charm of Night
52385	Mighty Silverweb Charm of Needles
52386	Mighty Silverweb Charm of Farsight
52387	Mighty Silverweb Charm of Earth
52388	Mighty Silverweb Charm of Renewal
52389	Mighty Silverweb Charm of Elements
52390	Mighty Silverweb Charm of Shrouding
52391	Majestic Silverweb Charm of Might
52392	Majestic Silverweb Charm of Chitin
52393	Majestic Silverweb Charm of Striking
52394	Majestic Silverweb Charm of Night
52395	Majestic Silverweb Charm of Needles
52396	Majestic Silverweb Charm of Farsight
52397	Majestic Silverweb Charm of Earth
52398	Majestic Silverweb Charm of Renewal
52399	Majestic Silverweb Charm of Elements
52400	Majestic Silverweb Charm of Shrouding
52401	Royal Silverweb Charm of Might
52402	Royal Silverweb Charm of Chitin
52403	Royal Silverweb Charm of Striking
52404	Royal Silverweb Charm of Night
52405	Royal Silverweb Charm of Needles
52406	Royal Silverweb Charm of Farsight
52407	Royal Silverweb Charm of Earth
52408	Royal Silverweb Charm of Renewal
52409	Royal Silverweb Charm of Elements
52410	Royal Silverweb Charm of Shrouding
52411	Imperial Silverweb Charm of Might
52412	Imperial Silverweb Charm of Chitin
52413	Imperial Silverweb Charm of Striking
52414	Imperial Silverweb Charm of Night
52415	Imperial Silverweb Charm of Needles
52416	Imperial Silverweb Charm of Farsight
52417	Imperial Silverweb Charm of Earth
52418	Imperial Silverweb Charm of Renewal
52419	Imperial Silverweb Charm of Elements
52420	Imperial Silverweb Charm of Shrouding
52421	Godly Silverweb Charm of Might
52422	Godly Silverweb Charm of Chitin
52423	Godly Silverweb Charm of Striking
52424	Godly Silverweb Charm of Night
52425	Godly Silverweb Charm of Needles
52426	Godly Silverweb Charm of Farsight
52427	Godly Silverweb Charm of Earth
52428	Godly Silverweb Charm of Renewal
52429	Godly Silverweb Charm of Elements
52430	Godly Silverweb Charm of Shrouding
52431	Minor Silverweb Helm of the Carapace
52432	Minor Silverweb Helm of the Bladefang
52433	Minor Silverweb Helm of the Hunter
52434	Minor Silverweb Helm of the Lifeweaver
52435	Minor Silverweb Helm of the Frostspinner
52436	Minor Silverweb Helm of the Firespinner
52437	Lesser Silverweb Helm of the Carapace
52438	Lesser Silverweb Helm of the Bladefang
52439	Lesser Silverweb Helm of the Hunter
52440	Lesser Silverweb Helm of the Lifeweaver
52441	Lesser Silverweb Helm of the Frostspinner
52442	Lesser Silverweb Helm of the Firespinner
52443	Mystic Silverweb Helm of the Carapace
52444	Mystic Silverweb Helm of the Bladefang
52445	Mystic Silverweb Helm of the Hunter
52446	Mystic Silverweb Helm of the Lifeweaver
52447	Mystic Silverweb Helm of the Frostspinner
52448	Mystic Silverweb Helm of the Firespinner
52449	Greater Silverweb Helm of the Carapace
52450	Greater Silverweb Helm of the Bladefang
52451	Greater Silverweb Helm of the Hunter
52452	Greater Silverweb Helm of the Lifeweaver
52453	Greater Silverweb Helm of the Frostspinner
52454	Greater Silverweb Helm of the Firespinner
52455	Grand Silverweb Helm of the Carapace
52456	Grand Silverweb Helm of the Bladefang
52457	Grand Silverweb Helm of the Hunter
52458	Grand Silverweb Helm of the Lifeweaver
52459	Grand Silverweb Helm of the Frostspinner
52460	Grand Silverweb Helm of the Firespinner
52461	Mighty Silverweb Helm of the Carapace
52462	Mighty Silverweb Helm of the Bladefang
52463	Mighty Silverweb Helm of the Hunter
52464	Mighty Silverweb Helm of the Lifeweaver
52465	Mighty Silverweb Helm of the Frostspinner
52466	Mighty Silverweb Helm of the Firespinner
52467	Majestic Silverweb Helm of the Carapace
52468	Majestic Silverweb Helm of the Bladefang
52469	Majestic Silverweb Helm of the Hunter
52470	Majestic Silverweb Helm of the Lifeweaver
52471	Majestic Silverweb Helm of the Frostspinner
52472	Majestic Silverweb Helm of the Firespinner
52473	Royal Silverweb Helm of the Carapace
52474	Royal Silverweb Helm of the Bladefang
52475	Royal Silverweb Helm of the Hunter
52476	Royal Silverweb Helm of the Lifeweaver
52477	Royal Silverweb Helm of the Frostspinner
52478	Royal Silverweb Helm of the Firespinner
52479	Imperial Silverweb Helm of the Carapace
52480	Imperial Silverweb Helm of the Bladefang
52481	Imperial Silverweb Helm of the Hunter
52482	Imperial Silverweb Helm of the Lifeweaver
52483	Imperial Silverweb Helm of the Frostspinner
52484	Imperial Silverweb Helm of the Firespinner
52485	Godly Silverweb Helm of the Carapace
52486	Godly Silverweb Helm of the Bladefang
52487	Godly Silverweb Helm of the Hunter
52488	Godly Silverweb Helm of the Lifeweaver
52489	Godly Silverweb Helm of the Frostspinner
52490	Godly Silverweb Helm of the Firespinner
52491	Arachnus Pendant of the Tombstone
52492	Arachnus Pendant of the Shadow
52493	Arachnus Pendant of the Claw
52494	Arachnus Pendant of the Storm
52495	Arachnus Pendant of Lifeblood
52496	Arachnus Pendant of Pyrelight
52497	Arachnus Pendant of Chilling Mist
52498	Arachnus Ring of Protection
52499	Arachnus Ring of Resistance
52500	Arachnus Ring of Defence
52501	Arachnus Ring of Evasion
52502	OLD Arachnus Pendant of the Hive
52503	Unhallowed Necklace of the Behemoth
52504	Unhallowed Necklace of Venom
52505	Shaman's Phoenix Crest
52506	Arachnus Pendant of the Cocoon
52507	Arachnus Pendant of the Hive
52508	Siofra's brew of Invisibility
52509	Siofra's brew of Defence
52510	Siofra's brew of Armour
52511	Siofra's brew of Attack
52512	Siofra's brew of Haste
52513	Siofra's brew of Travelling
52514	Siofra's brew of Knowledge
52515	Siofra's brew of Regeneration
52516	Siofra's brew of Energisation
52517	Siofra's brew of Health
52518	Siofra's brew of Energy
52519	Arachnus Ring of Power
52520	Arachnus Ring of Sorcery
52521	Legacy Mystery Chest
52522	Firbolg Spear
52523	Firbolg Dagger 1
52524	Firbolg Axe
52525	Firbolg Bow
52526	Firbolg Club
52527	DNU - Firbolg Club Two Handed
52528	Firbolg Dagger 2
52529	Firbolg Punch Dagger
52530	Firbolg Staff
52531	Firbolg Sword
52532	Firbolg Sword Two Handed
52533	Firbolg Throwing Axe
52534	Firbolg Totem
52535	Firbolg Wand
53000	Red Glenmor Gloves
53001	Red Glenmor Boots
53002	Red Glenmor Crest
53003	Red Glenmor Leggings
53004	Red Glenmor Top
53005	Pink Glenmor Gloves
53006	Pink Glenmor Boots
53007	Pink Glenmor Crest
53008	Pink Glenmor Leggings
53009	Pink Glenmor Top
53010	Orange Glenmor Gloves
53011	Orange Glenmor Boots
53012	Orange Glenmor Crest
53013	Orange Glenmor Leggings
53014	Orange Glenmor Top
53015	Yellow Glenmor Gloves
53016	Yellow Glenmor Boots
53017	Yellow Glenmor Crest
53018	Yellow Glenmor Leggings
53019	Yellow Glenmor Top
53020	Green Glenmor Gloves
53021	Green Glenmor Boots
53022	Green Glenmor Crest
53023	Green Glenmor Leggings
53024	Green Glenmor Top
53025	Turquoise Glenmor Gloves
53026	Turquoise Glenmor Boots
53027	Turquoise Glenmor Crest
53028	Turquoise Glenmor Leggings
53029	Turquoise Glenmor Top
53030	Blue Glenmor Gloves
53031	Blue Glenmor Boots
53032	Blue Glenmor Crest
53033	Blue Glenmor Leggings
53034	Blue Glenmor Top
53035	Purple Glenmor Gloves
53036	Purple Glenmor Boots
53037	Purple Glenmor Crest
53038	Purple Glenmor Leggings
53039	Purple Glenmor Top
53040	Black Glenmor Gloves
53041	Black Glenmor Boots
53042	Black Glenmor Crest
53043	Black Glenmor Leggings
53044	Black Glenmor Top
53045	White Glenmor Gloves
53046	White Glenmor Boots
53047	White Glenmor Crest
53048	White Glenmor Leggings
53049	White Glenmor Top
53050	Star Dust Red Glenmor Gloves
53051	Star Dust Red Glenmor Boots
53052	Star Dust Red Glenmor Crest
53053	Star Dust Red Glenmor Leggings
53054	Star Dust Red Glenmor Top
53055	Star Dust Pink Glenmor Gloves
53056	Star Dust Pink Glenmor Boots
53057	Star Dust Pink Glenmor Crest
53058	Star Dust Pink Glenmor Leggings
53059	Star Dust Pink Glenmor Top
53060	Star Dust Orange Glenmor Gloves
53061	Star Dust Orange Glenmor Boots
53062	Star Dust Orange Glenmor Crest
53063	Star Dust Orange Glenmor Leggings
53064	Star Dust Orange Glenmor Top
53065	Star Dust Yellow Glenmor Gloves
53066	Star Dust Yellow Glenmor Boots
53067	Star Dust Yellow Glenmor Crest
53068	Star Dust Yellow Glenmor Leggings
53069	Star Dust Yellow Glenmor Top
53070	Star Dust Green Glenmor Gloves
53071	Star Dust Green Glenmor Boots
53072	Star Dust Green Glenmor Crest
53073	Star Dust Green Glenmor Leggings
53074	Star Dust Green Glenmor Top
53075	Star Dust Turquoise Glenmor Gloves
53076	Star Dust Turquoise Glenmor Boots
53077	Star Dust Turquoise Glenmor Crest
53078	Star Dust Turquoise Glenmor Leggings
53079	Star Dust Turquoise Glenmor Top
53080	Star Dust Blue Glenmor Gloves
53081	Star Dust Blue Glenmor Boots
53082	Star Dust Blue Glenmor Crest
53083	Star Dust Blue Glenmor Leggings
53084	Star Dust Blue Glenmor Top
53085	Star Dust Purple Glenmor Gloves
53086	Star Dust Purple Glenmor Boots
53087	Star Dust Purple Glenmor Crest
53088	Star Dust Purple Glenmor Leggings
53089	Star Dust Purple Glenmor Top
53090	Star Dust Black Glenmor Gloves
53091	Star Dust Black Glenmor Boots
53092	Star Dust Black Glenmor Crest
53093	Star Dust Black Glenmor Leggings
53094	Star Dust Black Glenmor Top
53095	Star Dust White Glenmor Gloves
53096	Star Dust White Glenmor Boots
53097	Star Dust White Glenmor Crest
53098	Star Dust White Glenmor Leggings
53099	Star Dust White Glenmor Top
53100	Crisp Lute of Ice
53101	Wintry Lute of Ice
53102	Crystal Lute of Ice
53103	Polar Lute of Ice
53104	Arctic Lute of Ice
53105	Crisp Flute of Ice
53106	Wintry Flute of Ice
53107	Crystal Flute of Ice
53108	Polar Flute of Ice
53109	Arctic Flute of Ice
53110	Crisp Harp of Ice
53111	Wintry Harp of Ice
53112	Crystal Harp of Ice
53113	Polar Harp of Ice
53114	Arctic Harp of Ice
53115	Crisp Horn of Ice
53116	Wintry Horn of Ice
53117	Crystal Horn of Ice
53118	Polar Horn of Ice
53119	Arctic Horn of Ice
53120	Platinum Glenmor Wig
53121	Blond Glenmor Wig
53122	Dark Blond Glenmor Wig
53123	Light Brown Glenmor Wig
53124	Brown Glenmor Wig
53125	Dark Brown Glenmor Wig
53126	Flaming Orange Glenmor Wig
53127	Red Glenmor Wig
53128	Light Grey Glenmor Wig
53129	Dark Grey Glenmor Wig
53130	Black Glenmor Wig
53131	Pink Glenmor Wig
53132	White Glenmor Wig
53133	Dark Orchid Glenmor Wig
53134	Electric Blue Glenmor Wig
53135	Cyan Glenmor Wig
53136	Gold Glenmor Wig
53137	Green Glenmor Wig
53138	Dark Pink Glenmor Wig
53139	Powder Blue Glenmor Wig
53140	Sparkling Platinum Glenmor Wig
53141	Sparkling Blond Glenmor Wig
53142	Sparkling Dark Blond Glenmor Wig
53143	Sparkling Light Brown Glenmor Wig
53144	Sparkling Brown Glenmor Wig
53145	Sparkling Dark Brown Glenmor Wig
53146	Sparkling Flaming Orange Glenmor Wig
53147	Sparkling Red Glenmor Wig
53148	Sparkling Light Grey Glenmor Wig
53149	Sparkling Dark Grey Glenmor Wig
53150	Sparkling Black Glenmor Wig
53151	Sparkling Pink Glenmor Wig
53152	Sparkling White Glenmor Wig
53153	Sparkling Dark Orchid Glenmor Wig
53154	Sparkling Electric Blue Glenmor Wig
53155	Sparkling Cyan Glenmor Wig
53156	Sparkling Gold Glenmor Wig
53157	Sparkling Green Glenmor Wig
53158	Sparkling Dark Pink Glenmor Wig
53159	Sparkling Powder Blue Glenmor Wig
53160	Star Dust Platinum Glenmor Wig
53161	Star Dust Blond Glenmor Wig
53162	Star Dust Dark Blond Glenmor Wig
53163	Star Dust Light Brown Glenmor Wig
53164	Star Dust Brown Glenmor Wig
53165	Star Dust Dark Brown Glenmor Wig
53166	Star Dust Flaming Orange Glenmor Wig
53167	Star Dust Red Glenmor Wig
53168	Star Dust Light Grey Glenmor Wig
53169	Star Dust Dark Grey Glenmor Wig
53170	Star Dust Black Glenmor Wig
53171	Star Dust Pink Glenmor Wig
53172	Star Dust White Glenmor Wig
53173	Star Dust Dark Orchid Glenmor Wig
53174	Star Dust Electric Blue Glenmor Wig
53175	Star Dust Cyan Glenmor Wig
53176	Star Dust Gold Glenmor Wig
53177	Star Dust Green Glenmor Wig
53178	Star Dust Dark Pink Glenmor Wig
53179	Star Dust Powder Blue Glenmor Wig
53180	Platinum Ostara Wig
53181	Blond Ostara Wig
53182	Dark Blond Ostara Wig
53183	Light Brown Ostara Wig
53184	Brown Ostara Wig
53185	Dark Brown Ostara Wig
53186	Flaming Orange Ostara Wig
53187	Red Ostara Wig
53188	Light Grey Ostara Wig
53189	Dark Grey Ostara Wig
53190	Black Ostara Wig
53191	Pink Ostara Wig
53192	White Ostara Wig
53193	Dark Orchid Ostara Wig
53194	Electric Blue Ostara Wig
53195	Cyan Ostara Wig
53196	Gold Ostara Wig
53197	Green Ostara Wig
53198	Dark Pink Ostara Wig
53199	Powder Blue Ostara Wig
53200	Shimmering Platinum Ostara Wig
53201	Shimmering Blond Ostara Wig
53202	Shimmering Dark Blond Ostara Wig
53203	Shimmering Light Brown Ostara Wig
53204	Shimmering Brown Ostara Wig
53205	Shimmering Dark Brown Ostara Wig
53206	Shimmering Flaming Orange Ostara Wig
53207	Shimmering Red Ostara Wig
53208	Shimmering Light Grey Ostara Wig
53209	Shimmering Dark Grey Ostara Wig
53210	Shimmering Black Ostara Wig
53211	Shimmering Pink Ostara Wig
53212	Shimmering White Ostara Wig
53213	Shimmering Dark Orchid Ostara Wig
53214	Shimmering Electric Blue Ostara Wig
53215	Shimmering Cyan Ostara Wig
53216	Shimmering Gold Ostara Wig
53217	Shimmering Green Ostara Wig
53218	Shimmering Dark Pink Ostara Wig
53219	Shimmering Powder Blue Ostara Wig
53220	Radiant Platinum Ostara Wig
53221	Radiant Blond Ostara Wig
53222	Radiant Dark Blond Ostara Wig
53223	Radiant Light Brown Ostara Wig
53224	Radiant Brown Ostara Wig
53225	Radiant Dark Brown Ostara Wig
53226	Radiant Flaming Orange Ostara Wig
53227	Radiant Red Ostara Wig
53228	Radiant Light Grey Ostara Wig
53229	Radiant Dark Grey Ostara Wig
53230	Radiant Black Ostara Wig
53231	Radiant Pink Ostara Wig
53232	Radiant White Ostara Wig
53233	Radiant Dark Orchid Ostara Wig
53234	Radiant Electric Blue Ostara Wig
53235	Radiant Cyan Ostara Wig
53236	Radiant Gold Ostara Wig
53237	Radiant Green Ostara Wig
53238	Radiant Dark Pink Ostara Wig
53239	Radiant Powder Blue Ostara Wig
53240	DO NOT USE
53241	DO NOT USE
53242	DO NOT USE
53243	Ancient Winterwing
53244	Fabled Winterwing
53245	Amber Frost Faerie Charm
53246	Ice Glow Amber Frost Faerie Charm
53247	Sparkling Amber Frost Faerie Charm
53248	Red Sparkle Amber Frost Faerie Charm
53249	Radiant Amber Frost Faerie Charm
53250	Star Dust Amber Frost Faerie Charm
53251	Jade Frost Faerie Charm
53252	Ice Glow Jade Frost Faerie Charm
53253	Sparkling Jade Frost Faerie Charm
53254	Red Sparkle Jade Frost Faerie Charm
53255	Radiant Jade Frost Faerie Charm
53256	Star Dust Jade Frost Faerie Charm
53257	Cyan Frost Faerie Charm
53258	Ice Glow Cyan Frost Faerie Charm
53259	Sparkling Cyan Frost Faerie Charm
53260	Red Sparkle Cyan Frost Faerie Charm
53261	Radiant Cyan Frost Faerie Charm
53262	Star Dust Cyan Frost Faerie Charm
53263	Rose Frost Faerie Charm
53264	Ice Glow Rose Frost Faerie Charm
53265	Sparkling Rose Frost Faerie Charm
53266	Red Sparkle Rose Frost Faerie Charm
53267	Radiant Rose Frost Faerie Charm
53268	Star Dust Rose Frost Faerie Charm
53269	Sky Blue Frost Faerie Charm
53270	Ice Glow Sky Blue Frost Faerie Charm
53271	Sparkling Sky Blue Frost Faerie Charm
53272	Red Sparkle Sky Blue Frost Faerie Charm
53273	Radiant Sky Blue Frost Faerie Charm
53274	Star Dust Sky Blue Frost Faerie Charm
53275	Cherished Polar Wings
53276	Prized Polar Wings
53277	Treasured Polar Wings
53278	Revered Polar Wings
53279	Hallowed Polar Wings
53280	Idolised Polar Wings
53281	Winter2014 Luxury Neck Type 1
53282	Winter2014 Luxury Neck Type 2
53283	Winter2014 Luxury Neck Type 3
53284	Winter2014 Luxury Neck Type 4
53285	Winter2014 Luxury Neck Type 5
53286	Winter2014 Luxury Ring Type 1
53287	Winter2014 Luxury Ring Type 2
53288	Winter2014 Luxury Ring Type 3
53289	Winter2014 Luxury Ring Type 4
53290	Winter2014 Luxury Ring Type 5
53291	Winter2014 Luxury Wrist Type 1
53292	Winter2014 Luxury Wrist Type 2
53293	Winter2014 Luxury Wrist Type 3
53294	Winter2014 Luxury Wrist Type 4
53295	Winter2014 Luxury Wrist Type 5
53296	Winter2014 Luxury Misc Type 1
53297	Winter2014 Luxury Misc Type 2
53298	Winter2014 Luxury Misc Type 3
53299	Winter2014 Luxury Misc Type 4
53300	Winter2014 Luxury Misc Type 5
53301	White Top Hat
53302	Black Top Hat
53303	Red Top Hat
53304	Blue Top Hat
53305	Green Top Hat
53306	Yellow Top Hat
53307	Orange Top Hat
53308	Pink Top Hat
53309	Purple Top Hat
53310	Turquoise Top Hat
53321	White Star Dust Top Hat
53322	Black Star Dust Top Hat
53323	Red Star Dust Top Hat
53324	Blue Star Dust Top Hat
53325	Green Star Dust Top Hat
53326	Yellow Star Dust Top Hat
53327	Orange Star Dust Top Hat
53328	Pink Star Dust Top Hat
53329	Purple Star Dust Top Hat
53330	Turquoise Star Dust Top Hat
53341	Red Yuletide Present
53342	Green Yuletide Present DO NOT USE
53343	Blue Yuletide Present DO NOT USE
53344	Purple Yuletide Present
53345	Frostbound Mystery Chest
53346	Winter2014 Hat Quest Item NOT USED
53347	Churg's Coin
53348	Lurg's Coin
53349	Thurg's Coin
53350	Hrek Var's Scripture
53351	Vrek Nem's Scripture
53352	Brek Cran's Scripture
53353	Sleet Blade Necklace
53354	Ice Blade Necklace
53355	Blizzard Blade Necklace
53356	Reveller's Cracker of Yuletide
53357	Adventurer's Cracker of Yuletide
53358	Courtier's Cracker of Yuletide
53359	Noble's Cracker of Yuletide
53360	Red Winterstave
53361	Pink Winterstave
53362	Orange Winterstave
53363	Yellow Winterstave
53364	Green Winterstave
53365	Turquoise Winterstave
53366	Blue Winterstave
53367	Purple Winterstave
53368	Black Winterstave
53369	White Winterstave
53370	Winterheart Crystal
53371	Lord's Cracker of Yuletide
53372	Prince's Cracker of Yuletide
53373	Queen's Cracker of Yuletide
53374	King's Cracker of Yuletide
53375	Sparkling Red Winterstave
53376	Sparkling Pink Winterstave
53377	Sparkling Orange Winterstave
53378	Sparkling Yellow Winterstave
53379	Sparkling Green Winterstave
53380	Sparkling Turquoise Winterstave
53381	Sparkling Blue Winterstave
53382	Sparkling Purple Winterstave
53383	Sparkling Black Winterstave
53384	Sparkling White Winterstave
53385	Blue Cloudburst Rod
53386	Turquoise Cloudburst Rod
53387	Green Cloudburst Rod
53388	Black Cloudburst Rod
53389	White Cloudburst Rod
53390	Primal Winterwing
53391	Legendary Winterwing
53392	Mythic Winterwing
53393	Grand Yule Wings
53394	Greater Yule Wings
53395	Yule Wings
53396	Teal Star Dust Top Hat
53397	Mauve Star Dust Top Hat
53398	DO NOT USE
53399	Wintersong Flute
53400	Wintersong Lute
53401	Wintersong Harp
53402	Wintersong Warhorn
53403	Exalted Polar Wings
53404	Short Tuft Wig
53405	Short Messy Wig
53406	Braid Back Wig DO NOT USE
53407	Bun Side Wig DO NOT USE
53409	Minor Frostiron Ring of the Mountain
53410	Minor Frostiron Ring of the Thorn
53411	Minor Frostiron Ring of the Wilds
53412	Minor Frostiron Ring of the Great Oak
53413	Minor Frostiron Ring of the Hearth
53414	Minor Frostiron Ring of the Glacier
53415	Lesser Frostiron Ring of the Mountain
53416	Lesser Frostiron Ring of the Thorn
53417	Lesser Frostiron Ring of the Wilds
53418	Lesser Frostiron Ring of the Great Oak
53419	Lesser Frostiron Ring of the Hearth
53420	Lesser Frostiron Ring of the Glacier
53421	Mystic Frostiron Ring of the Mountain
53422	Mystic Frostiron Ring of the Thorn
53423	Mystic Frostiron Ring of the Wilds
53424	Mystic Frostiron Ring of the Great Oak
53425	Mystic Frostiron Ring of the Hearth
53426	Mystic Frostiron Ring of the Glacier
53427	Greater Frostiron Ring of the Mountain
53428	Greater Frostiron Ring of the Thorn
53429	Greater Frostiron Ring of the Wilds
53430	Greater Frostiron Ring of the Great Oak
53431	Greater Frostiron Ring of the Hearth
53432	Greater Frostiron Ring of the Glacier
53433	Grand Frostiron Ring of the Mountain
53434	Grand Frostiron Ring of the Thorn
53435	Grand Frostiron Ring of the Wilds
53436	Grand Frostiron Ring of the Great Oak
53437	Grand Frostiron Ring of the Hearth
53438	Grand Frostiron Ring of the Glacier
53439	Mighty Frostiron Ring of the Mountain
53440	Mighty Frostiron Ring of the Thorn
53441	Mighty Frostiron Ring of the Wilds
53442	Mighty Frostiron Ring of the Great Oak
53443	Mighty Frostiron Ring of the Hearth
53444	Mighty Frostiron Ring of the Glacier
53445	Majestic Frostiron Ring of the Mountain
53446	Majestic Frostiron Ring of the Thorn
53447	Majestic Frostiron Ring of the Wilds
53448	Majestic Frostiron Ring of the Great Oak
53449	Majestic Frostiron Ring of the Hearth
53450	Majestic Frostiron Ring of the Glacier
53451	Royal Frostiron Ring of the Mountain
53452	Royal Frostiron Ring of the Thorn
53453	Royal Frostiron Ring of the Wilds
53454	Royal Frostiron Ring of the Great Oak
53455	Royal Frostiron Ring of the Hearth
53456	Royal Frostiron Ring of the Glacier
53457	Imperial Frostiron Ring of the Mountain
53458	Imperial Frostiron Ring of the Thorn
53459	Imperial Frostiron Ring of the Wilds
53460	Imperial Frostiron Ring of the Great Oak
53461	Imperial Frostiron Ring of the Hearth
53462	Imperial Frostiron Ring of the Glacier
53463	Godly Frostiron Ring of the Mountain
53464	Godly Frostiron Ring of the Thorn
53465	Godly Frostiron Ring of the Wilds
53466	Godly Frostiron Ring of the Great Oak
53467	Godly Frostiron Ring of the Hearth
53468	Godly Frostiron Ring of the Glacier
53469	Minor Frostiron Bracelet of Might
53470	Minor Frostiron Bracelet of Guarding
53471	Minor Frostiron Bracelet of Stealth
53472	Minor Frostiron Bracelet of Trickery
53473	Minor Frostiron Bracelet of Archery
53474	Minor Frostiron Bracelet of Precision
53475	Minor Frostiron Bracelet of Healing
53476	Minor Frostiron Bracelet of Gales
53477	Minor Frostiron Bracelet of Thawing
53478	Minor Frostiron Bracelet of Hail
53479	Lesser Frostiron Bracelet of Might
53480	Lesser Frostiron Bracelet of Guarding
53481	Lesser Frostiron Bracelet of Stealth
53482	Lesser Frostiron Bracelet of Trickery
53483	Lesser Frostiron Bracelet of Archery
53484	Lesser Frostiron Bracelet of Precision
53485	Lesser Frostiron Bracelet of Healing
53486	Lesser Frostiron Bracelet of Gales
53487	Lesser Frostiron Bracelet of Thawing
53488	Lesser Frostiron Bracelet of Hail
53489	Mystic Frostiron Bracelet of Might
53490	Mystic Frostiron Bracelet of Guarding
53491	Mystic Frostiron Bracelet of Stealth
53492	Mystic Frostiron Bracelet of Trickery
53493	Mystic Frostiron Bracelet of Archery
53494	Mystic Frostiron Bracelet of Precision
53495	Mystic Frostiron Bracelet of Healing
53496	Mystic Frostiron Bracelet of Gales
53497	Mystic Frostiron Bracelet of Thawing
53498	Mystic Frostiron Bracelet of Hail
53499	Greater Frostiron Bracelet of Might
53500	Greater Frostiron Bracelet of Guarding
53501	Greater Frostiron Bracelet of Stealth
53502	Greater Frostiron Bracelet of Trickery
53503	Greater Frostiron Bracelet of Archery
53504	Greater Frostiron Bracelet of Precision
53505	Greater Frostiron Bracelet of Healing
53506	Greater Frostiron Bracelet of Gales
53507	Greater Frostiron Bracelet of Thawing
53508	Greater Frostiron Bracelet of Hail
53509	Grand Frostiron Bracelet of Might
53510	Grand Frostiron Bracelet of Guarding
53511	Grand Frostiron Bracelet of Stealth
53512	Grand Frostiron Bracelet of Trickery
53513	Grand Frostiron Bracelet of Archery
53514	Grand Frostiron Bracelet of Precision
53515	Grand Frostiron Bracelet of Healing
53516	Grand Frostiron Bracelet of Gales
53517	Grand Frostiron Bracelet of Thawing
53518	Grand Frostiron Bracelet of Hail
53519	Mighty Frostiron Bracelet of Might
53520	Mighty Frostiron Bracelet of Guarding
53521	Mighty Frostiron Bracelet of Stealth
53522	Mighty Frostiron Bracelet of Trickery
53523	Mighty Frostiron Bracelet of Archery
53524	Mighty Frostiron Bracelet of Precision
53525	Mighty Frostiron Bracelet of Healing
53526	Mighty Frostiron Bracelet of Gales
53527	Mighty Frostiron Bracelet of Thawing
53528	Mighty Frostiron Bracelet of Hail
53529	Majestic Frostiron Bracelet of Might
53530	Majestic Frostiron Bracelet of Guarding
53531	Majestic Frostiron Bracelet of Stealth
53532	Majestic Frostiron Bracelet of Trickery
53533	Majestic Frostiron Bracelet of Archery
53534	Majestic Frostiron Bracelet of Precision
53535	Majestic Frostiron Bracelet of Healing
53536	Majestic Frostiron Bracelet of Gales
53537	Majestic Frostiron Bracelet of Thawing
53538	Majestic Frostiron Bracelet of Hail
53539	Royal Frostiron Bracelet of Might
53540	Royal Frostiron Bracelet of Guarding
53541	Royal Frostiron Bracelet of Stealth
53542	Royal Frostiron Bracelet of Trickery
53543	Royal Frostiron Bracelet of Archery
53544	Royal Frostiron Bracelet of Precision
53545	Royal Frostiron Bracelet of Healing
53546	Royal Frostiron Bracelet of Gales
53547	Royal Frostiron Bracelet of Thawing
53548	Royal Frostiron Bracelet of Hail
53549	Imperial Frostiron Bracelet of Might
53550	Imperial Frostiron Bracelet of Guarding
53551	Imperial Frostiron Bracelet of Stealth
53552	Imperial Frostiron Bracelet of Trickery
53553	Imperial Frostiron Bracelet of Archery
53554	Imperial Frostiron Bracelet of Precision
53555	Imperial Frostiron Bracelet of Healing
53556	Imperial Frostiron Bracelet of Gales
53557	Imperial Frostiron Bracelet of Thawing
53558	Imperial Frostiron Bracelet of Hail
53559	Godly Frostiron Bracelet of Might
53560	Godly Frostiron Bracelet of Guarding
53561	Godly Frostiron Bracelet of Stealth
53562	Godly Frostiron Bracelet of Trickery
53563	Godly Frostiron Bracelet of Archery
53564	Godly Frostiron Bracelet of Precision
53565	Godly Frostiron Bracelet of Healing
53566	Godly Frostiron Bracelet of Gales
53567	Godly Frostiron Bracelet of Thawing
53568	Godly Frostiron Bracelet of Hail
53569	Minor Frostiron Axe
53570	Minor Frostiron Dagger
53571	Minor Frostiron Bow
53572	Minor Frostiron Totem
53573	Minor Frostiron Wand
53574	Lesser Frostiron Axe
53575	Lesser Frostiron Dagger
53576	Lesser Frostiron Bow
53577	Lesser Frostiron Totem
53578	Lesser Frostiron Wand
53579	Mystic Frostiron Axe
53580	Mystic Frostiron Dagger
53581	Mystic Frostiron Bow
53582	Mystic Frostiron Totem
53583	Mystic Frostiron Wand
53584	Greater Frostiron Axe
53585	Greater Frostiron Dagger
53586	Greater Frostiron Bow
53587	Greater Frostiron Totem
53588	Greater Frostiron Wand
53589	Grand Frostiron Axe
53590	Grand Frostiron Dagger
53591	Grand Frostiron Bow
53592	Grand Frostiron Totem
53593	Grand Frostiron Wand
53594	Mighty Frostiron Axe
53595	Mighty Frostiron Dagger
53596	Mighty Frostiron Bow
53597	Mighty Frostiron Totem
53598	Mighty Frostiron Wand
53599	Majestic Frostiron Axe
53600	Majestic Frostiron Dagger
53601	Majestic Frostiron Bow
53602	Majestic Frostiron Totem
53603	Majestic Frostiron Wand
53604	Royal Frostiron Axe
53605	Royal Frostiron Dagger
53606	Royal Frostiron Bow
53607	Royal Frostiron Totem
53608	Royal Frostiron Wand
53609	Imperial Frostiron Axe
53610	Imperial Frostiron Dagger
53611	Imperial Frostiron Bow
53612	Imperial Frostiron Totem
53613	Imperial Frostiron Wand
53614	Godly Frostiron Axe
53615	Godly Frostiron Dagger
53616	Godly Frostiron Bow
53617	Godly Frostiron Totem
53618	Godly Frostiron Wand
53620	Winter2014 Mount Brown Stumpy Wings
53621	Winter2014 Mount Khaki Stumpy Wings
53622	Winter2014 Mount Pink Stumpy Wings
53623	Winter2014 Mount Turquoise Stumpy Wings
53624	Winter2014 Mount Red Stumpy Wings
53625	Winter2014 Mount Purple Stumpy Wings
53626	Winter2014 Mount Gold Stumpy Wings
53627	Winter2014 Mount Orange Stumpy Wings
53628	Winter2014 Mount Green Stumpy Wings
53629	Winter2014 Mount Grey Stumpy Wings
53631	Ascendant Arctic Wings
53632	Starstone Necklace of the Stormcaller
53633	Starstone Necklace of the Windrider
53634	Starstone Necklace of the Frostgiant
53635	Starstone Necklace of the Snowspirit
53636	Stargem Necklace of the Stormcaller
53637	Stargem Necklace of the Windrider
53638	Stargem Necklace of the Frostgiant
53639	Stargem Necklace of the Snowspirit
53640	Starstone Bracelet of the Raider
53641	Starstone Bracelet of the Knight
53642	Starstone Bracelet of the Assassin
53643	Starstone Bracelet of the Mystic
53644	Everlasting Magic Fireworks
53645	Stargem Bracelet of the Raider
53646	Stargem Bracelet of the Knight
53647	Stargem Bracelet of the Assassin
53648	Stargem Bracelet of the Mystic
53649	Starstone Ring of the Wolf
53650	Starstone Ring of the Bear
53651	Starstone Ring of the Hawk
53652	Starstone Ring of the Stag
53653	Stargem Ring of the Wolf
53654	Stargem Ring of the Bear
53655	Stargem Ring of the Hawk
53656	Stargem Ring of the Stag
53657	Starstone Set Bonus
53658	Stargem Set Bonus
53659	Yulebringer's Hat
53660	Snowbringer's Hat
53661	Icebringer's Hat
53662	Yulemaster's Hat
53663	Snowmaster's Hat
53664	Icemaster's Hat
53665	Ancient Relic Arctic Wings
53666	Fabled Relic Arctic Wings
53667	Legendary Relic Arctic Wings
53668	Mythic Relic Arctic Wings
53671	Yuletide Gift
53672	Yuletide Present
53673	Red Lexicon of the Unknown
53674	Red Lexicon of Incantations
53675	Red Lexicon of Illusions
53676	Red Lexicon of Summoning
53677	Red Lexicon of Enchanting
53678	Red Lexicon of Conjuring
53679	Red Lexicon of Ancient Runes
53680	Red Lexicon of the Arcane
53681	Yellow Lexicon of the Unknown
53682	Yellow Lexicon of Incantations
53683	Yellow Lexicon of Illusions
53684	Yellow Lexicon of Summoning
53685	Yellow Lexicon of Enchanting
53686	Yellow Lexicon of Conjuring
53687	Yellow Lexicon of Ancient Runes
53688	Yellow Lexicon of the Arcane
53689	Purple Lexicon of the Unknown
53690	Purple Lexicon of Incantations
53691	Purple Lexicon of Illusions
53692	Purple Lexicon of Summoning
53693	Purple Lexicon of Enchanting
53694	Purple Lexicon of Conjuring
53695	Purple Lexicon of Ancient Runes
53696	Purple Lexicon of the Arcane
53697	Green Lexicon of the Unknown
53698	Green Lexicon of Incantations
53699	Green Lexicon of Illusions
53700	Green Lexicon of Summoning
53701	Green Lexicon of Enchanting
53702	Green Lexicon of Conjuring
53703	Green Lexicon of Ancient Runes
53704	Green Lexicon of the Arcane
53705	Blue Lexicon of the Unknown
53706	Blue Lexicon of Incantations
53707	Blue Lexicon of Illusions
53708	Blue Lexicon of Summoning
53709	Blue Lexicon of Enchanting
53710	Blue Lexicon of Conjuring
53711	Blue Lexicon of Ancient Runes
53712	Blue Lexicon of the Arcane
53713	Minor Alchemical Vial
53714	Lesser Alchemical Vial
53715	Common Alchemical Vial
53716	Greater Alchemical Vial
53717	Grand Alchemical Vial
53768	Token of Fealty
53769	Iron Crown
53770	Iron Orb
53771	Iron Stave
53772	Cloak of the King
53773	Iron Dagger
53774	Thaumaturgic Lens
53775	Red Arrowhead
53776	Orange Arrowhead
53777	Yellow Arrowhead
53778	Pink Arrowhead
53779	Turquoise Arrowhead
53780	Green Arrowhead
53781	Blue Arrowhead
53782	Purple Arrowhead
53783	Black Arrowhead
53784	White Arrowhead
53785	DO NOT USE
53786	DO NOT USE
53787	DO NOT USE
53788	DO NOT USE
53789	DO NOT USE
53790	DO NOT USE
53791	DO NOT USE
53792	DO NOT USE
53793	DO NOT USE
53794	DO NOT USE
53795	Spellwrought Gauntlets
53796	Spellwrought Boots
53797	Spellwrought Helm
53798	Spellwrought Greaves
53799	Spellwrought Breastplate
53800	Spellwrought Wristguards
53801	Spellwrought Sandals
53802	Spellwrought Circlet
53803	Spellwrought Leggings
53804	Spellwrought Robe
53805	Spellwrought Vambraces
53806	Spellwrought Treads
53807	Spellwrought Hood
53808	Spellwrought Legguards
53809	Spellwrought Cuirass
53810	Spellwrought Gloves
53811	Spellwrought Shoes
53812	Spellwrought Hat
53813	Spellwrought Skirt
53814	Spellwrought Gown
53815	Spellwrought Handwraps
53816	Spellwrought Footguards
53817	Spellwrought Cowl
53818	Spellwrought Breeches
53819	Spellwrought Jerkin
53820	Spellwrought Sword
53821	Spellwrought Handaxe
53822	Spellwrought Club
53823	Spellwrought Greatsword
53824	Spellwrought Greataxe
53825	Spellwrought Great Hammer
53826	Spellwrought Bow
53827	Spellwrought Knuckleblade
53828	Spellwrought Spear
53829	Spellwrought Dagger
53830	Spellwrought Staff
53831	Spellwrought Totem
53832	Spellwrought Wand
53833	Spellwrought Rondel
53834	Spellwrought Knucklespike
53835	Spellwrought Shield
53836	Thaumaturgic Gauntlets
53837	Thaumaturgic Boots
53838	Thaumaturgic Helm
53839	Thaumaturgic Greaves
53840	Thaumaturgic Breastplate
53841	Thaumaturgic Wristguards
53842	Thaumaturgic Sandals
53843	Thaumaturgic Circlet
53844	Thaumaturgic Leggings
53845	Thaumaturgic Robe
53846	Thaumaturgic Vambraces
53847	Thaumaturgic Treads
53848	Thaumaturgic Hood
53849	Thaumaturgic Legguards
53850	Thaumaturgic Cuirass
53851	Thaumaturgic Gloves
53852	Thaumaturgic Shoes
53853	Thaumaturgic Hat
53854	Thaumaturgic Skirt
53855	Thaumaturgic Gown
53856	Thaumaturgic Handwraps
53857	Thaumaturgic Footguards
53858	Thaumaturgic Cowl
53859	Thaumaturgic Breeches
53860	Thaumaturgic Jerkin
53861	Thaumaturgic Sword
53862	Thaumaturgic Handaxe
53863	Thaumaturgic Club
53864	Thaumaturgic Greatsword
53865	Thaumaturgic Greataxe
53866	Thaumaturgic Great Hammer
53867	Thaumaturgic Bow
53868	Thaumaturgic Knuckleblade
53869	Thaumaturgic Spear
53870	Thaumaturgic Dagger
53871	Thaumaturgic Staff
53872	Thaumaturgic Totem
53873	Thaumaturgic Wand
53874	Thaumaturgic Rondel
53875	Thaumaturgic Knucklespike
53876	Thaumaturgic Shield
53877	Alchemical Gauntlets
53878	Alchemical Boots
53879	Alchemical Helm
53880	Alchemical Greaves
53881	Alchemical Breastplate
53882	Alchemical Wristguards
53883	Alchemical Sandals
53884	Alchemical Circlet
53885	Alchemical Leggings
53886	Alchemical Robe
53887	Alchemical Vambraces
53888	Alchemical Treads
53889	Alchemical Hood
53890	Alchemical Legguards
53891	Alchemical Cuirass
53892	Alchemical Gloves
53893	Alchemical Shoes
53894	Alchemical Hat
53895	Alchemical Skirt
53896	Alchemical Gown
53897	Alchemical Handwraps
53898	Alchemical Footguards
53899	Alchemical Cowl
53900	Alchemical Breeches
53901	Alchemical Jerkin
53902	Occult Gauntlets
53903	Occult Boots
53904	Occult Helm
53905	Occult Greaves
53906	Occult Breastplate
53907	Occult Wristguards
53908	Occult Sandals
53909	Occult Circlet
53910	Occult Leggings
53911	Occult Robe
53912	Occult Vambraces
53913	Occult Treads
53914	Occult Hood
53915	Occult Legguards
53916	Occult Cuirass
53917	Occult Gloves
53918	Occult Shoes
53919	Occult Hat
53920	Occult Skirt
53921	Occult Gown
53922	Occult Handwraps
53923	Occult Footguards
53924	Occult Cowl
53925	Occult Breeches
53926	Occult Jerkin
53927	Snakeskin
53928	White Phrygian Cap
53929	Black Phrygian Cap
53930	Red Phrygian Cap
53931	Blue Phrygian Cap
53932	Green Phrygian Cap
53933	Yellow Phrygian Cap
53934	Orange Phrygian Cap
53935	Pink Phrygian Cap
53936	Purple Phrygian Cap
53937	Turquoise Phrygian Cap
53938	White Radiant Phrygian Cap
53939	Black Radiant Phrygian Cap
53940	Red Radiant Phrygian Cap
53941	Blue Radiant Phrygian Cap
53942	Green Radiant Phrygian Cap
53943	Yellow Radiant Phrygian Cap
53944	Orange Radiant Phrygian Cap
53945	Pink Radiant Phrygian Cap
53946	Purple Radiant Phrygian Cap
53947	Turquoise Radiant Phrygian Cap
53948	Teal Radiant Phrygian Cap
53949	Mauve Radiant Phrygian Cap
53950	White Wyldwood Boots
53951	Black Wyldwood Boots
53952	Red Wyldwood Boots
53953	Blue Wyldwood Boots
53954	Green Wyldwood Boots
53955	Yellow Wyldwood Boots
53956	Orange Wyldwood Boots
53957	Pink Wyldwood Boots
53958	Purple Wyldwood Boots
53959	White Wyldwood Gloves
53960	Black Wyldwood Gloves
53961	Red Wyldwood Gloves
53962	Blue Wyldwood Gloves
53963	Green Wyldwood Gloves
53964	Yellow Wyldwood Gloves
53965	Orange Wyldwood Gloves
53966	Pink Wyldwood Gloves
53967	Purple Wyldwood Gloves
53968	White Wyldwood Leggings
53969	Black Wyldwood Leggings
53970	Red Wyldwood Leggings
53971	Blue Wyldwood Leggings
53972	Green Wyldwood Leggings
53973	Yellow Wyldwood Leggings
53974	Orange Wyldwood Leggings
53975	Pink Wyldwood Leggings
53976	Purple Wyldwood Leggings
53977	White Wyldwood Top
53978	Black Wyldwood Top
53979	Red Wyldwood Top
53980	Blue Wyldwood Top
53981	Green Wyldwood Top
53982	Yellow Wyldwood Top
53983	Orange Wyldwood Top
53984	Pink Wyldwood Top
53985	Purple Wyldwood Top
53986	Turquoise Wyldwood Boots
53987	Turquoise Wyldwood Gloves
53988	Turquoise Wyldwood Leggings
53989	Turquoise Wyldwood Top
53990	White Wyldwood Hat
53991	Black Wyldwood Hat
53992	Red Wyldwood Hat
53993	Blue Wyldwood Hat
53994	Green Wyldwood Hat
53995	Yellow Wyldwood Hat
53996	Orange Wyldwood Hat
53997	Pink Wyldwood Hat
53998	Purple Wyldwood Hat
53999	Turquoise Wyldwood Hat
54000	Radiant White Wyldwood Boots
54001	Radiant Black Wyldwood Boots
54002	Radiant Red Wyldwood Boots
54003	Radiant Blue Wyldwood Boots
54004	Radiant Green Wyldwood Boots
54005	Radiant Yellow Wyldwood Boots
54006	Radiant Orange Wyldwood Boots
54007	Radiant Pink Wyldwood Boots
54008	Radiant Purple Wyldwood Boots
54009	Radiant White Wyldwood Gloves
54010	Radiant Black Wyldwood Gloves
54011	Radiant Red Wyldwood Gloves
54012	Radiant Blue Wyldwood Gloves
54013	Radiant Green Wyldwood Gloves
54014	Radiant Yellow Wyldwood Gloves
54015	Radiant Orange Wyldwood Gloves
54016	Radiant Pink Wyldwood Gloves
54017	Radiant Purple Wyldwood Gloves
54018	Radiant White Wyldwood Leggings
54019	Radiant Black Wyldwood Leggings
54020	Radiant Red Wyldwood Leggings
54021	Radiant Blue Wyldwood Leggings
54022	Radiant Green Wyldwood Leggings
54023	Radiant Yellow Wyldwood Leggings
54024	Radiant Orange Wyldwood Leggings
54025	Radiant Pink Wyldwood Leggings
54026	Radiant Purple Wyldwood Leggings
54027	Radiant White Wyldwood Top
54028	Radiant Black Wyldwood Top
54029	Radiant Red Wyldwood Top
54030	Radiant Blue Wyldwood Top
54031	Radiant Green Wyldwood Top
54032	Radiant Yellow Wyldwood Top
54033	Radiant Orange Wyldwood Top
54034	Radiant Pink Wyldwood Top
54035	Radiant Purple Wyldwood Top
54036	Radiant Turquoise Wyldwood Boots
54037	Radiant Turquoise Wyldwood Gloves
54038	Radiant Turquoise Wyldwood Leggings
54039	Radiant Turquoise Wyldwood Top
54040	Radiant White Wyldwood Hat
54041	Radiant Black Wyldwood Hat
54042	Radiant Red Wyldwood Hat
54043	Radiant Blue Wyldwood Hat
54044	Radiant Green Wyldwood Hat
54045	Radiant Yellow Wyldwood Hat
54046	Radiant Orange Wyldwood Hat
54047	Radiant Pink Wyldwood Hat
54048	Radiant Purple Wyldwood Hat
54049	Radiant Turquoise Wyldwood Hat
54050	Twisted Bonding Torc
54051	Sinister Bonding Torc
54052	Malefic Bonding Torc
54053	Sorcerous Bonding Torc
54054	Eldritch Bonding Torc
54055	Runic Bonding Torc
54056	Twisted Focus of Magic
54057	Sinister Focus of Magic
54058	Malefic Focus of Magic
54059	Sorcerous Focus of Magic
54060	Eldritch Focus of Magic
54061	Runic Focus of Magic
54062	Twisted Armour Plate
54063	Sinister Armour Plate
54064	Malefic Armour Plate
54065	Sorcerous Armour Plate
54066	Eldritch Armour Plate
54067	Runic Armour Plate
54068	Twisted Reagents
54069	Sinister Reagents
54070	Malefic Reagents
54071	Sorcerous Reagents
54072	Eldritch Reagents
54073	Runic Reagents
54074	Twisted Control Gem
54075	Sinister Control Gem
54076	Malefic Control Gem
54077	Sorcerous Control Gem
54078	Eldritch Control Gem
54079	Runic Control Gem
54080	Twisted Eyeball
54081	Sinister Eyeball
54082	Malefic Eyeball
54083	Sorcerous Eyeball
54084	Eldritch Eyeball
54085	Runic Eyeball
54086	Twisted Energy Matrix
54087	Sinister Energy Matrix
54088	Malefic Energy Matrix
54089	Sorcerous Energy Matrix
54090	Eldritch Energy Matrix
54091	Runic Energy Matrix
54092	Twisted Spell Core
54093	Sinister Spell Core
54094	Malefic Spell Core
54095	Sorcerous Spell Core
54096	Eldritch Spell Core
54097	Runic Spell Core
54099	Exalted Dragonlord Gauntlets
54100	Exalted Dragonlord Boots
54101	Exalted Dragonlord Helm
54102	Exalted Dragonlord Greaves
54103	Exalted Dragonlord Breastplate
54104	Exalted Dragonlord Wristguards
54105	Exalted Dragonlord Sandals
54106	Exalted Dragonlord Circlet
54107	Exalted Dragonlord Leggings
54108	Exalted Dragonlord Robe
54109	Exalted Dragonlord Vambraces
54110	Exalted Dragonlord Treads
54111	Exalted Dragonlord Hood
54112	Exalted Dragonlord Legguards
54113	Exalted Dragonlord Cuirass
54114	Exalted Dragonlord Gloves
54115	Exalted Dragonlord Shoes
54116	Exalted Dragonlord Hat
54117	Exalted Dragonlord Skirt
54118	Exalted Dragonlord Gown
54119	Exalted Dragonlord Handwraps
54120	Exalted Dragonlord Footguards
54121	Exalted Dragonlord Cowl
54122	Exalted Dragonlord Breeches
54123	Exalted Dragonlord Jerkin
54124	Exalted Dragonlord Sword
54125	Exalted Dragonlord Totem
54126	Exalted Dragonlord Bow
54127	Exalted Dragonlord Dagger
54128	Exalted Dragonlord Wand
54129	Exalted Dragonlord Shield
54130	Exalted Dragonlord Codex
54131	Exalted Dragonlord Quiver
54132	Exalted Dragonlord Grimoire
54133	Exalted Dragonlord Rondel
54134	Croms Sword
54135	Croms Axe
54143	Croms Dagger
54145	Croms Totem
54146	Croms Wand
54147	Croms Off Hand Dagger
54149	Croms Sheild
54150	Venerable Golden Tusks
54151	Venerable Golden Antlers
54152	Venerable Golden Pelt
54153	Anointed Golden Tusks
54154	Anointed Golden Antlers
54155	Anointed Golden Pelt
54156	Sacred Golden Tusks
54157	Sacred Golden Antlers
54158	Sacred Golden Pelt
54200	Eldritch Ring of Valour
54201	Runic Ring of Valour
54202	Eldritch Ring of Courage
54203	Runic Ring of Courage
54204	Eldritch Ring of Celerity
54205	Runic Ring of Celerity
54206	Eldritch Ring of Secrets
54207	Runic Ring of Secrets
54208	Eldritch Ring of Mastery
54209	Runic Ring of Mastery
54210	Eldritch Ring of Mystery
54211	Runic Ring of Mystery
54212	Eldritch Ring of Virtue
54213	Runic Ring of Virtue
54214	Eldritch Ring of Alchemy
54215	Runic Ring of Alchemy
54216	Eldritch Bracelet of Valour
54217	Runic Bracelet of Valour
54218	Eldritch Bracelet of Courage
54219	Runic Bracelet of Courage
54220	Eldritch Bracelet of Artifice
54221	Runic Bracelet of Artifice
54222	Eldritch Bracelet of Secrets
54223	Runic Bracelet of Secrets
54224	Eldritch Pendant of Valour
54225	Runic Pendant of Valour
54226	Eldritch Pendant of Secrets
54227	Runic Pendant of Secrets
54228	Eldritch Pendant of Alchemy
54229	Runic Pendant of Alchemy
54230	Eldritch Crown of Valour
54231	Runic Crown of Valour
54232	Eldritch Crown of Secrets
54233	Runic Crown of Secrets
54234	Eldritch Crown of Alchemy
54235	Runic Crown of Alchemy
54236	Eldritch Axe of Grudges
54237	Runic Axe of Grudges
54238	Fiery Axe of Might
54239	Flaming Axe of Might
54240	Freezing Axe of Might
54241	Glacial Axe of Might
54242	Sorcerous Axe of Might
54243	Hexforged Axe of Might
54244	Eldritch Dagger of Spite
54245	Runic Dagger of Spite
54246	Fiery Dagger of Shadows
54247	Flaming Dagger of Shadows
54248	Freezing Dagger of Shadows
54249	Glacial Dagger of Shadows
54250	Sorcerous Dagger of Shadows
54251	Hexforged Dagger of Shadows
54252	Eldritch Shield of Endurance
54253	Runic Shield of Endurance
54254	Eldritch Shield of Fortitude
54255	Runic Shield of Fortitude
54256	Eldritch Quiver of Vigilance
54257	Runic Quiver of Vigilance
54258	Eldritch Quiver of Savagery
54259	Runic Quiver of Savagery
54260	Fiery Quiver of Thorns
54261	Flaming Quiver of Thorns
54262	Freezing Quiver of Thorns
54263	Glacial Quiver of Thorns
54264	Sorcerous Quiver of Thorns
54265	Hexforged Quiver of Thorns
54266	Eldritch Grimoire of Knowledge
54267	Runic Grimoire of Knowledge
54268	Eldritch Grimoire of Mystery
54269	Runic Grimoire of Mystery
54270	Eldritch Grimoire of Wisdom
54271	Runic Grimoire of Wisdom
54272	Ostara Gift
54273	Ostara Present
54274	Airy Flute of Awakening
54275	Bright Flute of Awakening
54276	Breezy Flute of Awakening
54277	Vibrant Flute of Awakening
54278	Blissful Flute of Awakening
54279	Airy Lute of Awakening
54280	Bright Lute of Awakening
54281	Breezy Lute of Awakening
54282	Vibrant Lute of Awakening
54283	Blissful Lute of Awakening
54284	Airy Harp of Awakening
54285	Bright Harp of Awakening
54286	Breezy Harp of Awakening
54287	Vibrant Harp of Awakening
54288	Blissful Harp of Awakening
54289	Airy Horn of Awakening
54290	Bright Horn of Awakening
54291	Breezy Horn of Awakening
54292	Vibrant Horn of Awakening
54293	Blissful Horn of Awakening
54294	Airy Bagpipes of Awakening
54295	Bright Bagpipes of Awakening
54296	Breezy Bagpipes of Awakening
54297	Vibrant Bagpipes of Awakening
54298	Blissful Bagpipes of Awakening
54299	Airy Drums of Awakening
54300	Bright Drums of Awakening
54301	Breezy Drums of Awakening
54302	Vibrant Drums of Awakening
54303	Blissful Drums of Awakening
54304	Verdant Flute
54305	Verdant Lute
54306	Verdant Harp
54307	Verdant Hunthorn
54308	Verdant Bagpipes
54309	Verdant Drum
54310	Teal Wyldwood Boots
54311	Teal Wyldwood Gloves
54312	Teal Wyldwood Leggings
54313	Teal Wyldwood Top
54314	Teal Wyldwood Hat
54315	Radiant Teal Wyldwood Boots
54316	Radiant Teal Wyldwood Gloves
54317	Radiant Teal Wyldwood Leggings
54318	Radiant Teal Wyldwood Top
54319	Radiant Teal Wyldwood Hat
54320	Springleaf Mystery Chest
54324	Royal Alchemic Mighty Arrow
54325	Imperial Alchemic Mighty Arrow
54326	Godly Alchemic Mighty Arrow
54330	Royal Alchemic Flaming Arrow
54331	Imperial Alchemic Flaming Arrow
54332	Godly Alchemic Flaming Arrow
54336	Royal Alchemic Frost Arrow
54337	Imperial Alchemic Frost Arrow
54338	Godly Alchemic Frost Arrow
54342	Royal Alchemic Lightning Arrow
54343	Imperial Alchemic Lightning Arrow
54344	Godly Alchemic Lightning Arrow
54348	Royal Alchemic Toxic Arrow
54349	Imperial Alchemic Toxic Arrow
54350	Godly Alchemic Toxic Arrow
54351	Mighty Alchemic Ring of Double Attack
54352	Majestic Alchemic Ring of Double Attack
54353	Royal Alchemic Ring of Double Attack
54354	Imperial Alchemic Ring of Double Attack
54355	Godly Alchemic Ring of Double Attack
54356	Mighty Alchemic Ring of Double Shot
54357	Majestic Alchemic Ring of Double Shot
54358	Royal Alchemic Ring of Double Shot
54359	Imperial Alchemic Ring of Double Shot
54360	Godly Alchemic Ring of Double Shot
54361	Mighty Alchemic Ring of Rupture
54362	Majestic Alchemic Ring of Rupture
54363	Royal Alchemic Ring of Rupture
54364	Imperial Alchemic Ring of Rupture
54365	Godly Alchemic Ring of Rupture
54366	Mighty Alchemic Ring of Shield Wall
54367	Majestic Alchemic Ring of Shield Wall
54368	Royal Alchemic Ring of Shield Wall
54369	Imperial Alchemic Ring of Shield Wall
54370	Godly Alchemic Ring of Shield Wall
54371	Mighty Alchemic Ring of Shatter
54372	Majestic Alchemic Ring of Shatter
54373	Royal Alchemic Ring of Shatter
54374	Imperial Alchemic Ring of Shatter
54375	Godly Alchemic Ring of Shatter
54376	Mighty Alchemic Ring of Life Steal
54377	Majestic Alchemic Ring of Life Steal
54378	Royal Alchemic Ring of Life Steal
54379	Imperial Alchemic Ring of Life Steal
54380	Godly Alchemic Ring of Life Steal
54381	Mighty Alchemic Ring of Expose Weakness
54382	Majestic Alchemic Ring of Expose Weakness
54383	Royal Alchemic Ring of Expose Weakness
54384	Imperial Alchemic Ring of Expose Weakness
54385	Godly Alchemic Ring of Expose Weakness
54386	Mighty Alchemic Ring of Riposte
54387	Majestic Alchemic Ring of Riposte
54388	Royal Alchemic Ring of Riposte
54389	Imperial Alchemic Ring of Riposte
54390	Godly Alchemic Ring of Riposte
54391	Mighty Alchemic Ring of Explosive Arrow
54392	Majestic Alchemic Ring of Explosive Arrow
54393	Royal Alchemic Ring of Explosive Arrow
54394	Imperial Alchemic Ring of Explosive Arrow
54395	Godly Alchemic Ring of Explosive Arrow
54396	Mighty Alchemic Ring of Longshot
54397	Majestic Alchemic Ring of Longshot
54398	Royal Alchemic Ring of Longshot
54399	Imperial Alchemic Ring of Longshot
54400	Godly Alchemic Ring of Longshot
54401	Mighty Alchemic Ring of Sharpen Weapons
54402	Majestic Alchemic Ring of Sharpen Weapons
54403	Royal Alchemic Ring of Sharpen Weapons
54404	Imperial Alchemic Ring of Sharpen Weapons
54405	Godly Alchemic Ring of Sharpen Weapons
54406	Mighty Alchemic Ring of Energy Harvest
54407	Majestic Alchemic Ring of Energy Harvest
54408	Royal Alchemic Ring of Energy Harvest
54409	Imperial Alchemic Ring of Energy Harvest
54410	Godly Alchemic Ring of Energy Harvest
54411	Mighty Alchemic Ring of Sanctuary
54412	Majestic Alchemic Ring of Sanctuary
54413	Royal Alchemic Ring of Sanctuary
54414	Imperial Alchemic Ring of Sanctuary
54415	Godly Alchemic Ring of Sanctuary
54416	Mighty Alchemic Ring of Stinging Swarm
54417	Majestic Alchemic Ring of Stinging Swarm
54418	Royal Alchemic Ring of Stinging Swarm
54419	Imperial Alchemic Ring of Stinging Swarm
54420	Godly Alchemic Ring of Stinging Swarm
54421	Mighty Alchemic Ring of Bless
54422	Majestic Alchemic Ring of Bless
54423	Royal Alchemic Ring of Bless
54424	Imperial Alchemic Ring of Bless
54425	Godly Alchemic Ring of Bless
54426	Mighty Alchemic Ring of Ice Blast
54427	Majestic Alchemic Ring of Ice Blast
54428	Royal Alchemic Ring of Ice Blast
54429	Imperial Alchemic Ring of Ice Blast
54430	Godly Alchemic Ring of Ice Blast
54431	Mighty Alchemic Ring of Frostbite
54432	Majestic Alchemic Ring of Frostbite
54433	Royal Alchemic Ring of Frostbite
54434	Imperial Alchemic Ring of Frostbite
54435	Godly Alchemic Ring of Frostbite
54436	Mighty Alchemic Ring of Fire Attunement
54437	Majestic Alchemic Ring of Fire Attunement
54438	Royal Alchemic Ring of Fire Attunement
54439	Imperial Alchemic Ring of Fire Attunement
54440	Godly Alchemic Ring of Fire Attunement
54441	Mighty Alchemic Ring of Ice Attunement
54442	Majestic Alchemic Ring of Ice Attunement
54443	Royal Alchemic Ring of Ice Attunement
54444	Imperial Alchemic Ring of Ice Attunement
54445	Godly Alchemic Ring of Ice Attunement
54446	Minor Spyrestone Bracer of Finesse
54447	Lesser Spyrestone Bracer of Finesse
54448	Mystic Spyrestone Bracer of Finesse
54449	Greater Spyrestone Bracer of Finesse
54450	Grand Spyrestone Bracer of Finesse
54451	Mighty Spyrestone Bracer of Finesse
54452	Majestic Spyrestone Bracer of Finesse
54453	Royal Spyrestone Bracer of Finesse
54454	Imperial Spyrestone Bracer of Finesse
54455	Godly Spyrestone Bracer of Finesse
54456	Minor Spyrestone Bracer of Mettle
54457	Lesser Spyrestone Bracer of Mettle
54458	Mystic Spyrestone Bracer of Mettle
54459	Greater Spyrestone Bracer of Mettle
54460	Grand Spyrestone Bracer of Mettle
54461	Mighty Spyrestone Bracer of Mettle
54462	Majestic Spyrestone Bracer of Mettle
54463	Royal Spyrestone Bracer of Mettle
54464	Imperial Spyrestone Bracer of Mettle
54465	Godly Spyrestone Bracer of Mettle
54466	Minor Spyrestone Bracer of Valiance
54467	Lesser Spyrestone Bracer of Valiance
54468	Mystic Spyrestone Bracer of Valiance
54469	Greater Spyrestone Bracer of Valiance
54470	Grand Spyrestone Bracer of Valiance
54471	Mighty Spyrestone Bracer of Valiance
54472	Majestic Spyrestone Bracer of Valiance
54473	Royal Spyrestone Bracer of Valiance
54474	Imperial Spyrestone Bracer of Valiance
54475	Godly Spyrestone Bracer of Valiance
54476	Minor Spyrestone Bracer of Tenacity
54477	Lesser Spyrestone Bracer of Tenacity
54478	Mystic Spyrestone Bracer of Tenacity
54479	Greater Spyrestone Bracer of Tenacity
54480	Grand Spyrestone Bracer of Tenacity
54481	Mighty Spyrestone Bracer of Tenacity
54482	Majestic Spyrestone Bracer of Tenacity
54483	Royal Spyrestone Bracer of Tenacity
54484	Imperial Spyrestone Bracer of Tenacity
54485	Godly Spyrestone Bracer of Tenacity
54486	Potion of Eldritch Shielding
54487	Potion of Eldritch Unbinding
54488	Potion of Eldritch Fortification
54489	ANTI-GELEBRON POTION
54490	Exalted Dragon Armour Set Bonus Warrior
54491	Exalted Dragon Armour Set Bonus Rogue
54492	Exalted Dragon Armour Set Bonus Ranger
54493	Exalted Dragon Armour Set Bonus Mage
54494	Exalted Dragon Armour Set Bonus Druid
54495	Cherished Eagle Glider
54496	Prized Eagle Glider
54497	Treasured Eagle Glider
54498	Revered Eagle Glider
54499	Hallowed Eagle Glider
54500	Idolised Eagle Glider
54501	Exalted Eagle Glider
54502	Ascendant Eagle Glider
54503	Ancient Eagle Glider
54504	Fabled Eagle Glider
54505	Primal Eagle Glider
54506	Legendary Eagle Glider
54507	Mythic Eagle Glider
54508	spring2015 Mount Purple Eagle Glider
54509	spring2015 Mount Gold Eagle Glider
54510	spring2015 Mount Orange Eagle Glider
54511	spring2015 Mount Green Eagle Glider
54512	Ancient Relic Soaring Eagle
54513	Fabled Relic Soaring Eagle
54514	Primal Relic Soaring Eagle
54515	Legendary Relic Soaring Eagle
54516	Mythic Relic Soaring Eagle
54517	Grand Ostara Glider
54518	Greater Ostara Glider
54519	Ostara Glider
54520	Rose Connacht Armament Charm
54521	Auburn Connacht Armament Charm
54522	Blazing Connacht Armament Charm
54523	Wild Connacht Armament Charm
54524	Beryl Connacht Armament Charm
54525	Azure Connacht Armament Charm
54526	Aqua Connacht Armament Charm
54527	Crimson Connacht Armament Charm
54528	Verdant Connacht Armament Charm
54529	Regal Connacht Armament Charm
54530	Guilded Connacht Armament Charm
54531	Shadowed Connacht Armament Charm
54532	Burnished Connacht Armament Charm
54533	Steely Connacht Armament Charm
54534	Russet Brown Tower Guard Charm
54535	Russet Turquoise Tower Guard Charm
54536	Russet Violet Tower Guard Charm
54537	Russet Red Tower Guard Charm
54538	Russet Blue Tower Guard Charm
54539	Russet Purple Tower Guard Charm
54540	Russet Green Tower Guard Charm
54541	Russet Yellow Tower Guard Charm
54542	Russet Black Tower Guard Charm
54543	Russet White Tower Guard Charm
54544	Radiant Russet Brown Tower Guard Charm
54545	Radiant Russet Turquoise Tower Guard Charm
54546	Radiant Russet Violet Tower Guard Charm
54547	Radiant Russet Red Tower Guard Charm
54548	Radiant Russet Blue Tower Guard Charm
54549	Radiant Russet Purple Tower Guard Charm
54550	Radiant Russet Green Tower Guard Charm
54551	Radiant Russet Yellow Tower Guard Charm
54552	Radiant Russet Black Tower Guard Charm
54553	Radiant Russet White Tower Guard Charm
54554	Energised Russet Brown Tower Guard Charm
54555	Energised Russet Turquoise Tower Guard Charm
54556	Energised Russet Violet Tower Guard Charm
54557	Energised Russet Red Tower Guard Charm
54558	Energised Russet Blue Tower Guard Charm
54559	Energised Russet Purple Tower Guard Charm
54560	Energised Russet Green Tower Guard Charm
54561	Energised Russet Yellow Tower Guard Charm
54562	Energised Russet Black Tower Guard Charm
54563	Energised Russet White Tower Guard Charm
54564	Argent Brown Tower Guard Charm
54565	Argent Turquoise Tower Guard Charm
54566	Argent Violet Tower Guard Charm
54567	Argent Red Tower Guard Charm
54568	Argent Blue Tower Guard Charm
54569	Argent Purple Tower Guard Charm
54570	Argent Green Tower Guard Charm
54571	Argent Yellow Tower Guard Charm
54572	Argent Black Tower Guard Charm
54573	Argent White Tower Guard Charm
54574	Radiant Argent Brown Tower Guard Charm
54575	Radiant Argent Turquoise Tower Guard Charm
54576	Radiant Argent Violet Tower Guard Charm
54577	Radiant Argent Red Tower Guard Charm
54578	Radiant Argent Blue Tower Guard Charm
54579	Radiant Argent Purple Tower Guard Charm
54580	Radiant Argent Green Tower Guard Charm
54581	Radiant Argent Yellow Tower Guard Charm
54582	Radiant Argent Black Tower Guard Charm
54583	Radiant Argent White Tower Guard Charm
54584	Energised Argent Brown Tower Guard Charm
54585	Energised Argent Turquoise Tower Guard Charm
54586	Energised Argent Violet Tower Guard Charm
54587	Energised Argent Red Tower Guard Charm
54588	Energised Argent Blue Tower Guard Charm
54589	Energised Argent Purple Tower Guard Charm
54590	Energised Argent Green Tower Guard Charm
54591	Energised Argent Yellow Tower Guard Charm
54592	Energised Argent Black Tower Guard Charm
54593	Energised Argent White Tower Guard Charm
54594	Auric Brown Tower Guard Charm
54595	Auric Turquoise Tower Guard Charm
54596	Auric Violet Tower Guard Charm
54597	Auric Red Tower Guard Charm
54598	Auric Blue Tower Guard Charm
54599	Auric Purple Tower Guard Charm
54600	Auric Green Tower Guard Charm
54601	Auric Yellow Tower Guard Charm
54602	Auric Black Tower Guard Charm
54603	Auric White Tower Guard Charm
54604	Radiant Auric Brown Tower Guard Charm
54605	Radiant Auric Turquoise Tower Guard Charm
54606	Radiant Auric Violet Tower Guard Charm
54607	Radiant Auric Red Tower Guard Charm
54608	Radiant Auric Blue Tower Guard Charm
54609	Radiant Auric Purple Tower Guard Charm
54610	Radiant Auric Green Tower Guard Charm
54611	Radiant Auric Yellow Tower Guard Charm
54612	Radiant Auric Black Tower Guard Charm
54613	Radiant Auric White Tower Guard Charm
54614	Energised Auric Brown Tower Guard Charm
54615	Energised Auric Turquoise Tower Guard Charm
54616	Energised Auric Violet Tower Guard Charm
54617	Energised Auric Red Tower Guard Charm
54618	Energised Auric Blue Tower Guard Charm
54619	Energised Auric Purple Tower Guard Charm
54620	Energised Auric Green Tower Guard Charm
54621	Energised Auric Yellow Tower Guard Charm
54622	Energised Auric Black Tower Guard Charm
54623	Energised Auric White Tower Guard Charm
54624	Minor Emberdrake Ring of Battle
54625	Lesser Emberdrake Ring of Battle
54626	Mystic Emberdrake Ring of Battle
54627	Greater Emberdrake Ring of Battle
54628	Grand Emberdrake Ring of Battle
54629	Mighty Emberdrake Ring of Battle
54630	Majestic Emberdrake Ring of Battle
54631	Royal Emberdrake Ring of Battle
54632	Imperial Emberdrake Ring of Battle
54633	Godly Emberdrake Ring of Battle
54634	Minor Emberdrake Ring of Cunning
54635	Lesser Emberdrake Ring of Cunning
54636	Mystic Emberdrake Ring of Cunning
54637	Greater Emberdrake Ring of Cunning
54638	Grand Emberdrake Ring of Cunning
54639	Mighty Emberdrake Ring of Cunning
54640	Majestic Emberdrake Ring of Cunning
54641	Royal Emberdrake Ring of Cunning
54642	Imperial Emberdrake Ring of Cunning
54643	Godly Emberdrake Ring of Cunning
54644	Minor Emberdrake Ring of Precision
54645	Lesser Emberdrake Ring of Precision
54646	Mystic Emberdrake Ring of Precision
54647	Greater Emberdrake Ring of Precision
54648	Grand Emberdrake Ring of Precision
54649	Mighty Emberdrake Ring of Precision
54650	Majestic Emberdrake Ring of Precision
54651	Royal Emberdrake Ring of Precision
54652	Imperial Emberdrake Ring of Precision
54653	Godly Emberdrake Ring of Precision
54654	Minor Emberdrake Ring of Blazes
54655	Lesser Emberdrake Ring of Blazes
54656	Mystic Emberdrake Ring of Blazes
54657	Greater Emberdrake Ring of Blazes
54658	Grand Emberdrake Ring of Blazes
54659	Mighty Emberdrake Ring of Blazes
54660	Majestic Emberdrake Ring of Blazes
54661	Royal Emberdrake Ring of Blazes
54662	Imperial Emberdrake Ring of Blazes
54663	Godly Emberdrake Ring of Blazes
54664	Minor Emberdrake Ring of Blizzards
54665	Lesser Emberdrake Ring of Blizzards
54666	Mystic Emberdrake Ring of Blizzards
54667	Greater Emberdrake Ring of Blizzards
54668	Grand Emberdrake Ring of Blizzards
54669	Mighty Emberdrake Ring of Blizzards
54670	Majestic Emberdrake Ring of Blizzards
54671	Royal Emberdrake Ring of Blizzards
54672	Imperial Emberdrake Ring of Blizzards
54673	Godly Emberdrake Ring of Blizzards
54674	Minor Emberdrake Ring of Nature
54675	Lesser Emberdrake Ring of Nature
54676	Mystic Emberdrake Ring of Nature
54677	Greater Emberdrake Ring of Nature
54678	Grand Emberdrake Ring of Nature
54679	Mighty Emberdrake Ring of Nature
54680	Majestic Emberdrake Ring of Nature
54681	Royal Emberdrake Ring of Nature
54682	Imperial Emberdrake Ring of Nature
54683	Godly Emberdrake Ring of Nature
54684	Minor Emberdrake Bracelet of Striking
54685	Lesser Emberdrake Bracelet of Striking
54686	Mystic Emberdrake Bracelet of Striking
54687	Greater Emberdrake Bracelet of Striking
54688	Grand Emberdrake Bracelet of Striking
54689	Mighty Emberdrake Bracelet of Striking
54690	Majestic Emberdrake Bracelet of Striking
54691	Royal Emberdrake Bracelet of Striking
54692	Imperial Emberdrake Bracelet of Striking
54693	Godly Emberdrake Bracelet of Striking
54694	Minor Emberdrake Bracelet of Smashing
54695	Lesser Emberdrake Bracelet of Smashing
54696	Mystic Emberdrake Bracelet of Smashing
54697	Greater Emberdrake Bracelet of Smashing
54698	Grand Emberdrake Bracelet of Smashing
54699	Mighty Emberdrake Bracelet of Smashing
54700	Majestic Emberdrake Bracelet of Smashing
54701	Royal Emberdrake Bracelet of Smashing
54702	Imperial Emberdrake Bracelet of Smashing
54703	Godly Emberdrake Bracelet of Smashing
54704	Minor Emberdrake Bracelet of Stealth
54705	Lesser Emberdrake Bracelet of Stealth
54706	Mystic Emberdrake Bracelet of Stealth
54707	Greater Emberdrake Bracelet of Stealth
54708	Grand Emberdrake Bracelet of Stealth
54709	Mighty Emberdrake Bracelet of Stealth
54710	Majestic Emberdrake Bracelet of Stealth
54711	Royal Emberdrake Bracelet of Stealth
54712	Imperial Emberdrake Bracelet of Stealth
54713	Godly Emberdrake Bracelet of Stealth
54714	Minor Emberdrake Bracelet of Shadow
54715	Lesser Emberdrake Bracelet of Shadow
54716	Mystic Emberdrake Bracelet of Shadow
54717	Greater Emberdrake Bracelet of Shadow
54718	Grand Emberdrake Bracelet of Shadow
54719	Mighty Emberdrake Bracelet of Shadow
54720	Majestic Emberdrake Bracelet of Shadow
54721	Royal Emberdrake Bracelet of Shadow
54722	Imperial Emberdrake Bracelet of Shadow
54723	Godly Emberdrake Bracelet of Shadow
54724	Minor Emberdrake Bracelet of Sniping
54725	Lesser Emberdrake Bracelet of Sniping
54726	Mystic Emberdrake Bracelet of Sniping
54727	Greater Emberdrake Bracelet of Sniping
54728	Grand Emberdrake Bracelet of Sniping
54729	Mighty Emberdrake Bracelet of Sniping
54730	Majestic Emberdrake Bracelet of Sniping
54731	Royal Emberdrake Bracelet of Sniping
54732	Imperial Emberdrake Bracelet of Sniping
54733	Godly Emberdrake Bracelet of Sniping
54734	Minor Emberdrake Bracelet of Survival
54735	Lesser Emberdrake Bracelet of Survival
54736	Mystic Emberdrake Bracelet of Survival
54737	Greater Emberdrake Bracelet of Survival
54738	Grand Emberdrake Bracelet of Survival
54739	Mighty Emberdrake Bracelet of Survival
54740	Majestic Emberdrake Bracelet of Survival
54741	Royal Emberdrake Bracelet of Survival
54742	Imperial Emberdrake Bracelet of Survival
54743	Godly Emberdrake Bracelet of Survival
54744	Minor Emberdrake Bracelet of Blazes
54745	Lesser Emberdrake Bracelet of Blazes
54746	Mystic Emberdrake Bracelet of Blazes
54747	Greater Emberdrake Bracelet of Blazes
54748	Grand Emberdrake Bracelet of Blazes
54749	Mighty Emberdrake Bracelet of Blazes
54750	Majestic Emberdrake Bracelet of Blazes
54751	Royal Emberdrake Bracelet of Blazes
54752	Imperial Emberdrake Bracelet of Blazes
54753	Godly Emberdrake Bracelet of Blazes
54754	Minor Emberdrake Bracelet of Blizzards
54755	Lesser Emberdrake Bracelet of Blizzards
54756	Mystic Emberdrake Bracelet of Blizzards
54757	Greater Emberdrake Bracelet of Blizzards
54758	Grand Emberdrake Bracelet of Blizzards
54759	Mighty Emberdrake Bracelet of Blizzards
54760	Majestic Emberdrake Bracelet of Blizzards
54761	Royal Emberdrake Bracelet of Blizzards
54762	Imperial Emberdrake Bracelet of Blizzards
54763	Godly Emberdrake Bracelet of Blizzards
54764	Minor Emberdrake Bracelet of Renewal
54765	Lesser Emberdrake Bracelet of Renewal
54766	Mystic Emberdrake Bracelet of Renewal
54767	Greater Emberdrake Bracelet of Renewal
54768	Grand Emberdrake Bracelet of Renewal
54769	Mighty Emberdrake Bracelet of Renewal
54770	Majestic Emberdrake Bracelet of Renewal
54771	Royal Emberdrake Bracelet of Renewal
54772	Imperial Emberdrake Bracelet of Renewal
54773	Godly Emberdrake Bracelet of Renewal
54774	Minor Emberdrake Bracelet of Lightning
54775	Lesser Emberdrake Bracelet of Lightning
54776	Mystic Emberdrake Bracelet of Lightning
54777	Greater Emberdrake Bracelet of Lightning
54778	Grand Emberdrake Bracelet of Lightning
54779	Mighty Emberdrake Bracelet of Lightning
54780	Majestic Emberdrake Bracelet of Lightning
54781	Royal Emberdrake Bracelet of Lightning
54782	Imperial Emberdrake Bracelet of Lightning
54783	Godly Emberdrake Bracelet of Lightning
54784	Minor Emberdrake Charm of Giant Swing
54785	Lesser Emberdrake Charm of Giant Swing
54786	Mystic Emberdrake Charm of Giant Swing
54787	Greater Emberdrake Charm of Giant Swing
54788	Grand Emberdrake Charm of Giant Swing
54789	Mighty Emberdrake Charm of Giant Swing
54790	Majestic Emberdrake Charm of Giant Swing
54791	Royal Emberdrake Charm of Giant Swing
54792	Imperial Emberdrake Charm of Giant Swing
54793	Godly Emberdrake Charm of Giant Swing
54794	Minor Emberdrake Charm of Rupture
54795	Lesser Emberdrake Charm of Rupture
54796	Mystic Emberdrake Charm of Rupture
54797	Greater Emberdrake Charm of Rupture
54798	Grand Emberdrake Charm of Rupture
54799	Mighty Emberdrake Charm of Rupture
54800	Majestic Emberdrake Charm of Rupture
54801	Royal Emberdrake Charm of Rupture
54802	Imperial Emberdrake Charm of Rupture
54803	Godly Emberdrake Charm of Rupture
54804	Minor Emberdrake Charm of Sneaky Attack
54805	Lesser Emberdrake Charm of Sneaky Attack
54806	Mystic Emberdrake Charm of Sneaky Attack
54807	Greater Emberdrake Charm of Sneaky Attack
54808	Grand Emberdrake Charm of Sneaky Attack
54809	Mighty Emberdrake Charm of Sneaky Attack
54810	Majestic Emberdrake Charm of Sneaky Attack
54811	Royal Emberdrake Charm of Sneaky Attack
54812	Imperial Emberdrake Charm of Sneaky Attack
54813	Godly Emberdrake Charm of Sneaky Attack
54814	Minor Emberdrake Charm of Quick Strike
54815	Lesser Emberdrake Charm of Quick Strike
54816	Mystic Emberdrake Charm of Quick Strike
54817	Greater Emberdrake Charm of Quick Strike
54818	Grand Emberdrake Charm of Quick Strike
54819	Mighty Emberdrake Charm of Quick Strike
54820	Majestic Emberdrake Charm of Quick Strike
54821	Royal Emberdrake Charm of Quick Strike
54822	Imperial Emberdrake Charm of Quick Strike
54823	Godly Emberdrake Charm of Quick Strike
54824	Minor Emberdrake Charm of Double Shot
54825	Lesser Emberdrake Charm of Double Shot
54826	Mystic Emberdrake Charm of Double Shot
54827	Greater Emberdrake Charm of Double Shot
54828	Grand Emberdrake Charm of Double Shot
54829	Mighty Emberdrake Charm of Double Shot
54830	Majestic Emberdrake Charm of Double Shot
54831	Royal Emberdrake Charm of Double Shot
54832	Imperial Emberdrake Charm of Double Shot
54833	Godly Emberdrake Charm of Double Shot
54834	Minor Emberdrake Charm of Long Shot
54835	Lesser Emberdrake Charm of Long Shot
54836	Mystic Emberdrake Charm of Long Shot
54837	Greater Emberdrake Charm of Long Shot
54838	Grand Emberdrake Charm of Long Shot
54839	Mighty Emberdrake Charm of Long Shot
54840	Majestic Emberdrake Charm of Long Shot
54841	Royal Emberdrake Charm of Long Shot
54842	Imperial Emberdrake Charm of Long Shot
54843	Godly Emberdrake Charm of Long Shot
54844	Minor Emberdrake Charm of Fire Bolt
54845	Lesser Emberdrake Charm of Fire Bolt
54846	Mystic Emberdrake Charm of Fire Bolt
54847	Greater Emberdrake Charm of Fire Bolt
54848	Grand Emberdrake Charm of Fire Bolt
54849	Mighty Emberdrake Charm of Fire Bolt
54850	Majestic Emberdrake Charm of Fire Bolt
54851	Royal Emberdrake Charm of Fire Bolt
54852	Imperial Emberdrake Charm of Fire Bolt
54853	Godly Emberdrake Charm of Fire Bolt
54854	Minor Emberdrake Charm of Ice Shards
54855	Lesser Emberdrake Charm of Ice Shards
54856	Mystic Emberdrake Charm of Ice Shards
54857	Greater Emberdrake Charm of Ice Shards
54858	Grand Emberdrake Charm of Ice Shards
54859	Mighty Emberdrake Charm of Ice Shards
54860	Majestic Emberdrake Charm of Ice Shards
54861	Royal Emberdrake Charm of Ice Shards
54862	Imperial Emberdrake Charm of Ice Shards
54863	Godly Emberdrake Charm of Ice Shards
54864	Minor Emberdrake Charm of Storm Touch
54865	Lesser Emberdrake Charm of Storm Touch
54866	Mystic Emberdrake Charm of Storm Touch
54867	Greater Emberdrake Charm of Storm Touch
54868	Grand Emberdrake Charm of Storm Touch
54869	Mighty Emberdrake Charm of Storm Touch
54870	Majestic Emberdrake Charm of Storm Touch
54871	Royal Emberdrake Charm of Storm Touch
54872	Imperial Emberdrake Charm of Storm Touch
54873	Godly Emberdrake Charm of Storm Touch
54874	Minor Emberdrake Charm of Natures Touch
54875	Lesser Emberdrake Charm of Natures Touch
54876	Mystic Emberdrake Charm of Natures Touch
54877	Greater Emberdrake Charm of Natures Touch
54878	Grand Emberdrake Charm of Natures Touch
54879	Mighty Emberdrake Charm of Natures Touch
54880	Majestic Emberdrake Charm of Natures Touch
54881	Royal Emberdrake Charm of Natures Touch
54882	Imperial Emberdrake Charm of Natures Touch
54883	Godly Emberdrake Charm of Natures Touch
54884	Wyldgrove Amulet of the Mountain
54885	Wyldgrove Amulet of the Sun
54886	Wyldgrove Amulet of the River
54887	Wyldgrove Amulet of the Zephyr
54888	Wyldshrine Amulet of the Mountain
54889	Wyldshrine Amulet of the Sun
54890	Wyldshrine Amulet of the River
54891	Wyldshrine Amulet of the Zephyr
54892	Wyldgrove Bracelet of the Sun
54893	Wyldgrove Bracelet of the Zephyr
54894	Wyldgrove Bracelet of the Mountain
54895	Wyldgrove Bracelet of the River
54896	Wyldshrine Bracelet of the Sun
54897	Wyldshrine Bracelet of the Zephyr
54898	Wyldshrine Bracelet of the Mountain
54899	Wyldshrine Bracelet of the River
54900	Wyldgrove Ring of the Mountain
54901	Wyldgrove Ring of the Sun
54902	Wyldgrove Ring of the River
54903	Wyldgrove Ring of the Zephyr
54904	Wyldshrine Ring of the Mountain
54905	Wyldshrine Ring of the Sun
54906	Wyldshrine Ring of the River
54907	Wyldshrine Ring of the Zephyr
54913	5 Heroic Combination Elixirs
54914	Super Energy Potion
54915	Super Energy Potion
54926	Archfyre Fists
54928	Dark Heart
54929	Gelebron's Parchment
54930	Soul Casing
54931	Fishing Top 1
54932	Fishing Legs 1
54933	Fishing Head 1
54934	Fishing Hands 1
54935	Fishing Feet 1
54936	Fishing Top 2
54937	Fishing Legs 2
54938	Fishing Head 2
54939	Fishing Hands 2
54940	Fishing Feet 2
54942	Standard Bounty Bag
54943	Elite Bounty Bag
54944	Epic Bounty Bag NOT USED
54945	Standard Ostara Bounty Bag
54946	Ostara Bounty Bag
54947	Epic Ostara Bounty Bag
54948	Standard Beltane Bounty Bag
54949	Beltane Bounty Bag
54950	Superior Beltane Bounty Bag
54951	Standard Samhain Bounty Bag DNU
54952	Samhain Bounty Bag
54953	Superior Samhain Bounty Bag
54954	Standard Yule Bounty Bag
54955	Yule Bounty Bag
54956	Superior Yule Bounty Bag
54957	Super Energy Potion Crate
54958	Flame Marigold
54959	Periwinkle Knapweed
54960	Cobalt Foxglove
54961	White Sanghal Strides
54962	Black Sanghal Strides
54963	Red Sanghal Strides
54964	Blue Sanghal Strides
54965	Green Sanghal Strides
54966	Yellow Sanghal Strides
54967	Orange Sanghal Strides
54968	Pink Sanghal Strides
54969	Purple Sanghal Strides
54970	White Sanghal Gloves
54971	Black Sanghal Gloves
54972	Red Sanghal Gloves
54973	Blue Sanghal Gloves
54974	Green Sanghal Gloves
54975	Yellow Sanghal Gloves
54976	Orange Sanghal Gloves
54977	Pink Sanghal Gloves
54978	Purple Sanghal Gloves
54979	White Sanghal Leggings
54980	Black Sanghal Leggings
54981	Red Sanghal Leggings
54982	Blue Sanghal Leggings
54983	Green Sanghal Leggings
54984	Yellow Sanghal Leggings
54985	Orange Sanghal Leggings
54986	Pink Sanghal Leggings
54987	Purple Sanghal Leggings
54988	White Sanghal Top
54989	Black Sanghal Top
54990	Red Sanghal Top
54991	Blue Sanghal Top
54992	Green Sanghal Top
54993	Yellow Sanghal Top
54994	Orange Sanghal Top
54995	Pink Sanghal Top
54996	Purple Sanghal Top
54997	Turquoise Sanghal Strides
54998	Turquoise Sanghal Gloves
54999	Turquoise Sanghal Leggings
55000	Turquoise Sanghal Top
55001	White Sanghal Wig
55002	Black Sanghal Wig
55003	Red Sanghal Wig
55004	Blue Sanghal Wig
55005	Green Sanghal Wig
55006	Yellow Sanghal Wig
55007	Orange Sanghal Wig
55008	Pink Sanghal Wig
55009	Purple Sanghal Wig
55010	Turquoise Sanghal Wig
55011	Glistening White Sanghal Strides
55012	Glistening Black Sanghal Strides
55013	Glistening Red Sanghal Strides
55014	Glistening Blue Sanghal Strides
55015	Glistening Green Sanghal Strides
55016	Glistening Yellow Sanghal Strides
55017	Glistening Orange Sanghal Strides
55018	Glistening Pink Sanghal Strides
55019	Glistening Purple Sanghal Strides
55020	Glistening White Sanghal Gloves
55021	Glistening Black Sanghal Gloves
55022	Glistening Red Sanghal Gloves
55023	Glistening Blue Sanghal Gloves
55024	Glistening Green Sanghal Gloves
55025	Glistening Yellow Sanghal Gloves
55026	Glistening Orange Sanghal Gloves
55027	Glistening Pink Sanghal Gloves
55028	Glistening Purple Sanghal Gloves
55029	Glistening White Sanghal Leggings
55030	Glistening Black Sanghal Leggings
55031	Glistening Red Sanghal Leggings
55032	Glistening Blue Sanghal Leggings
55033	Glistening Green Sanghal Leggings
55034	Glistening Yellow Sanghal Leggings
55035	Glistening Orange Sanghal Leggings
55036	Glistening Pink Sanghal Leggings
55037	Glistening Purple Sanghal Leggings
55038	Glistening White Sanghal Top
55039	Glistening Black Sanghal Top
55040	Glistening Red Sanghal Top
55041	Glistening Blue Sanghal Top
55042	Glistening Green Sanghal Top
55043	Glistening Yellow Sanghal Top
55044	Glistening Orange Sanghal Top
55045	Glistening Pink Sanghal Top
55046	Glistening Purple Sanghal Top
55047	Glistening Turquoise Sanghal Strides
55048	Glistening Turquoise Sanghal Gloves
55049	Glistening Turquoise Sanghal Leggings
55050	Glistening Turquoise Sanghal Top
55051	Glistening White Sanghal Wig
55052	Glistening Black Sanghal Wig
55053	Glistening Red Sanghal Wig
55054	Glistening Blue Sanghal Wig
55055	Glistening Green Sanghal Wig
55056	Glistening Yellow Sanghal Wig
55057	Glistening Orange Sanghal Wig
55058	Glistening Pink Sanghal Wig
55059	Glistening Purple Sanghal Wig
55060	Glistening Turquoise Sanghal Wig
55061	Teal Sanghal Strides
55062	Teal Sanghal Gloves
55063	Teal Sanghal Leggings
55064	Teal Sanghal Top
55065	Teal Sanghal Wig
55066	Glistening Teal Sanghal Strides
55067	Glistening Teal Sanghal Gloves
55068	Glistening Teal Sanghal Leggings
55069	Glistening Teal Sanghal Top
55070	Glistening Teal Sanghal Wig
55071	Lustrous Mystery Chest
55072	Beacon of Destiny
55073	Chipping Sparrow
55074	Tree Sparrow
55075	Fox Sparrow
55076	Black-Throated Sparrow
55077	Song Sparrow
55078	Capped Crow
55079	Veiled Crow
55080	Hooded Crow
55081	Carrion Crow
55082	Executioners Crow
55083	Tawny Sparrowhawk
55084	Flametipped Sparrowhawk
55085	Bloodcrest Sparrowhawk
55086	Darkclaw Sparrowhawk
55087	Deathshead Sparrowhawk
55088	Health Potion Set
55089	Red Burnished AC DNU
55090	Brown Burnished AC DNU
55091	Green Burnished AC DNU
55092	Blue Burnished AC DNU
55093	Yellow Burnished AC DNU
55094	Turquoise Burnished AC DNU
55095	Violet Burnished AC DNU
55096	Purple Burnished AC DNU
55097	Black Burnished AC DNU
55098	White Burnished AC DNU
55099	Blazing Red Burnished AC DNU
55100	Ethereal Red Burnished AC DNU
55101	Red Stalwart AC DNU
55102	Brown Stalwart AC DNU
55103	Green Stalwart AC DNU
55104	Blue Stalwart AC DNU
55105	Yellow Stalwart AC DNU
55106	Turquoise Stalwart AC DNU
55107	Violet Stalwart AC DNU
55108	Purple Stalwart AC DNU
55109	Black Stalwart AC DNU
55110	White Stalwart AC DNU
55111	Blazing Red Stalwart AC DNU
55112	Ethereal Red Stalwart AC DNU
55113	Red Fortified AC DNU
55114	Brown Fortified AC DNU
55115	Green Fortified AC DNU
55116	Blue Fortified AC DNU
55117	Yellow Fortified AC DNU
55118	Turquoise Fortified AC DNU
55119	Violet Fortified AC DNU
55120	Purple Fortified AC DNU
55121	Black Fortified AC DNU
55122	White Fortified AC DNU
55123	Blazing Red Fortified AC DNU
55124	Ethereal Red Fortified AC DNU
55125	Blazing Brown Burnished AC DNU
55126	Ethereal Brown Burnished AC DNU
55127	Blazing Green Burnished AC DNU
55128	Ethereal Green Burnished AC DNU
55129	Blazing Blue Burnished AC DNU
55130	Ethereal Blue Burnished AC DNU
55131	Blazing Yellow Burnished AC DNU
55132	Ethereal Yellow Burnished AC DNU
55133	Blazing Turquoise Burnished AC DNU
55134	Ethereal Turquoise Burnished AC DNU
55135	Blazing Burnished Violet AC DNU
55136	Ethereal Violet Burnished AC DNU
55137	Blazing Purple Burnished AC DNU
55138	Ethereal Purple Burnished AC DNU
55139	Blazing Black Burnished AC DNU
55140	Ethereal Black Burnished AC DNU
55141	Blazing White Burnished AC DNU
55142	Ethereal White Burnished AC DNU
55143	Blazing Brown Stalwart AC DNU
55144	Ethereal Brown Stalwart AC DNU
55145	Blazing Green Stalwart AC DNU
55146	Ethereal Green Stalwart AC DNU
55147	Blazing Blue Stalwart AC DNU
55148	Ethereal Blue Stalwart AC DNU
55149	Blazing Yellow Stalwart AC DNU
55150	Ethereal Yellow Stalwart AC DNU
55151	Blazing Turquoise Stalwart AC DNU
55152	Ethereal Turquoise Stalwart AC DNU
55153	Blazing Stalwart Violet AC DNU
55154	Ethereal Violet Stalwart AC DNU
55155	Blazing Purple Stalwart AC DNU
55156	Ethereal Purple Stalwart AC DNU
55157	Blazing Black Stalwart AC DNU
55158	Ethereal Black Stalwart AC DNU
55159	Blazing White Stalwart AC DNU
55160	Ethereal White Stalwart AC DNU
55161	Blazing Brown Fortified AC DNU
55162	Ethereal Brown Fortified AC DNU
55163	Blazing Green Fortified AC DNU
55164	Ethereal Green Fortified AC DNU
55165	Blazing Blue Fortified AC DNU
55166	Ethereal Blue Fortified AC DNU
55167	Blazing Yellow Fortified AC DNU
55168	Ethereal Yellow Fortified AC DNU
55169	Blazing Turquoise Fortified AC DNU
55170	Ethereal Turquoise Fortified AC DNU
55171	Blazing Fortified Violet AC DNU
55172	Ethereal Violet Fortified AC DNU
55173	Blazing Purple Fortified AC DNU
55174	Ethereal Purple Fortified AC DNU
55175	Blazing Black Fortified AC DNU
55176	Ethereal Black Fortified AC DNU
55177	Blazing White Fortified AC DNU
55178	Ethereal White Fortified AC DNU
55227	White Sage's Visage of Joy
55228	Black Sage's Visage of Joy
55229	Red Sage's Visage of Joy
55230	Blue Sage's Visage of Joy
55231	Green Sage's Visage of Joy
55232	Yellow Sage's Visage of Joy
55233	Orange Sage's Visage of Joy
55234	Pink Sage's Visage of Joy
55235	Purple Sage's Visage of Joy
55236	Turquoise Sage's Visage of Joy
55237	White Glistening Sage's Visage of Joy
55238	Black Glistening Sage's Visage of Joy
55239	Red Glistening Sage's Visage of Joy
55240	Blue Glistening Sage's Visage of Joy
55241	Green Glistening Sage's Visage of Joy
55242	Yellow Glistening Sage's Visage of Joy
55243	Orange Glistening Sage's Visage of Joy
55244	Pink Glistening Sage's Visage of Joy
55245	Purple Glistening Sage's Visage of Joy
55246	Turquoise Glistening Sage's Visage of Joy
55247	Teal Glistening Sage's Visage of Joy
55248	Mauve Glistening Sage's Visage of Joy
55249	White Sage's Visage of Rage
55250	Black Sage's Visage of Rage
55251	Red Sage's Visage of Rage
55252	Blue Sage's Visage of Rage
55253	Green Sage's Visage of Rage
55254	Yellow Sage's Visage of Rage
55255	Orange Sage's Visage of Rage
55256	Pink Sage's Visage of Rage
55257	Purple Sage's Visage of Rage
55258	Turquoise Sage's Visage of Rage
55259	White Glistening Sage's Visage of Rage
55260	Black Glistening Sage's Visage of Rage
55261	Red Glistening Sage's Visage of Rage
55262	Blue Glistening Sage's Visage of Rage
55263	Green Glistening Sage's Visage of Rage
55264	Yellow Glistening Sage's Visage of Rage
55265	Orange Glistening Sage's Visage of Rage
55266	Pink Glistening Sage's Visage of Rage
55267	Purple Glistening Sage's Visage of Rage
55268	Turquoise Glistening Sage's Visage of Rage
55269	Teal Glistening Sage's Visage of Rage
55270	Mauve Glistening Sage's Visage of Rage
55271	Ancient Tome of Wisdom
55272	Ancient Tome of Insight
55273	Ancient Tome of Conjuring
55274	Ancient Tome of Enchantment
55275	Ancient Tome of Power
55276	Ancient Tome of Mystery
55277	Ancient Tome of Life
55278	Ancient Tome of Lore
55279	Sage's Shillelagh
55280	Minor Shillelagh of Brath
55281	Lesser Shillelagh of Brath
55282	Mystic Shillelagh of Brath
55283	Greater Shillelagh of Brath
55284	Grand Shillelagh of Brath
55285	Mighty Shillelagh of Brath
55286	Majestic Shillelagh of Brath
55287	Royal Shillelagh of Brath
55288	Imperial Shillelagh of Brath
55289	Godly Shillelagh of Brath
55290	Glistening Minor Shillelagh of Brath
55291	Glistening Lesser Shillelagh of Brath
55292	Glistening Mystic Shillelagh of Brath
55293	Glistening Greater Shillelagh of Brath
55294	Glistening Grand Shillelagh of Brath
55295	Glistening Mighty Shillelagh of Brath
55296	Glistening Majestic Shillelagh of Brath
55297	Glistening Royal Shillelagh of Brath
55298	Glistening Imperial Shillelagh of Brath
55299	Glistening Godly Shillelagh of Brath
55301	Hunter's Remains OLD
55302	Hunter's Remains
55303	Beltane Gift
55304	Beltane Present
55305	Brown Bounty Helm
55306	Red Bounty Helm
55307	Pink Bounty Helm
55308	Orange Bounty Helm
55309	Yellow Bounty Helm
55310	Green Bounty Helm
55311	Turquoise Bounty Helm
55312	Blue Bounty Helm
55313	Purple Bounty Helm
55314	Black Bounty Helm
55315	White Bounty Helm
55316	Teal Bounty Helm
55317	Mauve Bounty Helm
55318	Relic Shard
55319	Red Mystical WC DNU
55320	Brown Mystical WC DNU
55321	Green Mystical WC DNU
55322	Blue Mystical WC DNU
55323	Yellow Mystical WC DNU
55324	Turquoise Mystical WC DNU
55325	Violet Mystical WC DNU
55326	Purple Mystical WC DNU
55327	Black Mystical WC DNU
55328	White Mystical WC DNU
55329	Celestial Red Mystical WC DNU
55330	Radiant Red Mystical WC DNU
55331	Celestial Brown Mystical WC DNU
55332	Radiant Brown Mystical WC DNU
55333	Celestial Green Mystical WC DNU
55334	Radiant Green Mystical WC DNU
55335	Celestial Blue Mystical WC DNU
55336	Radiant Blue Mystical WC DNU
55337	Celestial Yellow Mystical WC DNU
55338	Radiant Yellow Mystical WC DNU
55339	Celestial Turquoise Mystical WC DNU
55340	Radiant Turquoise Mystical WC DNU
55341	Celestial Violet Mystical WC DNU
55342	Radiant Violet Mystical WC DNU
55343	Celestial Purple Mystical WC DNU
55344	Radiant Purple Mystical WC DNU
55345	Celestial Black Mystical WC DNU
55346	Radiant Black Mystical WC DNU
55347	Celestial White Mystical WC DNU
55348	Radiant White Mystical WC DNU
55349	Red Argent WC DNU
55350	Brown Argent WC DNU
55351	Green Argent WC DNU
55352	Blue Argent WC DNU
55353	Yellow Argent WC DNU
55354	Turquoise Argent WC DNU
55355	Violet Argent WC DNU
55356	Purple Argent WC DNU
55357	Black Argent WC DNU
55358	White Argent WC DNU
55359	Celestial Red Argent WC DNU
55360	Radiant Red Argent WC DNU
55361	Celestial Brown Argent WC DNU
55362	Radiant Brown Argent WC DNU
55363	Celestial Green Argent WC DNU
55364	Radiant Green Argent WC DNU
55365	Celestial Blue Argent WC DNU
55366	Radiant Blue Argent WC DNU
55367	Celestial Yellow Argent WC DNU
55368	Radiant Yellow Argent WC DNU
55369	Celestial Turquoise Argent WC DNU
55370	Radiant Turquoise Argent WC DNU
55371	Celestial Violet Argent WC DNU
55372	Radiant Violet Argent WC DNU
55373	Celestial Purple Argent WC DNU
55374	Radiant Purple Argent WC DNU
55375	Celestial Black Argent WC DNU
55376	Radiant Black Argent WC DNU
55377	Celestial White Argent WC DNU
55378	Radiant White Argent WC DNU
55379	Red Elemental WC DNU
55380	Brown Elemental WC DNU
55381	Green Elemental WC DNU
55382	Blue Elemental WC DNU
55383	Yellow Elemental WC DNU
55384	Turquoise Elemental WC DNU
55385	Violet Elemental WC DNU
55386	Purple Elemental WC DNU
55387	Black Elemental WC DNU
55388	White Elemental WC DNU
55389	Celestial Red Elemental WC DNU
55390	Radiant Red Elemental WC DNU
55391	Celestial Brown Elemental WC DNU
55392	Radiant Brown Elemental WC DNU
55393	Celestial Green Elemental WC DNU
55394	Radiant Green Elemental WC DNU
55395	Celestial Blue Elemental WC DNU
55396	Radiant Blue Elemental WC DNU
55397	Celestial Yellow Elemental WC DNU
55398	Radiant Yellow Elemental WC DNU
55399	Celestial Turquoise Elemental WC DNU
55400	Radiant Turquoise Elemental WC DNU
55401	Celestial Violet Elemental WC DNU
55402	Radiant Violet Elemental WC DNU
55403	Celestial Purple Elemental WC DNU
55404	Radiant Purple Elemental WC DNU
55405	Celestial Black Elemental WC DNU
55406	Radiant Black Elemental WC DNU
55407	Celestial White Elemental WC DNU
55408	Radiant White Elemental WC DNU
55410	Cherished Spirit Cape
55411	Prized Spirit Cape
55412	Treasured Spirit Cape
55413	Revered Spirit Cape
55414	Hallowed Spirit Cape
55415	Idolised Spirit Cape
55416	Exalted Spirit Cape
55417	Ascendant Spirit Cape
55418	Ancient Relic Spirit Cape
55419	Fabled Relic Spirit Cape
55420	Primal Relic Spirit Cape
55421	Legendary Relic Spirit Cape
55422	Mythic Relic Spirit Cape
55436	Cherished Spirit Glider
55437	Prized Spirit Glider
55438	Treasured Spirit Glider
55439	Revered Spirit Glider
55440	Hallowed Spirit Glider
55441	Idolised Spirit Glider
55442	Exalted Spirit Glider
55443	Ascendant Spirit Glider
55444	Ancient Spirit Glider
55445	Fabled Spirit Glider
55446	Primal Spirit Glider
55447	Legendary Spirit Glider
55448	Mythic Spirit Glider
55501	Mallach's Bloodthorn Necklace
55502	Mallach's Bladeleaf Necklace
55503	Mallach's Frostroot Necklace
55504	Mallach's Stormleaf Necklace
55505	Mallach's Ironroot Necklace
55506	Mallach's Stonebark Necklace
55507	Mallach's Shrivewood Necklace
55508	Mallach's Spiritseed Necklace
55509	Cronach's Bloodthorn Necklace
55510	Cronach's Bladeleaf Necklace
55511	Cronach's Frostroot Necklace
55512	Cronach's Stormleaf Necklace
55513	Cronach's Ironroot Necklace
55514	Cronach's Stonebark Necklace
55515	Cronach's Shrivewood Necklace
55516	Cronach's Spiritseed Necklace
55517	Jalan's Bloodthorn Necklace
55518	Jalan's Bladeleaf Necklace
55519	Jalan's Frostroot Necklace
55520	Jalan's Stormleaf Necklace
55521	Jalan's Ironroot Necklace
55522	Jalan's Stonebark Necklace
55523	Jalan's Shrivewood Necklace
55524	Jalan's Spiritseed Necklace
55525	Skain's Bloodthorn Necklace
55526	Skain's Bladeleaf Necklace
55527	Skain's Frostroot Necklace
55528	Skain's Stormleaf Necklace
55529	Skain's Ironroot Necklace
55530	Skain's Stonebark Necklace
55531	Skain's Shrivewood Necklace
55532	Skain's Spiritseed Necklace
55533	Mallach's Bloodthorn Charm
55534	Mallach's Bladeleaf Charm
55535	Mallach's Frostroot Charm
55536	Mallach's Stormleaf Charm
55537	Mallach's Ironroot Charm
55538	Mallach's Stonebark Charm
55539	Mallach's Shrivewood Charm
55540	Mallach's Spiritseed Charm
55541	Cronach's Bloodthorn Charm
55542	Cronach's Bladeleaf Charm
55543	Cronach's Frostroot Charm
55544	Cronach's Stormleaf Charm
55545	Cronach's Ironroot Charm
55546	Cronach's Stonebark Charm
55547	Cronach's Shrivewood Charm
55548	Cronach's Spiritseed Charm
55549	Jalan's Bloodthorn Charm
55550	Jalan's Bladeleaf Charm
55551	Jalan's Frostroot Charm
55552	Jalan's Stormleaf Charm
55553	Jalan's Ironroot Charm
55554	Jalan's Stonebark Charm
55555	Jalan's Shrivewood Charm
55556	Jalan's Spiritseed Charm
55557	Skain's Bloodthorn Charm
55558	Skain's Bladeleaf Charm
55559	Skain's Frostroot Charm
55560	Skain's Stormleaf Charm
55561	Skain's Ironroot Charm
55562	Skain's Stonebark Charm
55563	Skain's Shrivewood Charm
55564	Skain's Spiritseed Charm
55565	Mallach's Bloodthorn Ring
55566	Mallach's Bladeleaf Ring
55567	Mallach's Frostroot Ring
55568	Mallach's Stormleaf Ring
55569	Mallach's Ironroot Ring
55570	Mallach's Stonebark Ring
55571	Mallach's Shrivewood Ring
55572	Mallach's Spiritseed Ring
55573	Cronach's Bloodthorn Ring
55574	Cronach's Bladeleaf Ring
55575	Cronach's Frostroot Ring
55576	Cronach's Stormleaf Ring
55577	Cronach's Ironroot Ring
55578	Cronach's Stonebark Ring
55579	Cronach's Shrivewood Ring
55580	Cronach's Spiritseed Ring
55581	Jalan's Bloodthorn Ring
55582	Jalan's Bladeleaf Ring
55583	Jalan's Frostroot Ring
55584	Jalan's Stormleaf Ring
55585	Jalan's Ironroot Ring
55586	Jalan's Stonebark Ring
55587	Jalan's Shrivewood Ring
55588	Jalan's Spiritseed Ring
55589	Skain's Bloodthorn Ring
55590	Skain's Bladeleaf Ring
55591	Skain's Frostroot Ring
55592	Skain's Stormleaf Ring
55593	Skain's Ironroot Ring
55594	Skain's Stonebark Ring
55595	Skain's Shrivewood Ring
55596	Skain's Spiritseed Ring
55597	Gleaming Flute
55598	Brilliant Flute
55599	Lustrous Flute
55600	Radiant Flute
55601	Resplendent Flute
55602	Gleaming Lute
55603	Brilliant Lute
55604	Lustrous Lute
55605	Radiant Lute
55606	Resplendent Lute
55607	Gleaming Bagpipes
55608	Brilliant Bagpipes
55609	Lustrous Bagpipes
55610	Radiant Bagpipes
55611	Resplendent Bagpipes
55612	Gleaming Drum
55613	Brilliant Drum
55614	Lustrous Drum
55615	Radiant Drum
55616	Resplendent Drum
55617	Sage's Beltane Flute
55618	Sage's Beltane Lute
55619	Sage's Beltane Bagpipes
55620	Sage's Beltane Drum
55621	Platinum Ard-Rath Wig
55622	Blond Ard-Rath Wig
55623	Dark Blond Ard-Rath Wig
55624	Light Brown Ard-Rath Wig
55625	Brown Ard-Rath Wig
55626	Dark Brown Ard-Rath Wig
55627	Flaming Orange Ard-Rath Wig
55628	Red Ard-Rath Wig
55629	Light Grey Ard-Rath Wig
55630	Dark Grey Ard-Rath Wig
55631	Black Ard-Rath Wig
55632	Pink Ard-Rath Wig
55633	White Ard-Rath Wig
55634	Dark Orchid Ard-Rath Wig
55635	Electric Blue Ard-Rath Wig
55636	Cyan Ard-Rath Wig
55637	Gold Ard-Rath Wig
55638	Green Ard-Rath Wig
55639	Dark Pink Ard-Rath Wig
55640	Powder Blue Ard-Rath Wig
55641	Ethereal Platinum Ard-Rath Wig
55642	Ethereal Blond Ard-Rath Wig
55643	Ethereal Dark Blond Ard-Rath Wig
55644	Ethereal Light Brown Ard-Rath Wig
55645	Ethereal Brown Ard-Rath Wig
55646	Ethereal Dark Brown Ard-Rath Wig
55647	Ethereal Flaming Orange Ard-Rath Wig
55648	Ethereal Red Ard-Rath Wig
55649	Ethereal Light Grey Ard-Rath Wig
55650	Ethereal Dark Grey Ard-Rath Wig
55651	Ethereal Black Ard-Rath Wig
55652	Ethereal Pink Ard-Rath Wig
55653	Ethereal White Ard-Rath Wig
55654	Ethereal Dark Orchid Ard-Rath Wig
55655	Ethereal Electric Blue Ard-Rath Wig
55656	Ethereal Cyan Ard-Rath Wig
55657	Ethereal Gold Ard-Rath Wig
55658	Ethereal Green Ard-Rath Wig
55659	Ethereal Dark Pink Ard-Rath Wig
55660	Ethereal Powder Blue Ard-Rath Wig
55661	Glistening Platinum Ard-Rath Wig
55662	Glistening Blond Ard-Rath Wig
55663	Glistening Dark Blond Ard-Rath Wig
55664	Glistening Light Brown Ard-Rath Wig
55665	Glistening Brown Ard-Rath Wig
55666	Glistening Dark Brown Ard-Rath Wig
55667	Glistening Flaming Orange Ard-Rath Wig
55668	Glistening Red Ard-Rath Wig
55669	Glistening Light Grey Ard-Rath Wig
55670	Glistening Dark Grey Ard-Rath Wig
55671	Glistening Black Ard-Rath Wig
55672	Glistening Pink Ard-Rath Wig
55673	Glistening White Ard-Rath Wig
55674	Glistening Dark Orchid Ard-Rath Wig
55675	Glistening Electric Blue Ard-Rath Wig
55676	Glistening Cyan Ard-Rath Wig
55677	Glistening Gold Ard-Rath Wig
55678	Glistening Green Ard-Rath Wig
55679	Glistening Dark Pink Ard-Rath Wig
55680	Glistening Powder Blue Ard-Rath Wig
55696	Worn Antique Coin
55697	Tarnished Antique Coin
55698	Imperfect Antique Coin
55699	Ordinary Antique Coin
55700	Unusual Antique Coin
55701	Valuable Antique Coin
55702	Precious Antique Coin
55703	Priceless Antique Coin
55704	Black Enchanted Armour Charm
55705	Blue Enchanted Armour Charm
55706	White Enchanted Armour Charm
55707	Ethereal Purple Enchanted Armour Charm
55708	Blazing Yellow Enchanted Armour Charm
55709	Blazing Red Enchanted Armour Charm
55710	Red Cosmic Wizard Charm
55711	Blue Cosmic Wizard Charm
55712	Black Cosmic Wizard Charm
55713	Radiant Yellow Cosmic Wizard Charm
55714	Radiant White Cosmic Wizard Charm
55715	Radiant Black Cosmic Wizard Charm
55716	Bloodcry Brown Bounty Helm
55717	Bloodcry Red Bounty Helm
55718	Bloodcry Pink Bounty Helm
55719	Bloodcry Orange Bounty Helm
55720	Bloodcry Yellow Bounty Helm
55721	Bloodcry Green Bounty Helm
55722	Bloodcry Turquoise Bounty Helm
55723	Bloodcry Blue Bounty Helm
55724	Bloodcry Purple Bounty Helm
55725	Bloodcry Black Bounty Helm
55726	Bloodcry White Bounty Helm
55727	Bloodcry Teal Bounty Helm
55728	Bloodcry Mauve Bounty Helm
55729	Sage's Sack
55730	Minor Spirit Glider
55731	Lesser Spirit Glider
55732	Great Spirit Glider
55733	Minor Spirit Cape
55734	Lesser Spirit Cape
55735	Great Spirit Cape
55736	Skyglass Amulet of Sunlight
55737	Skyglass Amulet of Moonlight
55738	Skyglass Amulet of Starlight
55739	Skyglass Amulet of Twilight
55740	Skyprism Amulet of Sunlight
55741	Skyprism Amulet of Moonlight
55742	Skyprism Amulet of Starlight
55743	Skyprism Amulet of Twilight
55744	Skyglass Bracelet of Radiance
55745	Skyglass Bracelet of Splendor
55746	Skyglass Bracelet of Glory
55747	Skyglass Bracelet of Ascension
55748	Skyprism Bracelet of Radiance
55749	Skyprism Bracelet of Splendor
55750	Skyprism Bracelet of Glory
55751	Skyprism Bracelet of Ascension
55752	Skyglass Ring of the Zenith
55753	Skyglass Ring of the Meridian
55754	Skyprism Ring of the Zenith
55755	Skyprism Ring of the Meridian
55756	Sage's Bay Stallion
55757	Sage's Black Stallion
55758	Sage's White Stallion
55759	Bounty Pledge Set
55760	Sage's Bay Pony
55761	Sage's Black Pony
55762	Sage's White Pony
55763	Deadbone Fungus
55764	Bloodfire Fungus
55765	Blueshadow Fungus
55766	Despair Scroll
55767	Infernal Scroll
55768	Alchemical Scroll
55769	Summoning Scroll
55770	Forbidden Scroll
55771	Sage's Bay Colt
55772	Sage's Black Colt
55773	Sage's White Colt
55774	Bag of 20,000 Gold
55775	Bag of 50,000 Gold
55776	Red Nithsteed Guise
55777	Pink Nithsteed Guise
55778	Orange Nithsteed Guise
55779	Yellow Nithsteed Guise
55780	Green Nithsteed Guise
55781	Turquoise Nithsteed Guise
55782	Blue Nithsteed Guise
55783	Purple Nithsteed Guise
55784	Black Nithsteed Guise
55785	White Nithsteed Guise
55786	Spirited Red Nithsteed Guise
55787	Spirited Pink Nithsteed Guise
55788	Spirited Orange Nithsteed Guise
55789	Spirited Yellow Nithsteed Guise
55790	Spirited Green Nithsteed Guise
55791	Spirited Turquoise Nithsteed Guise
55792	Spirited Blue Nithsteed Guise
55793	Spirited Purple Nithsteed Guise
55794	Spirited Black Nithsteed Guise
55795	Spirited White Nithsteed Guise
55796	Spirited Teal Nithsteed Guise
55797	Spirited Mauve Nithsteed Guise
55798	Red Dark Rider Gloves
55799	Pink Dark Rider Gloves
55800	Orange Dark Rider Gloves
55801	Yellow Dark Rider Gloves
55802	Green Dark Rider Gloves
55803	Turquoise Dark Rider Gloves
55804	Blue Dark Rider Gloves
55805	Purple Dark Rider Gloves
55806	Black Dark Rider Gloves
55807	White Dark Rider Gloves
55808	Teal Dark Rider Gloves
55809	Mauve Dark Rider Gloves
55810	Red Dark Rider Leggings
55811	Pink Dark Rider Leggings
55812	Orange Dark Rider Leggings
55813	Yellow Dark Rider Leggings
55814	Green Dark Rider Leggings
55815	Turquoise Dark Rider Leggings
55816	Blue Dark Rider Leggings
55817	Purple Dark Rider Leggings
55818	Black Dark Rider Leggings
55819	White Dark Rider Leggings
55820	Teal Dark Rider Leggings
55821	Mauve Dark Rider Leggings
55822	Red Dark Rider Boots
55823	Pink Dark Rider Boots
55824	Orange Dark Rider Boots
55825	Yellow Dark Rider Boots
55826	Green Dark Rider Boots
55827	Turquoise Dark Rider Boots
55828	Blue Dark Rider Boots
55829	Purple Dark Rider Boots
55830	Black Dark Rider Boots
55831	White Dark Rider Boots
55832	Teal Dark Rider Boots
55833	Mauve Dark Rider Boots
55834	Red Dark Rider Tunic
55835	Pink Dark Rider Tunic
55836	Orange Dark Rider Tunic
55837	Yellow Dark Rider Tunic
55838	Green Dark Rider Tunic
55839	Turquoise Dark Rider Tunic
55840	Blue Dark Rider Tunic
55841	Purple Dark Rider Tunic
55842	Black Dark Rider Tunic
55843	White Dark Rider Tunic
55844	Teal Dark Rider Tunic
55845	Mauve Dark Rider Tunic
55846	Red Dark Rider Hat
55847	Pink Dark Rider Hat
55848	Orange Dark Rider Hat
55849	Yellow Dark Rider Hat
55850	Green Dark Rider Hat
55851	Turquoise Dark Rider Hat
55852	Blue Dark Rider Hat
55853	Purple Dark Rider Hat
55854	Black Dark Rider Hat
55855	White Dark Rider Hat
55856	Teal Dark Rider Hat
55857	Mauve Dark Rider Hat
55858	Blooddust Red Dark Rider Gloves
55859	Blooddust Pink Dark Rider Gloves
55860	Blooddust Orange Dark Rider Gloves
55861	Blooddust Yellow Dark Rider Gloves
55862	Blooddust Green Dark Rider Gloves
55863	Blooddust Turquoise Dark Rider Gloves
55864	Blooddust Blue Dark Rider Gloves
55865	Blooddust Purple Dark Rider Gloves
55866	Blooddust Black Dark Rider Gloves
55867	Blooddust White Dark Rider Gloves
55868	Blooddust Teal Dark Rider Gloves
55869	Blooddust Mauve Dark Rider Gloves
55870	Blooddust Red Dark Rider Leggings
55871	Blooddust Pink Dark Rider Leggings
55872	Blooddust Orange Dark Rider Leggings
55873	Blooddust Yellow Dark Rider Leggings
55874	Blooddust Green Dark Rider Leggings
55875	Blooddust Turquoise Dark Rider Leggings
55876	Blooddust Blue Dark Rider Leggings
55877	Blooddust Purple Dark Rider Leggings
55878	Blooddust Black Dark Rider Leggings
55879	Blooddust White Dark Rider Leggings
55880	Blooddust Teal Dark Rider Leggings
55881	Blooddust Mauve Dark Rider Leggings
55882	Blooddust Red Dark Rider Boots
55883	Blooddust Pink Dark Rider Boots
55884	Blooddust Orange Dark Rider Boots
55885	Blooddust Yellow Dark Rider Boots
55886	Blooddust Green Dark Rider Boots
55887	Blooddust Turquoise Dark Rider Boots
55888	Blooddust Blue Dark Rider Boots
55889	Blooddust Purple Dark Rider Boots
55890	Blooddust Black Dark Rider Boots
55891	Blooddust White Dark Rider Boots
55892	Blooddust Teal Dark Rider Boots
55893	Blooddust Mauve Dark Rider Boots
55894	Blooddust Red Dark Rider Tunic
55895	Blooddust Pink Dark Rider Tunic
55896	Blooddust Orange Dark Rider Tunic
55897	Blooddust Yellow Dark Rider Tunic
55898	Blooddust Green Dark Rider Tunic
55899	Blooddust Turquoise Dark Rider Tunic
55900	Blooddust Blue Dark Rider Tunic
55901	Blooddust Purple Dark Rider Tunic
55902	Blooddust Black Dark Rider Tunic
55903	Blooddust White Dark Rider Tunic
55904	Blooddust Teal Dark Rider Tunic
55905	Blooddust Mauve Dark Rider Tunic
55906	Blooddust Red Dark Rider Hat
55907	Blooddust Pink Dark Rider Hat
55908	Blooddust Orange Dark Rider Hat
55909	Blooddust Yellow Dark Rider Hat
55910	Blooddust Green Dark Rider Hat
55911	Blooddust Turquoise Dark Rider Hat
55912	Blooddust Blue Dark Rider Hat
55913	Blooddust Purple Dark Rider Hat
55914	Blooddust Black Dark Rider Hat
55915	Blooddust White Dark Rider Hat
55916	Blooddust Teal Dark Rider Hat
55917	Blooddust Mauve Dark Rider Hat
55918	Tears of Dread
55919	Scheming Lenses
55920	Corrupted Eyeballs
55921	Nexus Tears
55922	Nexus Lenses
55923	Nexus Eyeballs
55924	Piquant Pumpkin
55925	Delectable Pumpkin
55926	Scrumptious Pumpkin
55927	Unripe Pumpkin
55928	Sour Pumpkin
55929	Bitter Pumpkin
55930	Yellow Powder
55931	Green Powder
55932	Purple Powder
55933	Grey Powder
55934	Blue Powder
55935	Black Powder
55936	Minor Wildfire Scroll
55937	Lesser Wildfire Scroll
55938	Mystic Wildfire Scroll
55939	Greater Wildfire Scroll
55940	Grand Wildfire Scroll
55941	Mighty Wildfire Scroll
55942	Majestic Wildfire Scroll
55943	Royal Wildfire Scroll
55944	Imperial Wildfire Scroll
55945	Doch Gul Gauntlets of Myth
55946	Doch Gul Boots of Myth
55947	Doch Gul Helm of Myth
55948	Doch Gul Greaves of Myth
55949	Doch Gul Breastplate of Myth
55950	Doch Gul Wristguards of Myth
55951	Doch Gul Sandals of Myth
55952	Doch Gul Circlet of Myth
55953	Doch Gul Leggings of Myth
55954	Doch Gul Robe of Myth
55955	Doch Gul Vambraces of Myth
55956	Doch Gul Treads of Myth
55957	Doch Gul Hood of Myth
55958	Doch Gul Legguards of Myth
55959	Doch Gul Cuirass of Myth
55960	Doch Gul Gloves of Myth
55961	Doch Gul Shoes of Myth
55962	Doch Gul Hat of Myth
55963	Doch Gul Skirt of Myth
55964	Doch Gul Gown of Myth
55965	Doch Gul Handwraps of Myth
55966	Doch Gul Footguards of Myth
55967	Doch Gul Cowl of Myth
55968	Doch Gul Breeches of Myth
55969	Doch Gul Jerkin of Myth
55970	Minor Banshee Blade
55971	Lesser Banshee Blade
55972	Mystic Banshee Blade
55973	Greater Banshee Blade
55974	Grand Banshee Blade
55975	Mighty Banshee Blade
55976	Majestic Banshee Blade
55977	Royal Banshee Blade
55978	Imperial Banshee Blade
55979	Godly Banshee Blade
55980	Glistening Minor Banshee Blade
55981	Glistening Lesser Banshee Blade
55982	Glistening Mystic Banshee Blade
55983	Glistening Greater Banshee Blade
55984	Glistening Grand Banshee Blade
55985	Glistening Mighty Banshee Blade
55986	Glistening Majestic Banshee Blade
55987	Glistening Royal Banshee Blade
55988	Glistening Imperial Banshee Blade
55989	Glistening Godly Banshee Blade
55990	Tarnished Phantomblade
55991	Base Phantomblade
55992	Standard Phantomblade
55993	Principal Phantomblade
55994	Vital Phantomblade
55995	Primary Phantomblade
55996	Crucial Phantomblade
55997	Essential Phantomblade
55998	Ethereal Phantomblade
55999	Celestial Phantomblade
56000	DNU Eternal Phantomblade
56001	Mystical Casting Runes
56002	Bloodstained Casting Runes
56003	Imbued Casting Runes
56004	Cursed Casting Runes
56005	Charred Casting Runes
56006	Engraved Casting Runes
56007	Red Archfiend Guise
56008	Pink Archfiend Guise
56009	Orange Archfiend Guise
56010	Yellow Archfiend Guise
56011	Green Archfiend Guise
56012	Turquoise Archfiend Guise
56013	Blue Archfiend Guise
56014	Purple Archfiend Guise
56015	Black Archfiend Guise
56016	White Archfiend Guise
56017	Spirited Red Archfiend Guise
56018	Spirited Pink Archfiend Guise
56019	Spirited Orange Archfiend Guise
56020	Spirited Yellow Archfiend Guise
56021	Spirited Green Archfiend Guise
56022	Spirited Turquoise Archfiend Guise
56023	Spirited Blue Archfiend Guise
56024	Spirited Purple Archfiend Guise
56025	Spirited Black Archfiend Guise
56026	Spirited White Archfiend Guise
56027	Spirited Teal Archfiend Guise
56028	Spirited Mauve Archfiend Guise
56029	Red Duskcrow Guise
56030	Pink Duskcrow Guise
56031	Orange Duskcrow Guise
56032	Yellow Duskcrow Guise
56033	Green Duskcrow Guise
56034	Turquoise Duskcrow Guise
56035	Blue Duskcrow Guise
56036	Purple Duskcrow Guise
56037	Black Duskcrow Guise
56038	White Duskcrow Guise
56039	Spirited Red Duskcrow Guise
56040	Spirited Pink Duskcrow Guise
56041	Spirited Orange Duskcrow Guise
56042	Spirited Yellow Duskcrow Guise
56043	Spirited Green Duskcrow Guise
56044	Spirited Turquoise Duskcrow Guise
56045	Spirited Blue Duskcrow Guise
56046	Spirited Purple Duskcrow Guise
56047	Spirited Black Duskcrow Guise
56048	Spirited White Duskcrow Guise
56049	Spirited Teal Duskcrow Guise
56050	Spirited Mauve Duskcrow Guise
56051	Pet Token
56052	Uncommon Pet Token
56053	Rare Pet Token
56054	Gelebron's Ruin
56055	Horrible Bones
56056	Terrible Bones
56057	Dreadful Bones
56058	Deathly Bones
56059	Bloodcult Bones
56060	Tattletales Bones
56061	Snitches Bones
56062	Squealers Bones
56063	Deceivers Bones
56064	Betrayers Bones
56065	Pagan Bones
56066	Dissenters Bones
56067	Recreant Bones
56068	Cutthroats Bones
56069	Deserters Bones
56070	Turncoats Bones
56071	Murderers Bones
56072	Treasonists Bones
56073	Cultists Bones
56074	Dark Priests Bones
56075	Apostate Bones
56076	Skeptics Bones
56077	Heretics Bones
56078	Necromancers Bones
56079	Crystal of Pure Symmetry
56080	Stone of the Anointed
56081	Godly Ring of Pure Symmetry
56082	Imperial Ring of Pure Symmetry
56083	Royal Ring of Pure Symmetry
56084	Majestic Ring of Pure Symmetry
56085	Mighty Ring of Pure Symmetry
56086	Grand Ring of Pure Symmetry
56087	Greater Ring of Pure Symmetry
56088	Mystic Ring of Pure Symmetry
56089	Lesser Ring of Pure Symmetry
56090	Minor Ring of Pure Symmetry
56091	Base Ring of Pure Symmetry
56092	Godly Band of the Anointed
56093	Imperial Band of the Anointed
56094	Royal Band of the Anointed
56095	Majestic Band of the Anointed
56096	Mighty Band of the Anointed
56097	Grand Band of the Anointed
56098	Greater Band of the Anointed
56099	Mystic Band of the Anointed
56100	Lesser Band of the Anointed
56101	Minor Band of the Anointed
56102	Base Band of the Anointed
56106	Nithsteed of Oblivion
56107	Armoured Nithsteed of Oblivion
56108	Shadowsteed of Oblivion
56109	Ironclad Shadowsteed of Oblivion
56110	Eldritchsteed of Oblivion
56111	Steelclad Elritchsteed of Oblivion
56112	Cherished Crowspine Skirr
56113	Prized Crowspine Skirr
56114	Treasured Crowspine Skirr
56115	Revered Crowspine Skirr
56116	Hallowed Crowspine Skirr
56117	Idolised Crowspine Skirr
56118	Exalted Crowspine Skirr
56119	Crowspine Skirr of Dreams
56120	Crowspine Skirr of Haunting
56121	Crowspine Skirr of Nightmares
56122	Ancient Crowspine Skirr
56123	Fabled Crowspine Skirr
56124	Primal Crowspine Skirr
56125	Legendary Crowspine Skirr
56126	Mythic Crowspine Skirr
56127	DNU
56128	DNU
56129	DNU
56130	DNU
56131	DNU
56132	DNU
56133	DNU
56134	DNU
56135	DNU
56136	DNU
56137	DNU
56138	DNU
56139	DNU
56140	DNU
56141	DNU
56142	Archfiend Wings of Dreams
56143	Archfiend Wings of Haunting
56144	Archfiend Wings of Nightmares
56145	Ancient Relic Archfiend Wings
56146	Fabled Relic Archfiend Wings
56147	Primal Relic Archfiend Wings
56148	Legendary Relic Archfiend Wings
56149	Mythic Relic Archfiend Wings
56150	Ascendant Archfiend Wings
56151	DNU
56152	DNU
56153	Bloodcold Cadaver Crow
56154	Darksea Cadaver Crow
56155	Magisters Cadaver Crow
56156	Ascendant Cadaver Crow
56157	Conflux of Legends
56158	Conflux of Folklore
56159	Conflux of Mythos
56160	Conflux of Fables
56161	Conflux of Sagas
56162	Mighty Aetheric Ring of Pummel
56163	Mighty Aetheric Ring of Giant Swing
56164	Mighty Aetheric Ring of Rupture
56165	Mighty Aetheric Ring of Assassinate
56166	Mighty Aetheric Ring of Sneaky Attack
56167	Mighty Aetheric Ring of Quick Strike
56168	Mighty Aetheric Ring of Sharp Shot
56169	Mighty Aetheric Ring of Longshot
56170	Mighty Aetheric Ring of Light Heal
56171	Mighty Aetheric Ring of Lightning Strike
56172	Mighty Aetheric Ring of Storm Touch
56173	Mighty Aetheric Ring of Natures Touch
56174	Mighty Aetheric Ring of Natures Breath
56175	Mighty Aetheric Ring of Firebolt
56176	Mighty Aetheric Ring of Firestorm
56177	Mighty Aetheric Ring of Ice Shards
56178	Mighty Aetheric Ring of Ice Blast
56179	Majestic Aetheric Ring of Pummel
56180	Majestic Aetheric Ring of Giant Swing
56181	Majestic Aetheric Ring of Rupture
56182	Majestic Aetheric Ring of Assassinate
56183	Majestic Aetheric Ring of Sneaky Attack
56184	Majestic Aetheric Ring of Quick Strike
56185	Majestic Aetheric Ring of Sharp Shot
56186	Majestic Aetheric Ring of Longshot
56187	Majestic Aetheric Ring of Light Heal
56188	Majestic Aetheric Ring of Lightning Strike
56189	Majestic Aetheric Ring of Storm Touch
56190	Majestic Aetheric Ring of Natures Touch
56191	Majestic Aetheric Ring of Natures Breath
56192	Majestic Aetheric Ring of Firebolt
56193	Majestic Aetheric Ring of Firestorm
56194	Majestic Aetheric Ring of Ice Shards
56195	Majestic Aetheric Ring of Ice Blast
56196	Royal Aetheric Ring of Pummel
56197	Royal Aetheric Ring of Giant Swing
56198	Royal Aetheric Ring of Rupture
56199	Royal Aetheric Ring of Assassinate
56200	Royal Aetheric Ring of Sneaky Attack
56201	Royal Aetheric Ring of Quick Strike
56202	Royal Aetheric Ring of Sharp Shot
56203	Royal Aetheric Ring of Longshot
56204	Royal Aetheric Ring of Light Heal
56205	Royal Aetheric Ring of Lightning Strike
56206	Royal Aetheric Ring of Storm Touch
56207	Royal Aetheric Ring of Natures Touch
56208	Royal Aetheric Ring of Natures Breath
56209	Royal Aetheric Ring of Firebolt
56210	Royal Aetheric Ring of Firestorm
56211	Royal Aetheric Ring of Ice Shards
56212	Royal Aetheric Ring of Ice Blast
56213	Imperial Aetheric Ring of Pummel
56214	Imperial Aetheric Ring of Giant Swing
56215	Imperial Aetheric Ring of Rupture
56216	Imperial Aetheric Ring of Assassinate
56217	Imperial Aetheric Ring of Sneaky Attack
56218	Imperial Aetheric Ring of Quick Strike
56219	Imperial Aetheric Ring of Sharp Shot
56220	Imperial Aetheric Ring of Longshot
56221	Imperial Aetheric Ring of Light Heal
56222	Imperial Aetheric Ring of Lightning Strike
56223	Imperial Aetheric Ring of Storm Touch
56224	Imperial Aetheric Ring of Natures Touch
56225	Imperial Aetheric Ring of Natures Breath
56226	Imperial Aetheric Ring of Firebolt
56227	Imperial Aetheric Ring of Firestorm
56228	Imperial Aetheric Ring of Ice Shards
56229	Imperial Aetheric Ring of Ice Blast
56230	Godly Aetheric Ring of Pummel
56231	Godly Aetheric Ring of Giant Swing
56232	Godly Aetheric Ring of Rupture
56233	Godly Aetheric Ring of Assassinate
56234	Godly Aetheric Ring of Sneaky Attack
56235	Godly Aetheric Ring of Quick Strike
56236	Godly Aetheric Ring of Sharp Shot
56237	Godly Aetheric Ring of Longshot
56238	Godly Aetheric Ring of Light Heal
56239	Godly Aetheric Ring of Lightning Strike
56240	Godly Aetheric Ring of Storm Touch
56241	Godly Aetheric Ring of Natures Touch
56242	Godly Aetheric Ring of Natures Breath
56243	Godly Aetheric Ring of Firebolt
56244	Godly Aetheric Ring of Firestorm
56245	Godly Aetheric Ring of Ice Shards
56246	Godly Aetheric Ring of Ice Blast
56247	Mighty Aetheric Band of Chivalry
56248	Mighty Aetheric Band of Havoc
56249	Mighty Aetheric Band of Carnage
56250	Mighty Aetheric Band of the Strategist
56251	Mighty Aetheric Band of Treachery
56252	Mighty Aetheric Band of Ingenuity
56253	Mighty Aetheric Band of Deadly Ambush
56254	Mighty Aetheric Band of Assassin's Blades
56255	Mighty Aetheric Band of Raining Arrows
56256	Mighty Aetheric Band of Cruel Barbs
56257	Mighty Aetheric Band of Unerring Accuracy
56258	Mighty Aetheric Band of Tenacity
56259	Mighty Aetheric Band of Dancing Flames
56260	Mighty Aetheric Band of the Meteor
56261	Mighty Aetheric Band of the Storm's Eye
56262	Mighty Aetheric Band of Frozen Desolation
56263	Mighty Aetheric Band of Nature's Sanctuary
56264	Mighty Aetheric Band of Earth and Sky
56265	Mighty Aetheric Band of Sheltering
56266	Mighty Aetheric Band of the Clear Sky
56267	Majestic Aetheric Band of Chivalry
56268	Majestic Aetheric Band of Havoc
56269	Majestic Aetheric Band of Carnage
56270	Majestic Aetheric Band of the Strategist
56271	Majestic Aetheric Band of Treachery
56272	Majestic Aetheric Band of Ingenuity
56273	Majestic Aetheric Band of Deadly Ambush
56274	Majestic Aetheric Band of Assassin's Blades
56275	Majestic Aetheric Band of Raining Arrows
56276	Majestic Aetheric Band of Cruel Barbs
56277	Majestic Aetheric Band of Unerring Accuracy
56278	Majestic Aetheric Band of Tenacity
56279	Majestic Aetheric Band of Dancing Flames
56280	Majestic Aetheric Band of the Meteor
56281	Majestic Aetheric Band of the Storm's Eye
56282	Majestic Aetheric Band of Frozen Desolation
56283	Majestic Aetheric Band of Nature's Sanctuary
56284	Majestic Aetheric Band of Earth and Sky
56285	Majestic Aetheric Band of Sheltering
56286	Majestic Aetheric Band of the Clear Sky
56287	Royal Aetheric Band of Chivalry
56288	Royal Aetheric Band of Havoc
56289	Royal Aetheric Band of Carnage
56290	Royal Aetheric Band of the Strategist
56291	Royal Aetheric Band of Treachery
56292	Royal Aetheric Band of Ingenuity
56293	Royal Aetheric Band of Deadly Ambush
56294	Royal Aetheric Band of Assassin's Blades
56295	Royal Aetheric Band of Raining Arrows
56296	Royal Aetheric Band of Cruel Barbs
56297	Royal Aetheric Band of Unerring Accuracy
56298	Royal Aetheric Band of Tenacity
56299	Royal Aetheric Band of Dancing Flames
56300	Royal Aetheric Band of the Meteor
56301	Royal Aetheric Band of the Storm's Eye
56302	Royal Aetheric Band of Frozen Desolation
56303	Royal Aetheric Band of Nature's Sanctuary
56304	Royal Aetheric Band of Earth and Sky
56305	Royal Aetheric Band of Sheltering
56306	Royal Aetheric Band of the Clear Sky
56307	Imperial Aetheric Band of Chivalry
56308	Imperial Aetheric Band of Havoc
56309	Imperial Aetheric Band of Carnage
56310	Imperial Aetheric Band of the Strategist
56311	Imperial Aetheric Band of Treachery
56312	Imperial Aetheric Band of Ingenuity
56313	Imperial Aetheric Band of Deadly Ambush
56314	Imperial Aetheric Band of Assassin's Blades
56315	Imperial Aetheric Band of Raining Arrows
56316	Imperial Aetheric Band of Cruel Barbs
56317	Imperial Aetheric Band of Unerring Accuracy
56318	Imperial Aetheric Band of Tenacity
56319	Imperial Aetheric Band of Dancing Flames
56320	Imperial Aetheric Band of the Meteor
56321	Imperial Aetheric Band of the Storm's Eye
56322	Imperial Aetheric Band of Frozen Desolation
56323	Imperial Aetheric Band of Nature's Sanctuary
56324	Imperial Aetheric Band of Earth and Sky
56325	Imperial Aetheric Band of Sheltering
56326	Imperial Aetheric Band of the Clear Sky
56327	Godly Aetheric Band of Chivalry
56328	Godly Aetheric Band of Havoc
56329	Godly Aetheric Band of Carnage
56330	Godly Aetheric Band of the Strategist
56331	Godly Aetheric Band of Treachery
56332	Godly Aetheric Band of Ingenuity
56333	Godly Aetheric Band of Deadly Ambush
56334	Godly Aetheric Band of Assassin's Blades
56335	Godly Aetheric Band of Raining Arrows
56336	Godly Aetheric Band of Cruel Barbs
56337	Godly Aetheric Band of Unerring Accuracy
56338	Godly Aetheric Band of Tenacity
56339	Godly Aetheric Band of Dancing Flames
56340	Godly Aetheric Band of the Meteor
56341	Godly Aetheric Band of the Storm's Eye
56342	Godly Aetheric Band of Frozen Desolation
56343	Godly Aetheric Band of Nature's Sanctuary
56344	Godly Aetheric Band of Earth and Sky
56345	Godly Aetheric Band of Sheltering
56346	Godly Aetheric Band of the Clear Sky
56347	Dark Axe of Solar Flames
56348	Dark Axe of Lunar Frost
56349	Dark Axe of Celestial Might
56350	Dark Blade of Solar Flames
56351	Dark Blade of Lunar Frost
56352	Dark Blade of Celestial Might
56353	Dark Bow of Solar Flames
56354	Dark Bow of Lunar Frost
56355	Dark Bow of Celestial Might
56356	Dark Wand of Solar Bolt
56357	Dark Wand of Solar Storm
56358	Dark Wand of Lunar Shards
56359	Dark Wand of Lunar Blast
56360	Dark Totem of Celestial Strike
56361	Dark Totem of Celestial Touch
56362	Dark Totem of Aetheric Touch
56363	Dark Totem of Aetheric Breath
56364	Shadow Axe of Solar Flames
56365	Shadow Axe of Lunar Frost
56366	Shadow Axe of Celestial Might
56367	Shadow Blade of Solar Flames
56368	Shadow Blade of Lunar Frost
56369	Shadow Blade of Celestial Might
56370	Shadow Bow of Solar Flames
56371	Shadow Bow of Lunar Frost
56372	Shadow Bow of Celestial Might
56373	Shadow Wand of Solar Bolt
56374	Shadow Wand of Solar Storm
56375	Shadow Wand of Lunar Shards
56376	Shadow Wand of Lunar Blast
56377	Shadow Totem of Celestial Strike
56378	Shadow Totem of Celestial Touch
56379	Shadow Totem of Aetheric Touch
56380	Shadow Totem of Aetheric Breath
56381	Void Axe of Solar Flames
56382	Void Axe of Lunar Frost
56383	Void Axe of Celestial Might
56384	Void Blade of Solar Flames
56385	Void Blade of Lunar Frost
56386	Void Blade of Celestial Might
56387	Void Bow of Solar Flames
56388	Void Bow of Lunar Frost
56389	Void Bow of Celestial Might
56390	Void Wand of Solar Bolt
56391	Void Wand of Solar Storm
56392	Void Wand of Lunar Shards
56393	Void Wand of Lunar Blast
56394	Void Totem of Celestial Strike
56395	Void Totem of Celestial Touch
56396	Void Totem of Aetheric Touch
56397	Void Totem of Aetheric Breath
56398	Exquisite Crystal of Pure Symmetry
56399	Exquisite Stone of the Anointed
56400	Flawless Crystal of Pure Symmetry
56401	Flawless Stone of the Anointed
56402	Srak's Blood Moonstone Ring
56403	Srak's Flaming Moonstone Ring
56404	Hawn's Blood Moonstone Ring
56405	Hawn's Flaming Moonstone Ring
56406	Paradai's Blood Moonstone Ring
56407	Paradai's Flaming Moonstone Ring
56408	Paradai's Blazing Moonstone Ring
56409	Osan's Blood Moonstone Ring
56410	Osan's Flaming Moonstone Ring
56411	Osan's Blazing Moonstone Ring
56412	Srak's Blood Jewel Ring
56413	Srak's Flaming Jewel Ring
56414	Hawn's Blood Jewel Ring
56415	Hawn's Flaming Jewel Ring
56416	Paradai's Blood Jewel Ring
56417	Paradai's Flaming Jewel Ring
56418	Paradai's Blazing Jewel Ring
56419	Osan's Blood Jewel Ring
56420	Osan's Flaming Jewel Ring
56421	Osan's Blazing Jewel Ring
56422	Srak's Blood Gem Ring
56423	Srak's Flaming Gem Ring
56424	Hawn's Blood Gem Ring
56425	Hawn's Flaming Gem Ring
56426	Paradai's Blood Gem Ring
56427	Paradai's Flaming Gem Ring
56428	Paradai's Blazing Gem Ring
56429	Osan's Blood Gem Ring
56430	Osan's Flaming Gem Ring
56431	Osan's Blazing Gem Ring
56432	Srak's Blood Ruby Ring
56433	Srak's Flaming Ruby Ring
56434	Hawn's Blood Ruby Ring
56435	Hawn's Flaming Ruby Ring
56436	Paradai's Blood Ruby Ring
56437	Paradai's Flaming Ruby Ring
56438	Paradai's Blazing Ruby Ring
56439	Osan's Blood Ruby Ring
56440	Osan's Flaming Ruby Ring
56441	Osan's Blazing Ruby Ring
56442	Srak's Blood Opal Ring
56443	Srak's Flaming Opal Ring
56444	Hawn's Blood Opal Ring
56445	Hawn's Flaming Opal Ring
56446	Paradai's Blood Opal Ring
56447	Paradai's Flaming Opal Ring
56448	Paradai's Blazing Opal Ring
56449	Osan's Blood Opal Ring
56450	Osan's Flaming Opal Ring
56451	Osan's Blazing Opal Ring
56452	Srak's Blood Starstone Ring
56453	Srak's Flaming Starstone Ring
56454	Hawn's Blood Starstone Ring
56455	Hawn's Flaming Starstone Ring
56456	Paradai's Blood Starstone Ring
56457	Paradai's Flaming Starstone Ring
56458	Paradai's Blazing Starstone Ring
56459	Osan's Blood Starstone Ring
56460	Osan's Flaming Starstone Ring
56461	Osan's Blazing Starstone Ring
56462	Srak's Blood Moonstone Band
56463	Srak's Flaming Moonstone Band
56464	Hawn's Blood Moonstone Band
56465	Hawn's Flaming Moonstone Band
56466	Paradai's Blood Moonstone Band
56467	Paradai's Flaming Moonstone Band
56468	Paradai's Blazing Moonstone Band
56469	Osan's Blood Moonstone Band
56470	Osan's Flaming Moonstone Band
56471	Osan's Blazing Moonstone Band
56472	Srak's Blood Jewel Band
56473	Srak's Flaming Jewel Band
56474	Hawn's Blood Jewel Band
56475	Hawn's Flaming Jewel Band
56476	Paradai's Blood Jewel Band
56477	Paradai's Flaming Jewel Band
56478	Paradai's Blazing Jewel Band
56479	Osan's Blood Jewel Band
56480	Osan's Flaming Jewel Band
56481	Osan's Blazing Jewel Band
56482	Srak's Blood Gem Band
56483	Srak's Flaming Gem Band
56484	Hawn's Blood Gem Band
56485	Hawn's Flaming Gem Band
56486	Paradai's Blood Gem Band
56487	Paradai's Flaming Gem Band
56488	Paradai's Blazing Gem Band
56489	Osan's Blood Gem Band
56490	Osan's Flaming Gem Band
56491	Osan's Blazing Gem Band
56492	Srak's Blood Ruby Band
56493	Srak's Flaming Ruby Band
56494	Hawn's Blood Ruby Band
56495	Hawn's Flaming Ruby Band
56496	Paradai's Blood Ruby Band
56497	Paradai's Flaming Ruby Band
56498	Paradai's Blazing Ruby Band
56499	Osan's Blood Ruby Band
56500	Osan's Flaming Ruby Band
56501	Osan's Blazing Ruby Band
56502	Srak's Blood Opal Band
56503	Srak's Flaming Opal Band
56504	Hawn's Blood Opal Band
56505	Hawn's Flaming Opal Band
56506	Paradai's Blood Opal Band
56507	Paradai's Flaming Opal Band
56508	Paradai's Blazing Opal Band
56509	Osan's Blood Opal Band
56510	Osan's Flaming Opal Band
56511	Osan's Blazing Opal Band
56512	Srak's Blood Starstone Band
56513	Srak's Flaming Starstone Band
56514	Hawn's Blood Starstone Band
56515	Hawn's Flaming Starstone Band
56516	Paradai's Blood Starstone Band
56517	Paradai's Flaming Starstone Band
56518	Paradai's Blazing Starstone Band
56519	Osan's Blood Starstone Band
56520	Osan's Flaming Starstone Band
56521	Osan's Blazing Starstone Band
56552	Srak's Blood Moonstone Bracelet
56553	Srak's Flaming Moonstone Bracelet
56554	Hawn's Blood Moonstone Bracelet
56555	Hawn's Flaming Moonstone Bracelet
56556	Paradai's Blood Moonstone Bracelet
56557	Paradai's Flaming Moonstone Bracelet
56558	Paradai's Blazing Moonstone Bracelet
56559	Osan's Blood Moonstone Bracelet
56560	Osan's Flaming Moonstone Bracelet
56561	Osan's Blazing Moonstone Bracelet
56562	Srak's Blood Jewel Bracelet
56563	Srak's Flaming Jewel Bracelet
56564	Hawn's Blood Jewel Bracelet
56565	Hawn's Flaming Jewel Bracelet
56566	Paradai's Blood Jewel Bracelet
56567	Paradai's Flaming Jewel Bracelet
56568	Paradai's Blazing Jewel Bracelet
56569	Osan's Blood Jewel Bracelet
56570	Osan's Flaming Jewel Bracelet
56571	Osan's Blazing Jewel Bracelet
56572	Srak's Blood Gem Bracelet
56573	Srak's Flaming Gem Bracelet
56574	Hawn's Blood Gem Bracelet
56575	Hawn's Flaming Gem Bracelet
56576	Paradai's Blood Gem Bracelet
56577	Paradai's Flaming Gem Bracelet
56578	Paradai's Blazing Gem Bracelet
56579	Osan's Blood Gem Bracelet
56580	Osan's Flaming Gem Bracelet
56581	Osan's Blazing Gem Bracelet
56582	Srak's Blood Ruby Bracelet
56583	Srak's Flaming Ruby Bracelet
56584	Hawn's Blood Ruby Bracelet
56585	Hawn's Flaming Ruby Bracelet
56586	Paradai's Blood Ruby Bracelet
56587	Paradai's Flaming Ruby Bracelet
56588	Paradai's Blazing Ruby Bracelet
56589	Osan's Blood Ruby Bracelet
56590	Osan's Flaming Ruby Bracelet
56591	Osan's Blazing Ruby Bracelet
56592	Srak's Blood Opal Bracelet
56593	Srak's Flaming Opal Bracelet
56594	Hawn's Blood Opal Bracelet
56595	Hawn's Flaming Opal Bracelet
56596	Paradai's Blood Opal Bracelet
56597	Paradai's Flaming Opal Bracelet
56598	Paradai's Blazing Opal Bracelet
56599	Osan's Blood Opal Bracelet
56600	Osan's Flaming Opal Bracelet
56601	Osan's Blazing Opal Bracelet
56602	Srak's Blood Starstone Bracelet
56603	Srak's Flaming Starstone Bracelet
56604	Hawn's Blood Starstone Bracelet
56605	Hawn's Flaming Starstone Bracelet
56606	Paradai's Blood Starstone Bracelet
56607	Paradai's Flaming Starstone Bracelet
56608	Paradai's Blazing Starstone Bracelet
56609	Osan's Blood Starstone Bracelet
56610	Osan's Flaming Starstone Bracelet
56611	Osan's Blazing Starstone Bracelet
56612	Srak's Blood Moonstone Necklace
56613	Srak's Flaming Moonstone Necklace
56614	Hawn's Blood Moonstone Necklace
56615	Hawn's Flaming Moonstone Necklace
56616	Paradai's Blood Moonstone Necklace
56617	Paradai's Flaming Moonstone Necklace
56618	Paradai's Blazing Moonstone Necklace
56619	Osan's Blood Moonstone Necklace
56620	Osan's Flaming Moonstone Necklace
56621	Osan's Blazing Moonstone Necklace
56622	Srak's Blood Jewel Necklace
56623	Srak's Flaming Jewel Necklace
56624	Hawn's Blood Jewel Necklace
56625	Hawn's Flaming Jewel Necklace
56626	Paradai's Blood Jewel Necklace
56627	Paradai's Flaming Jewel Necklace
56628	Paradai's Blazing Jewel Necklace
56629	Osan's Blood Jewel Necklace
56630	Osan's Flaming Jewel Necklace
56631	Osan's Blazing Jewel Necklace
56632	Srak's Blood Gem Necklace
56633	Srak's Flaming Gem Necklace
56634	Hawn's Blood Gem Necklace
56635	Hawn's Flaming Gem Necklace
56636	Paradai's Blood Gem Necklace
56637	Paradai's Flaming Gem Necklace
56638	Paradai's Blazing Gem Necklace
56639	Osan's Blood Gem Necklace
56640	Osan's Flaming Gem Necklace
56641	Osan's Blazing Gem Necklace
56642	Srak's Blood Ruby Necklace
56643	Srak's Flaming Ruby Necklace
56644	Hawn's Blood Ruby Necklace
56645	Hawn's Flaming Ruby Necklace
56646	Paradai's Blood Ruby Necklace
56647	Paradai's Flaming Ruby Necklace
56648	Paradai's Blazing Ruby Necklace
56649	Osan's Blood Ruby Necklace
56650	Osan's Flaming Ruby Necklace
56651	Osan's Blazing Ruby Necklace
56652	Srak's Blood Opal Necklace
56653	Srak's Flaming Opal Necklace
56654	Hawn's Blood Opal Necklace
56655	Hawn's Flaming Opal Necklace
56656	Paradai's Blood Opal Necklace
56657	Paradai's Flaming Opal Necklace
56658	Paradai's Blazing Opal Necklace
56659	Osan's Blood Opal Necklace
56660	Osan's Flaming Opal Necklace
56661	Osan's Blazing Opal Necklace
56662	Srak's Blood Starstone Necklace
56663	Srak's Flaming Starstone Necklace
56664	Hawn's Blood Starstone Necklace
56665	Hawn's Flaming Starstone Necklace
56666	Paradai's Blood Starstone Necklace
56667	Paradai's Flaming Starstone Necklace
56668	Paradai's Blazing Starstone Necklace
56669	Osan's Blood Starstone Necklace
56670	Osan's Flaming Starstone Necklace
56671	Osan's Blazing Starstone Necklace
56672	Doch Gul Set Bonus Warrior
56673	Doch Gul Set Bonus Druid
56674	Doch Gul Set Bonus Ranger
56675	Doch Gul Set Bonus Mage
56676	Doch Gul Set Bonus Rogue
56678	DNU Samhain2015 Wings 12
56679	Vital Perceptor Pendant of Vigilance
56680	Potent Perceptor Pendant of Vigilance
56681	Sanguine Perceptor Pendant of Vigilance
56682	Dynamic Perceptor Pendant of Vigilance
56683	Vital Perceptor Bracer of Vigilance
56684	Potent Perceptor Bracer of Vigilance
56685	Sanguine Perceptor Bracer of Vigilance
56686	Dynamic Perceptor Bracer of Vigilance
56687	Keen Perceptor Ring of Vigilance
56688	Honed Perceptor Ring of Vigilance
56689	Vital Perceptor Pendant of Perception
56690	Potent Perceptor Pendant of Perception
56691	Sanguine Perceptor Pendant of Perception
56692	Dynamic Perceptor Pendant of Perception
56693	Vital Perceptor Bracer of Perception
56694	Potent Perceptor Bracer of Perception
56695	Sanguine Perceptor Bracer of Perception
56696	Dynamic Perceptor Bracer of Perception
56697	Keen Perceptor Ring of Perception
56698	Honed Perceptor Ring of Perception
56699	Vital Perceptor Pendant of Gaze
56700	Potent Perceptor Pendant of Gaze
56701	Sanguine Perceptor Pendant of Gaze
56702	Dynamic Perceptor Pendant of Gaze
56703	Vital Perceptor Bracer of Gaze
56704	Potent Perceptor Bracer of Gaze
56705	Sanguine Perceptor Bracer of Gaze
56706	Dynamic Perceptor Bracer of Gaze
56707	Keen Perceptor Ring of Gaze
56708	Honed Perceptor Ring of Gaze
56710	Cracked Bear Claws
56711	Bear Claws
56712	Damaged Bear Pelt
56713	Fine Bear Pelt
56714	Nightrider Mystery Chest
56715	Rune of Fire
56716	Rune of Ice
56717	Rune of Lightning
56718	Shield Fissure
56720	Animtest Torso
56721	Animtest Cape
56722	Animtest Kilt
56723	Animtest Skirt
56724	Animtest Shoes
56725	Minor Paradigm Spyrestone Bracer
56726	Lesser Paradigm Spyrestone Bracer
56727	Mystic Paradigm Spyrestone Bracer
56728	Greater Paradigm Spyrestone Bracer
56729	Grand Paradigm Spyrestone Bracer
56730	Mighty Paradigm Spyrestone Bracer
56731	Majestic Paradigm Spyrestone Bracer
56732	Royal Paradigm Spyrestone Bracer
56733	Imperial Paradigm Spyrestone Bracer
56734	Godly Paradigm Spyrestone Bracer
56735	Lantern of Fortune
56736	Conflux of Pureness
56737	Box of Joy
56738	Box of Mirth
56739	Box of Glee
56740	Box of Contentment
56741	Box of Rapture
56742	Box of Delights
56744	Ula's Satchel
56745	Amulet of Cernunnos
56746	Heather Honey
56747	Meadow Honey
56748	Royal Honey
56749	Honey Balm
56750	DNU
56751	The First Verse
56752	The Second Verse
56753	The Third Verse
56754	The Fourth Verse
56755	The Fifth Verse
56756	The Final Verse
56757	Rose Writing Quill
56758	Flaxen Writing Quill
56759	Azure Writing Quill
56760	Verdant Writing Quill
56761	Rose Scent Bottle
56762	Flaxen Scent Bottle
56763	Azure Scent Bottle
56764	Verdant Scent Bottle
56765	Ginessa's Ring
56766	Ginessa's Brooch
56767	Ginessa's Pendant
56768	Ring Casket
56769	Coded Papers
56770	Sealed Flask
56771	Maps of Stonevale
56772	Damaged Codex
56773	Pyre Omen
56774	Ice Omen
56775	Toxoid Omen
56776	Root Omen
56777	DNU
56778	Pyre Coal
56779	Ember Coal
56780	Hearth Coal
56781	Scorched Tinder
56782	Fire Crystal
56783	Living Magma
56784	Bloodgrove Deeds
56785	Bloodgrove Codex
56786	Bloodgrove Ink
56787	Ginessa's Diary
56788	Ginessa's Codex
56789	Ginessa's Plans
56790	Bloodgrove Ritual
56791	Sapphire Mushroom
56792	Cerulean Mushroom
56793	Beryl Mushroom
56794	Nostrum
56795	Quiver of Plenty
56796	Finely Crafted Quiver of Plenty
56797	Quiver of Health
56798	Quiver of Energy
56799	Finely Crafted Axe of Carnage
56800	Mace of Virtue
56801	Finely Crafted Mace of Virtue
56802	Finely Crafted Eagle Chieftain Helm
56803	Hawk Guardian Helm
56804	Baselard
56805	Orb of Power
56806	Finely Crafted Baselard
56807	Finely Crafted Orb of Power
56808	Amulet of Health
56809	Amulet of Energy
56810	Amulet of Vigor
56811	Blade of Battle
56812	Finely Crafted Blade of Battle
56813	Finely Crafted Shield of Valour
56814	Shield of Valour
56815	Gloves of Haste
56816	Boots of Speed
56817	Finely Crafted Amulet of Health
56818	Finely Crafted Amulet of Energy
56819	Finely Crafted Focus of Health
56820	Finely Crafted Focus of Energy
56821	Battlemagic Helm
56822	Finely Crafted Warmagic Helm
56828	Heroic Amulet of Energy
56829	Heroic Amulet of Health
56830	Finely Crafted Quiver of Health
56831	Finely Crafted Quiver of Energy
56832	Quiver of Vigor
56833	Finely Crafted Quiver of Vigor
56834	Master Crafted Axe of Carnage
56835	Heroic Amulet of Vigor
56836	Finely Crafted Gloves of Haste
56837	Finely Crafted Boots of Speed
56838	Master Crafted Amulet of Health
56839	Master Crafted Amulet of Energy
56840	Finely Crafted Amulet of Vigor
56841	Master Crafted Amulet of Vigor
56842	Shield of Crowns DNU
56843	Master Crafted Shield of Health
56844	Master Crafted Focus of Health
56845	Finely Crafted Focus of Vigor
56846	Master Crafted Focus of Energy
56847	Master Crafted Focus of Vigor
56848	Master Crafted Gloves of Haste
56849	Master Crafted Boots of Speed
56850	Crown Shield of Energy
56851	Crown Shield of Vigor
56852	Master Crafted Shield of Energy
56853	Master Crafted Shield of Vigor
56854	Finely Crafted Bodkin of Health
56855	Finely Crafted Bodkin of Energy
56856	Finely Crafted Bodkin of Vigor
56857	Master Crafted Bodkin of Health
56858	Master Crafted Bodkin of Energy
56859	Master Crafted Bodkin of Vigor
56860	Crown Shield of Health
56861	Mighty Crown Shield of Health NEW
56862	Minor Vanguards Ring of the Summit
56863	Lesser Vanguards Ring of the Summit
56864	Mystic Vanguards Ring of the Summit
56865	Greater Vanguards Ring of the Summit
56866	Grand Vanguards Ring of the Summit
56867	Mighty Vanguards Ring of the Summit
56868	Majestic Vanguards Ring of the Summit
56869	Royal Vanguards Ring of the Summit
56870	Imperial Vanguards Ring of the Summit
56871	Godly Vanguards Ring of the Summit
56872	Minor Renegades Ring of the Ridge
56873	Lesser Renegades Ring of the Ridge
56874	Mystic Renegades Ring of the Ridge
56875	Greater Renegades Ring of the Ridge
56876	Grand Renegades Ring of the Ridge
56877	Mighty Renegades Ring of the Ridge
56878	Majestic Renegades Ring of the Ridge
56879	Royal Renegades Ring of the Ridge
56880	Imperial Renegades Ring of the Ridge
56881	Godly Renegades Ring of the Ridge
56882	Minor Archers Ring of the Mesa
56883	Lesser Archers Ring of the Mesa
56884	Mystic Archers Ring of the Mesa
56885	Greater Archers Ring of the Mesa
56886	Grand Archers Ring of the Mesa
56887	Mighty Archers Ring of the Mesa
56888	Majestic Archers Ring of the Mesa
56889	Royal Archers Ring of the Mesa
56890	Imperial Archers Ring of the Mesa
56891	Godly Archers Ring of the Mesa
56892	Minor Blightcasters Ring of the Crag
56893	Lesser Blightcasters Ring of the Crag
56894	Mystic Blightcasters Ring of the Crag
56895	Greater Blightcasters Ring of the Crag
56896	Grand Blightcasters Ring of the Crag
56897	Mighty Blightcasters Ring of the Crag
56898	Majestic Blightcasters Ring of the Crag
56899	Royal Blightcasters Ring of the Crag
56900	Imperial Blightcasters Ring of the Crag
56901	Godly Blightcasters Ring of the Crag
56902	Minor Infernocasters Ring of the Crag
56903	Lesser Infernocasters Ring of the Crag
56904	Mystic Infernocasters Ring of the Crag
56905	Greater Infernocasters Ring of the Crag
56906	Grand Infernocasters Ring of the Crag
56907	Mighty Infernocasters Ring of the Crag
56908	Majestic Infernocasters Ring of the Crag
56909	Royal Infernocasters Ring of the Crag
56910	Imperial Infernocasters Ring of the Crag
56911	Godly Infernocasters Ring of the Crag
56912	Minor Augurs Ring of the Sierra
56913	Lesser Augurs Ring of the Sierra
56914	Mystic Augurs Ring of the Sierra
56915	Greater Augurs Ring of the Sierra
56916	Grand Augurs Ring of the Sierra
56917	Mighty Augurs Ring of the Sierra
56918	Majestic Augurs Ring of the Sierra
56919	Royal Augurs Ring of the Sierra
56920	Imperial Augurs Ring of the Sierra
56921	Godly Augurs Ring of the Sierra
56922	Minor Vanguards Bracelet of the Summit
56923	Lesser Vanguards Bracelet of the Summit
56924	Mystic Vanguards Bracelet of the Summit
56925	Greater Vanguards Bracelet of the Summit
56926	Grand Vanguards Bracelet of the Summit
56927	Mighty Vanguards Bracelet of the Summit
56928	Majestic Vanguards Bracelet of the Summit
56929	Royal Vanguards Bracelet of the Summit
56930	Imperial Vanguards Bracelet of the Summit
56931	Godly Vanguards Bracelet of the Summit
56932	Minor Renegades Bracelet of the Ridge
56933	Lesser Renegades Bracelet of the Ridge
56934	Mystic Renegades Bracelet of the Ridge
56935	Greater Renegades Bracelet of the Ridge
56936	Grand Renegades Bracelet of the Ridge
56937	Mighty Renegades Bracelet of the Ridge
56938	Majestic Renegades Bracelet of the Ridge
56939	Royal Renegades Bracelet of the Ridge
56940	Imperial Renegades Bracelet of the Ridge
56941	Godly Renegades Bracelet of the Ridge
56942	Minor Archers Bracelet of the Mesa
56943	Lesser Archers Bracelet of the Mesa
56944	Mystic Archers Bracelet of the Mesa
56945	Greater Archers Bracelet of the Mesa
56946	Grand Archers Bracelet of the Mesa
56947	Mighty Archers Bracelet of the Mesa
56948	Majestic Archers Bracelet of the Mesa
56949	Royal Archers Bracelet of the Mesa
56950	Imperial Archers Bracelet of the Mesa
56951	Godly Archers Bracelet of the Mesa
56952	Minor Blightcasters Bracelet of the Crag
56953	Lesser Blightcasters Bracelet of the Crag
56954	Mystic Blightcasters Bracelet of the Crag
56955	Greater Blightcasters Bracelet of the Crag
56956	Grand Blightcasters Bracelet of the Crag
56957	Mighty Blightcasters Bracelet of the Crag
56958	Majestic Blightcasters Bracelet of the Crag
56959	Royal Blightcasters Bracelet of the Crag
56960	Imperial Blightcasters Bracelet of the Crag
56961	Godly Blightcasters Bracelet of the Crag
56962	Minor Infernocasters Bracelet of the Crag
56963	Lesser Infernocasters Bracelet of the Crag
56964	Mystic Infernocasters Bracelet of the Crag
56965	Greater Infernocasters Bracelet of the Crag
56966	Grand Infernocasters Bracelet of the Crag
56967	Mighty Infernocasters Bracelet of the Crag
56968	Majestic Infernocasters Bracelet of the Crag
56969	Royal Infernocasters Bracelet of the Crag
56970	Imperial Infernocasters Bracelet of the Crag
56971	Godly Infernocasters Bracelet of the Crag
56972	Minor Augurs Bracelet of the Sierra
56973	Lesser Augurs Bracelet of the Sierra
56974	Mystic Augurs Bracelet of the Sierra
56975	Greater Augurs Bracelet of the Sierra
56976	Grand Augurs Bracelet of the Sierra
56977	Mighty Augurs Bracelet of the Sierra
56978	Majestic Augurs Bracelet of the Sierra
56979	Royal Augurs Bracelet of the Sierra
56980	Imperial Augurs Bracelet of the Sierra
56981	Godly Augurs Bracelet of the Sierra
56982	Minor Vanguards Circlet of the Summit
56983	Lesser Vanguards Circlet of the Summit
56984	Mystic Vanguards Circlet of the Summit
56985	Greater Vanguards Circlet of the Summit
56986	Grand Vanguards Circlet of the Summit
56987	Mighty Vanguards Circlet of the Summit
56988	Majestic Vanguards Circlet of the Summit
56989	Royal Vanguards Circlet of the Summit
56990	Imperial Vanguards Circlet of the Summit
56991	Godly Vanguards Circlet of the Summit
56992	Minor Renegades Circlet of the Ridge
56993	Lesser Renegades Circlet of the Ridge
56994	Mystic Renegades Circlet of the Ridge
56995	Greater Renegades Circlet of the Ridge
56996	Grand Renegades Circlet of the Ridge
56997	Mighty Renegades Circlet of the Ridge
56998	Majestic Renegades Circlet of the Ridge
56999	Royal Renegades Circlet of the Ridge
57000	Imperial Renegades Circlet of the Ridge
57001	Godly Renegades Circlet of the Ridge
57002	Minor Archers Circlet of the Mesa
57003	Lesser Archers Circlet of the Mesa
57004	Mystic Archers Circlet of the Mesa
57005	Greater Archers Circlet of the Mesa
57006	Grand Archers Circlet of the Mesa
57007	Mighty Archers Circlet of the Mesa
57008	Majestic Archers Circlet of the Mesa
57009	Royal Archers Circlet of the Mesa
57010	Imperial Archers Circlet of the Mesa
57011	Godly Archers Circlet of the Mesa
57012	Minor Blightcasters Circlet of the Crag
57013	Lesser Blightcasters Circlet of the Crag
57014	Mystic Blightcasters Circlet of the Crag
57015	Greater Blightcasters Circlet of the Crag
57016	Grand Blightcasters Circlet of the Crag
57017	Mighty Blightcasters Circlet of the Crag
57018	Majestic Blightcasters Circlet of the Crag
57019	Royal Blightcasters Circlet of the Crag
57020	Imperial Blightcasters Circlet of the Crag
57021	Godly Blightcasters Circlet of the Crag
57022	Minor Infernocasters Circlet of the Crag
57023	Lesser Infernocasters Circlet of the Crag
57024	Mystic Infernocasters Circlet of the Crag
57025	Greater Infernocasters Circlet of the Crag
57026	Grand Infernocasters Circlet of the Crag
57027	Mighty Infernocasters Circlet of the Crag
57028	Majestic Infernocasters Circlet of the Crag
57029	Royal Infernocasters Circlet of the Crag
57030	Imperial Infernocasters Circlet of the Crag
57031	Godly Infernocasters Circlet of the Crag
57032	Minor Augurs Circlet of the Sierra
57033	Lesser Augurs Circlet of the Sierra
57034	Mystic Augurs Circlet of the Sierra
57035	Greater Augurs Circlet of the Sierra
57036	Grand Augurs Circlet of the Sierra
57037	Mighty Augurs Circlet of the Sierra
57038	Majestic Augurs Circlet of the Sierra
57039	Royal Augurs Circlet of the Sierra
57040	Imperial Augurs Circlet of the Sierra
57041	Godly Augurs Circlet of the Sierra
57042	Minor Maul Axe of Dor-Keln
57043	Lesser Maul Axe of Dor-Keln
57044	Mystic Maul Axe of Dor-Keln
57045	Greater Maul Axe of Dor-Keln
57046	Grand Maul Axe of Dor-Keln
57047	Mighty Maul Axe of Dor-Keln
57048	Majestic Maul Axe of Dor-Keln
57049	Royal Maul Axe of Dor-Keln
57050	Imperial Maul Axe of Dor-Keln
57051	Godly Maul Axe of Dor-Keln
57052	Minor Razor Dagger of Dor-Keln
57053	Lesser Razor Dagger of Dor-Keln
57054	Mystic Razor Dagger of Dor-Keln
57055	Greater Razor Dagger of Dor-Keln
57056	Grand Razor Dagger of Dor-Keln
57057	Mighty Razor Dagger of Dor-Keln
57058	Majestic Razor Dagger of Dor-Keln
57059	Royal Razor Dagger of Dor-Keln
57060	Imperial Razor Dagger of Dor-Keln
57061	Godly Razor Dagger of Dor-Keln
57062	Minor Havoc Bow of Dor-Keln
57063	Lesser Havoc Bow of Dor-Keln
57064	Mystic Havoc Bow of Dor-Keln
57065	Greater Havoc Bow of Dor-Keln
57066	Grand Havoc Bow of Dor-Keln
57067	Mighty Havoc Bow of Dor-Keln
57068	Majestic Havoc Bow of Dor-Keln
57069	Royal Havoc Bow of Dor-Keln
57070	Imperial Havoc Bow of Dor-Keln
57071	Godly Havoc Bow of Dor-Keln
57072	Minor Spirit Totem of Dor-Keln
57073	Lesser Spirit Totem of Dor-Keln
57074	Mystic Spirit Totem of Dor-Keln
57075	Greater Spirit Totem of Dor-Keln
57076	Grand Spirit Totem of Dor-Keln
57077	Mighty Spirit Totem of Dor-Keln
57078	Majestic Spirit Totem of Dor-Keln
57079	Royal Spirit Totem of Dor-Keln
57080	Imperial Spirit Totem of Dor-Keln
57081	Godly Spirit Totem of Dor-Keln
57082	Minor Blazewand of Dor-Keln
57083	Lesser Blazewand of Dor-Keln
57084	Mystic Blazewand of Dor-Keln
57085	Greater Blazewand of Dor-Keln
57086	Grand Blazewand of Dor-Keln
57087	Mighty Blazewand of Dor-Keln
57088	Majestic Blazewand of Dor-Keln
57089	Royal Blazewand of Dor-Keln
57090	Imperial Blazewand of Dor-Keln
57091	Godly Blazewand of Dor-Keln
57092	Minor Blightwand of Dor-Keln
57093	Lesser Blightwand of Dor-Keln
57094	Mystic Blightwand of Dor-Keln
57095	Greater Blightwand of Dor-Keln
57096	Grand Blightwand of Dor-Keln
57097	Mighty Blightwand of Dor-Keln
57098	Majestic Blightwand of Dor-Keln
57099	Royal Blightwand of Dor-Keln
57100	Imperial Blightwand of Dor-Keln
57101	Godly Blightwand of Dor-Keln
57102	Frostbreath Mystery Chest
57103	Red Sacred Auroral Gloves
57104	Pink Sacred Auroral Gloves
57105	Orange Sacred Auroral Gloves
57106	Yellow Sacred Auroral Gloves
57107	Green Sacred Auroral Gloves
57108	Turquoise Sacred Auroral Gloves
57109	Blue Sacred Auroral Gloves
57110	Purple Sacred Auroral Gloves
57111	Black Sacred Auroral Gloves
57112	White Sacred Auroral Gloves
57113	Teal Sacred Auroral Gloves
57114	Mauve Sacred Auroral Gloves
57115	Red Sacred Auroral Leggings
57116	Pink Sacred Auroral Leggings
57117	Orange Sacred Auroral Leggings
57118	Yellow Sacred Auroral Leggings
57119	Green Sacred Auroral Leggings
57120	Turquoise Sacred Auroral Leggings
57121	Blue Sacred Auroral Leggings
57122	Purple Sacred Auroral Leggings
57123	Black Sacred Auroral Leggings
57124	White Sacred Auroral Leggings
57125	Teal Sacred Auroral Leggings
57126	Mauve Sacred Auroral Leggings
57127	Red Sacred Auroral Boots
57128	Pink Sacred Auroral Boots
57129	Orange Sacred Auroral Boots
57130	Yellow Sacred Auroral Boots
57131	Green Sacred Auroral Boots
57132	Turquoise Sacred Auroral Boots
57133	Blue Sacred Auroral Boots
57134	Purple Sacred Auroral Boots
57135	Black Sacred Auroral Boots
57136	White Sacred Auroral Boots
57137	Teal Sacred Auroral Boots
57138	Mauve Sacred Auroral Boots
57139	Red Sacred Auroral Tunic
57140	Pink Sacred Auroral Tunic
57141	Orange Sacred Auroral Tunic
57142	Yellow Sacred Auroral Tunic
57143	Green Sacred Auroral Tunic
57144	Turquoise Sacred Auroral Tunic
57145	Blue Sacred Auroral Tunic
57146	Purple Sacred Auroral Tunic
57147	Black Sacred Auroral Tunic
57148	White Sacred Auroral Tunic
57149	Teal Sacred Auroral Tunic
57150	Mauve Sacred Auroral Tunic
57151	Red Sacred Auroral Hat
57152	Pink Sacred Auroral Hat
57153	Orange Sacred Auroral Hat
57154	Yellow Sacred Auroral Hat
57155	Green Sacred Auroral Hat
57156	Turquoise Sacred Auroral Hat
57157	Blue Sacred Auroral Hat
57158	Purple Sacred Auroral Hat
57159	Black Sacred Auroral Hat
57160	White Sacred Auroral Hat
57161	Teal Sacred Auroral Hat
57162	Mauve Sacred Auroral Hat
57163	Frostbreath Red Sacred Auroral Gloves
57164	Frostbreath Pink Sacred Auroral Gloves
57165	Frostbreath Orange Sacred Auroral Gloves
57166	Frostbreath Yellow Sacred Auroral Gloves
57167	Frostbreath Green Sacred Auroral Gloves
57168	Frostbreath Turquoise Sacred Auroral Gloves
57169	Frostbreath Blue Sacred Auroral Gloves
57170	Frostbreath Purple Sacred Auroral Gloves
57171	Frostbreath Black Sacred Auroral Gloves
57172	Frostbreath White Sacred Auroral Gloves
57173	Frostbreath Teal Sacred Auroral Gloves
57174	Frostbreath Mauve Sacred Auroral Gloves
57175	Frostbreath Red Sacred Auroral Leggings
57176	Frostbreath Pink Sacred Auroral Leggings
57177	Frostbreath Orange Sacred Auroral Leggings
57178	Frostbreath Yellow Sacred Auroral Leggings
57179	Frostbreath Green Sacred Auroral Leggings
57180	Frostbreath Turquoise Sacred Auroral Leggings
57181	Frostbreath Blue Sacred Auroral Leggings
57182	Frostbreath Purple Sacred Auroral Leggings
57183	Frostbreath Black Sacred Auroral Leggings
57184	Frostbreath White Sacred Auroral Leggings
57185	Frostbreath Teal Sacred Auroral Leggings
57186	Frostbreath Mauve Sacred Auroral Leggings
57187	Frostbreath Red Sacred Auroral Boots
57188	Frostbreath Pink Sacred Auroral Boots
57189	Frostbreath Orange Sacred Auroral Boots
57190	Frostbreath Yellow Sacred Auroral Boots
57191	Frostbreath Green Sacred Auroral Boots
57192	Frostbreath Turquoise Sacred Auroral Boots
57193	Frostbreath Blue Sacred Auroral Boots
57194	Frostbreath Purple Sacred Auroral Boots
57195	Frostbreath Black Sacred Auroral Boots
57196	Frostbreath White Sacred Auroral Boots
57197	Frostbreath Teal Sacred Auroral Boots
57198	Frostbreath Mauve Sacred Auroral Boots
57199	Frostbreath Red Sacred Auroral Tunic
57200	Frostbreath Pink Sacred Auroral Tunic
57201	Frostbreath Orange Sacred Auroral Tunic
57202	Frostbreath Yellow Sacred Auroral Tunic
57203	Frostbreath Green Sacred Auroral Tunic
57204	Frostbreath Turquoise Sacred Auroral Tunic
57205	Frostbreath Blue Sacred Auroral Tunic
57206	Frostbreath Purple Sacred Auroral Tunic
57207	Frostbreath Black Sacred Auroral Tunic
57208	Frostbreath White Sacred Auroral Tunic
57209	Frostbreath Teal Sacred Auroral Tunic
57210	Frostbreath Mauve Sacred Auroral Tunic
57211	Frostbreath Red Sacred Auroral Hat
57212	Frostbreath Pink Sacred Auroral Hat
57213	Frostbreath Orange Sacred Auroral Hat
57214	Frostbreath Yellow Sacred Auroral Hat
57215	Frostbreath Green Sacred Auroral Hat
57216	Frostbreath Turquoise Sacred Auroral Hat
57217	Frostbreath Blue Sacred Auroral Hat
57218	Frostbreath Purple Sacred Auroral Hat
57219	Frostbreath Black Sacred Auroral Hat
57220	Frostbreath White Sacred Auroral Hat
57221	Frostbreath Teal Sacred Auroral Hat
57222	Frostbreath Mauve Sacred Auroral Hat
57223	Ancient Cascade Windgliders
57224	Fabled Cascade Windgliders
57225	Primal Cascade Windgliders
57226	Legendary Cascade Windgliders
57227	Mythic Cascade Windgliders
57228	Ancient Grovehawk
57229	Fabled Grovehawk
57230	Primal Grovehawk
57231	Legendary Grovehawk
57232	Mythic Grovehawk
57234	Perpetual Flight of Replenishment
57235	Enduring Flight of Replenishment
57236	Everlasting Flight of Replenishment
57237	Ageless Flight of Replenishment
57238	Eternal Flight of Replenishment
57239	Perpetual Flight of Rejuvination
57240	Enduring Flight of Rejuvination
57241	Everlasting Flight of Rejuvination
57242	Ageless Flight of Rejuvination
57243	Eternal Flight of Rejuvination
57244	Perpetual Flight of Vitality
57245	Enduring Flight of Vitality
57246	Everlasting Flight of Vitality
57247	Ageless Flight of Vitality
57248	Eternal Flight of Vitality
57249	Perpetual Flight of Focus
57250	Enduring Flight of Focus
57251	Everlasting Flight of Focus
57252	Ageless Flight of Focus
57253	Eternal Flight of Focus
57254	Perpetual Flight of Guarding
57255	Enduring Flight of Guarding
57256	Everlasting Flight of Guarding
57257	Ageless Flight of Guarding
57258	Eternal Flight of Guarding
57259	Key Flight of Replenishment
57260	Sure Flight of Replenishment
57261	Certain Flight of Replenishment
57262	Strong Flight of Replenishment
57263	Hearty Flight of Replenishment
57264	Key Flight of Rejuvination
57265	Sure Flight of Rejuvination
57266	Certain Flight of Rejuvination
57267	Strong Flight of Rejuvination
57268	Hearty Flight of Rejuvination
57269	Key Flight of Vitality
57270	Sure Flight of Vitality
57271	Certain Flight of Vitality
57272	Strong Flight of Vitality
57273	Hearty Flight of Vitality
57274	Key Flight of Focus
57275	Sure Flight of Focus
57276	Certain Flight of Focus
57277	Strong Flight of Focus
57278	Hearty Flight of Focus
57279	Key Flight of Guarding
57280	Sure Flight of Guarding
57281	Certain Flight of Guarding
57282	Strong Flight of Guarding
57283	Hearty Flight of Guarding
57284	Kindred Spiritsteed
57285	Cranfir Spiritcolt
57286	Cranfir Spiritmare
57287	Cranfir Spiritcharger
57288	Revered Cranfir Spiritsteed
57289	Revered Cranfir Spiritcolt
57290	Revered Cranfir Spiritmare
57291	Revered Cranfir Spiritcharger
57292	Red Armoured Imp Charm
57293	Pink Armoured Imp Charm
57294	Yellow Armoured Imp Charm
57295	Turquoise Armoured Imp Charm
57296	Green Armoured Imp Charm
57297	Blue Armoured Imp Charm
57298	Teal Armoured Imp Charm
57299	Mauve Armoured Imp Charm
57300	Black Armoured Imp Charm
57301	White Armoured Imp Charm
57302	Kite of Destiny
57303	Red Eagle Crest
57304	Pink Eagle Crest
57305	Orange Eagle Crest
57306	Yellow Eagle Crest
57307	Green Eagle Crest
57308	Turquoise Eagle Crest
57309	Blue Eagle Crest
57310	Purple Eagle Crest
57311	Black Eagle Crest
57312	White Eagle Crest
57313	Frostbreath Red Eagle Crest
57314	Frostbreath Pink Eagle Crest
57315	Frostbreath Orange Eagle Crest
57316	Frostbreath Yellow Eagle Crest
57317	Frostbreath Green Eagle Crest
57318	Frostbreath Turquoise Eagle Crest
57319	Frostbreath Blue Eagle Crest
57320	Frostbreath Purple Eagle Crest
57321	Frostbreath Black Eagle Crest
57322	Frostbreath White Eagle Crest
57323	Frostbreath Teal Eagle Crest
57324	Frostbreath Mauve Eagle Crest
57325	Red Mountainbear Crest
57326	Pink Mountainbear Crest
57327	Orange Mountainbear Crest
57328	Yellow Mountainbear Crest
57329	Green Mountainbear Crest
57330	Turquoise Mountainbear Crest
57331	Blue Mountainbear Crest
57332	Purple Mountainbear Crest
57333	Black Mountainbear Crest
57334	White Mountainbear Crest
57335	Frostbreath Red Mountainbear Crest
57336	Frostbreath Pink Mountainbear Crest
57337	Frostbreath Orange Mountainbear Crest
57338	Frostbreath Yellow Mountainbear Crest
57339	Frostbreath Green Mountainbear Crest
57340	Frostbreath Turquoise Mountainbear Crest
57341	Frostbreath Blue Mountainbear Crest
57342	Frostbreath Purple Mountainbear Crest
57343	Frostbreath Black Mountainbear Crest
57344	Frostbreath White Mountainbear Crest
57345	Frostbreath Teal Mountainbear Crest
57346	Frostbreath Mauve Mountainbear Crest
57347	Red Spiritram Crest
57348	Pink Spiritram Crest
57349	Orange Spiritram Crest
57350	Yellow Spiritram Crest
57351	Green Spiritram Crest
57352	Turquoise Spiritram Crest
57353	Blue Spiritram Crest
57354	Purple Spiritram Crest
57355	Black Spiritram Crest
57356	White Spiritram Crest
57357	Frostbreath Red Spiritram Crest
57358	Frostbreath Pink Spiritram Crest
57359	Frostbreath Orange Spiritram Crest
57360	Frostbreath Yellow Spiritram Crest
57361	Frostbreath Green Spiritram Crest
57362	Frostbreath Turquoise Spiritram Crest
57363	Frostbreath Blue Spiritram Crest
57364	Frostbreath Purple Spiritram Crest
57365	Frostbreath Black Spiritram Crest
57366	Frostbreath White Spiritram Crest
57367	Frostbreath Teal Spiritram Crest
57368	Frostbreath Mauve Spiritram Crest
57370	Prized Grovehawk
57371	Treasured Grovehawk
57372	Revered Grovehawk
57373	Hallowed Grovehawk
57374	Idolised Grovehawk
57375	Exalted Grovehawk
57376	DNU
57377	Arc Grovehawk
57378	Cranfir Cracker
57379	Spirit of the Trees
57380	Essence of Creation
57381	Essence of Life
57382	Essence of Passing
57383	Winter Surprise
57384	Winter Wonder
57385	Ascendant Cascade Windgliders
57386	Arc Cascade Windgliders
57387	DNU
57388	DNU
57839	DNU
57840	Red Cranfir Present
57841	Blue Cranfir Present
57842	Purple Cranfir Present
57843	Mighty Orphic Ring of Frenzy
57844	Mighty Orphic Ring of Shield Wall
57845	Mighty Orphic Ring of Protective Stance
57846	Mighty Orphic Ring of Poison Weapon
57847	Mighty Orphic Ring of Quick Strike
57848	Mighty Orphic Ring of Expose Weakness
57849	Mighty Orphic Ring of Double Shot
57850	Mighty Orphic Ring of Sharpen Weapons
57851	Mighty Orphic Ring of Steady Aim
57852	Mighty Orphic Ring of Natures Touch
57853	Mighty Orphic Ring of Natures Breath
57854	Mighty Orphic Ring of Howling Wind
57855	Mighty Orphic Ring of Shield of Bark
57856	Mighty Orphic Ring of Lure of Fire
57857	Mighty Orphic Ring of Lure of Ice
57858	Mighty Orphic Ring of Fire Bolt
57859	Mighty Orphic Ring of Ice Shards
57860	Majestic Orphic Ring of Frenzy
57861	Majestic Orphic Ring of Shield Wall
57862	Majestic Orphic Ring of Protective Stance
57863	Majestic Orphic Ring of Poison Weapon
57864	Majestic Orphic Ring of Quick Strike
57865	Majestic Orphic Ring of Expose Weakness
57866	Majestic Orphic Ring of Double Shot
57867	Majestic Orphic Ring of Sharpen Weapons
57868	Majestic Orphic Ring of Steady Aim
57869	Majestic Orphic Ring of Natures Touch
57870	Majestic Orphic Ring of Natures Breath
57871	Majestic Orphic Ring of Howling Wind
57872	Majestic Orphic Ring of Shield of Bark
57873	Majestic Orphic Ring of Lure of Fire
57874	Majestic Orphic Ring of Lure of Ice
57875	Majestic Orphic Ring of Fire Bolt
57876	Majestic Orphic Ring of Ice Shards
57877	Royal Orphic Ring of Frenzy
57878	Royal Orphic Ring of Shield Wall
57879	Royal Orphic Ring of Protective Stance
57880	Royal Orphic Ring of Poison Weapon
57881	Royal Orphic Ring of Quick Strike
57882	Royal Orphic Ring of Expose Weakness
57883	Royal Orphic Ring of Double Shot
57884	Royal Orphic Ring of Sharpen Weapons
57885	Royal Orphic Ring of Steady Aim
57886	Royal Orphic Ring of Natures Touch
57887	Royal Orphic Ring of Natures Breath
57888	Royal Orphic Ring of Howling Wind
57889	Royal Orphic Ring of Shield of Bark
57890	Royal Orphic Ring of Lure of Fire
57891	Royal Orphic Ring of Lure of Ice
57892	Royal Orphic Ring of Fire Bolt
57893	Royal Orphic Ring of Ice Shards
57894	Imperial Orphic Ring of Frenzy
57895	Imperial Orphic Ring of Shield Wall
57896	Imperial Orphic Ring of Protective Stance
57897	Imperial Orphic Ring of Poison Weapon
57898	Imperial Orphic Ring of Quick Strike
57899	Imperial Orphic Ring of Expose Weakness
57900	Imperial Orphic Ring of Double Shot
57901	Imperial Orphic Ring of Sharpen Weapons
57902	Imperial Orphic Ring of Steady Aim
57903	Imperial Orphic Ring of Natures Touch
57904	Imperial Orphic Ring of Natures Breath
57905	Imperial Orphic Ring of Howling Wind
57906	Imperial Orphic Ring of Shield of Bark
57907	Imperial Orphic Ring of Lure of Fire
57908	Imperial Orphic Ring of Lure of Ice
57909	Imperial Orphic Ring of Fire Bolt
57910	Imperial Orphic Ring of Ice Shards
57911	Godly Orphic Ring of Frenzy
57912	Godly Orphic Ring of Shield Wall
57913	Godly Orphic Ring of Protective Stance
57914	Godly Orphic Ring of Poison Weapon
57915	Godly Orphic Ring of Quick Strike
57916	Godly Orphic Ring of Expose Weakness
57917	Godly Orphic Ring of Double Shot
57918	Godly Orphic Ring of Sharpen Weapons
57919	Godly Orphic Ring of Steady Aim
57920	Godly Orphic Ring of Natures Touch
57921	Godly Orphic Ring of Natures Breath
57922	Godly Orphic Ring of Howling Wind
57923	Godly Orphic Ring of Shield of Bark
57924	Godly Orphic Ring of Lure of Fire
57925	Godly Orphic Ring of Lure of Ice
57926	Godly Orphic Ring of Fire Bolt
57927	Godly Orphic Ring of Ice Shards
57928	Mighty Orphic Band of the Argent Blade
57929	Mighty Orphic Band of the Umbral Blade
57930	Mighty Orphic Band of the Crimson Blade
57931	Mighty Orphic Band of the Azure Blade
57932	Mighty Orphic Band of the Argent Core
57933	Mighty Orphic Band of the Umbral Core
57934	Mighty Orphic Band of the Crimson Core
57935	Mighty Orphic Band of the Azure Core
57936	Mighty Orphic Band of the Argent Shield
57937	Mighty Orphic Band of the Umbral Shield
57938	Mighty Orphic Band of the Crimson Shield
57939	Mighty Orphic Band of the Azure Shield
57940	Mighty Orphic Band of the Argent Crown
57941	Mighty Orphic Band of the Umbral Crown
57942	Mighty Orphic Band of the Crimson Crown
57943	Mighty Orphic Band of the Azure Crown
57944	Majestic Orphic Band of the Argent Blade
57945	Majestic Orphic Band of the Umbral Blade
57946	Majestic Orphic Band of the Crimson Blade
57947	Majestic Orphic Band of the Azure Blade
57948	Majestic Orphic Band of the Argent Core
57949	Majestic Orphic Band of the Umbral Core
57950	Majestic Orphic Band of the Crimson Core
57951	Majestic Orphic Band of the Azure Core
57952	Majestic Orphic Band of the Argent Shield
57953	Majestic Orphic Band of the Umbral Shield
57954	Majestic Orphic Band of the Crimson Shield
57955	Majestic Orphic Band of the Azure Shield
57956	Majestic Orphic Band of the Argent Crown
57957	Majestic Orphic Band of the Umbral Crown
57958	Majestic Orphic Band of the Crimson Crown
57959	Majestic Orphic Band of the Azure Crown
57960	Royal Orphic Band of the Argent Blade
57961	Royal Orphic Band of the Umbral Blade
57962	Royal Orphic Band of the Crimson Blade
57963	Royal Orphic Band of the Azure Blade
57964	Royal Orphic Band of the Argent Core
57965	Royal Orphic Band of the Umbral Core
57966	Royal Orphic Band of the Crimson Core
57967	Royal Orphic Band of the Azure Core
57968	Royal Orphic Band of the Argent Shield
57969	Royal Orphic Band of the Umbral Shield
57970	Royal Orphic Band of the Crimson Shield
57971	Royal Orphic Band of the Azure Shield
57972	Royal Orphic Band of the Argent Crown
57973	Royal Orphic Band of the Umbral Crown
57974	Royal Orphic Band of the Crimson Crown
57975	Royal Orphic Band of the Azure Crown
57976	Imperial Orphic Band of the Argent Blade
57977	Imperial Orphic Band of the Umbral Blade
57978	Imperial Orphic Band of the Crimson Blade
57979	Imperial Orphic Band of the Azure Blade
57980	Imperial Orphic Band of the Argent Core
57981	Imperial Orphic Band of the Umbral Core
57982	Imperial Orphic Band of the Crimson Core
57983	Imperial Orphic Band of the Azure Core
57984	Imperial Orphic Band of the Argent Shield
57985	Imperial Orphic Band of the Umbral Shield
57986	Imperial Orphic Band of the Crimson Shield
57987	Imperial Orphic Band of the Azure Shield
57988	Imperial Orphic Band of the Argent Crown
57989	Imperial Orphic Band of the Umbral Crown
57990	Imperial Orphic Band of the Crimson Crown
57991	Imperial Orphic Band of the Azure Crown
57992	Godly Orphic Band of the Argent Blade
57993	Godly Orphic Band of the Umbral Blade
57994	Godly Orphic Band of the Crimson Blade
57995	Godly Orphic Band of the Azure Blade
57996	Godly Orphic Band of the Argent Core
57997	Godly Orphic Band of the Umbral Core
57998	Godly Orphic Band of the Crimson Core
57999	Godly Orphic Band of the Azure Core
58000	Godly Orphic Band of the Argent Shield
58001	Godly Orphic Band of the Umbral Shield
58002	Godly Orphic Band of the Crimson Shield
58003	Godly Orphic Band of the Azure Shield
58004	Godly Orphic Band of the Argent Crown
58005	Godly Orphic Band of the Umbral Crown
58006	Godly Orphic Band of the Crimson Crown
58007	Godly Orphic Band of the Azure Crown
58010	Frost Flower
58011	Rime Flower
58012	Blight Flower
58013	Frost Blossom
58014	Rime Blossom
58015	Blight Blossom
58016	Tribal Spiritsteed
58017	Totemic Spiritsteed
58018	Prismatic Grovehawk
58019	Rainbow Grovehawk
58020	Prismatic Cascade Windgliders
58021	Rainbow Cascade Windgliders
58022	Winter 2015 Mask Ram Blue
58023	Winter 2015 Mask Bear Blue
58025	Winter 2015 Mask Hawk Blue
58026	Wayfarer's Amulet of the Falcon
58027	Wayfarer's Amulet of the Eagle
58028	Wayfarer's Amulet of the Raven
58029	Wayfarer's Amulet of the Hawk
58030	Pathfinder's Amulet of the Falcon
58031	Pathfinder's Amulet of the Eagle
58032	Pathfinder's Amulet of the Raven
58033	Pathfinder's Amulet of the Hawk
58034	Trailblazer's Amulet of the Falcon
58035	Trailblazer's Amulet of the Eagle
58036	Trailblazer's Amulet of the Raven
58037	Trailblazer's Amulet of the Hawk
58038	Wayfarer's Band of the Falcon
58039	Wayfarer's Band of the Eagle
58040	Wayfarer's Band of the Raven
58041	Wayfarer's Band of the Hawk
58042	Pathfinder's Band of the Falcon
58043	Pathfinder's Band of the Eagle
58044	Pathfinder's Band of the Raven
58045	Pathfinder's Band of the Hawk
58046	Trailblazer's Band of the Falcon
58047	Trailblazer's Band of the Eagle
58048	Trailblazer's Band of the Raven
58049	Trailblazer's Band of the Hawk
58050	Wayfarer's Ring of Falcon
58051	Wayfarer's Ring of Eagle
58052	Wayfarer's Ring of Raven
58053	Wayfarer's Ring of Hawk
58054	Pathfinder's Ring of Falcon
58055	Pathfinder's Ring of Eagle
58056	Pathfinder's Ring of Raven
58057	Pathfinder's Ring of Hawk
58058	Trailblazer's Ring of Falcon
58059	Trailblazer's Ring of Eagle
58060	Trailblazer's Ring of Raven
58061	Trailblazer's Ring of Hawk
58062	Winter2015 Lux Low set Bonus
58063	Winter2015 Lux Mid set Bonus
58064	Winter2015 Lux High set Bonus
58065	Winter2015 Wings
58066	Winter2015 Stick Mount Egale
58067	Red Highlander Gloves
58068	Pink Highlander Gloves
58069	Orange Highlander Gloves
58070	Yellow Highlander Gloves
58071	Green Highlander Gloves
58072	Turquoise Highlander Gloves
58073	Blue Highlander Gloves
58074	Purple Highlander Gloves
58075	Black Highlander Gloves
58076	White Highlander Gloves
58077	Teal Highlander Gloves
58078	Mauve Highlander Gloves
58079	Red Highlander Leggings
58080	Pink Highlander Leggings
58081	Orange Highlander Leggings
58082	Yellow Highlander Leggings
58083	Green Highlander Leggings
58084	Turquoise Highlander Leggings
58085	Blue Highlander Leggings
58086	Purple Highlander Leggings
58087	Black Highlander Leggings
58088	White Highlander Leggings
58089	Teal Highlander Leggings
58090	Mauve Highlander Leggings
58091	Red Highlander Boots
58092	Pink Highlander Boots
58093	Orange Highlander Boots
58094	Yellow Highlander Boots
58095	Green Highlander Boots
58096	Turquoise Highlander Boots
58097	Blue Highlander Boots
58098	Purple Highlander Boots
58099	Black Highlander Boots
58100	White Highlander Boots
58101	Teal Highlander Boots
58102	Mauve Highlander Boots
58103	Red Highlander Tunic
58104	Pink Highlander Tunic
58105	Orange Highlander Tunic
58106	Yellow Highlander Tunic
58107	Green Highlander Tunic
58108	Turquoise Highlander Tunic
58109	Blue Highlander Tunic
58110	Purple Highlander Tunic
58111	Black Highlander Tunic
58112	White Highlander Tunic
58113	Teal Highlander Tunic
58114	Mauve Highlander Tunic
58115	Red Highlander Hat
58116	Pink Highlander Hat
58117	Orange Highlander Hat
58118	Yellow Highlander Hat
58119	Green Highlander Hat
58120	Turquoise Highlander Hat
58121	Blue Highlander Hat
58122	Purple Highlander Hat
58123	Black Highlander Hat
58124	White Highlander Hat
58125	Teal Highlander Hat
58126	Mauve Highlander Hat
58127	Scintillating Red Highlander Gloves
58128	Scintillating Pink Highlander Gloves
58129	Scintillating Orange Highlander Gloves
58130	Scintillating Yellow Highlander Gloves
58131	Scintillating Green Highlander Gloves
58132	Scintillating Turquoise Highlander Gloves
58133	Scintillating Blue Highlander Gloves
58134	Scintillating Purple Highlander Gloves
58135	Scintillating Black Highlander Gloves
58136	Scintillating White Highlander Gloves
58137	Scintillating Teal Highlander Gloves
58138	Scintillating Mauve Highlander Gloves
58139	Scintillating Red Highlander Leggings
58140	Scintillating Pink Highlander Leggings
58141	Scintillating Orange Highlander Leggings
58142	Scintillating Yellow Highlander Leggings
58143	Scintillating Green Highlander Leggings
58144	Scintillating Turquoise Highlander Leggings
58145	Scintillating Blue Highlander Leggings
58146	Scintillating Purple Highlander Leggings
58147	Scintillating Black Highlander Leggings
58148	Scintillating White Highlander Leggings
58149	Scintillating Teal Highlander Leggings
58150	Scintillating Mauve Highlander Leggings
58151	Scintillating Red Highlander Boots
58152	Scintillating Pink Highlander Boots
58153	Scintillating Orange Highlander Boots
58154	Scintillating Yellow Highlander Boots
58155	Scintillating Green Highlander Boots
58156	Scintillating Turquoise Highlander Boots
58157	Scintillating Blue Highlander Boots
58158	Scintillating Purple Highlander Boots
58159	Scintillating Black Highlander Boots
58160	Scintillating White Highlander Boots
58161	Scintillating Teal Highlander Boots
58162	Scintillating Mauve Highlander Boots
58163	Scintillating Red Highlander Tunic
58164	Scintillating Pink Highlander Tunic
58165	Scintillating Orange Highlander Tunic
58166	Scintillating Yellow Highlander Tunic
58167	Scintillating Green Highlander Tunic
58168	Scintillating Turquoise Highlander Tunic
58169	Scintillating Blue Highlander Tunic
58170	Scintillating Purple Highlander Tunic
58171	Scintillating Black Highlander Tunic
58172	Scintillating White Highlander Tunic
58173	Scintillating Teal Highlander Tunic
58174	Scintillating Mauve Highlander Tunic
58175	Scintillating Red Highlander Hat
58176	Scintillating Pink Highlander Hat
58177	Scintillating Orange Highlander Hat
58178	Scintillating Yellow Highlander Hat
58179	Scintillating Green Highlander Hat
58180	Scintillating Turquoise Highlander Hat
58181	Scintillating Blue Highlander Hat
58182	Scintillating Purple Highlander Hat
58183	Scintillating Black Highlander Hat
58184	Scintillating White Highlander Hat
58185	Scintillating Teal Highlander Hat
58186	Scintillating Mauve Highlander Hat
58187	Scales of Duthar the Nimble
58188	Scales of Sil the Nimble
58189	Scales of Torm the Nimble
58190	Scales of Kablain the Nimble
58191	Scales of Purgain the Nimble
58192	Scales of Duthar the Swift
58193	Scales of Sil the Swift
58194	Scales of Torm the Swift
58195	Scales of Kablain the Swift
58196	Scales of Purgain the Swift
58197	Scales of Duthar the Agile
58198	Scales of Sil the Agile
58199	Scales of Torm the Agile
58200	Scales of Kablain the Agile
58201	Scales of Purgain the Agile
58202	Scales of Duthar the Fleet
58203	Scales of Sil the Fleet
58204	Scales of Torm the Fleet
58205	Scales of Kablain the Fleet
58206	Scales of Purgain the Fleet
58207	Scales of Umas the Flying Destroyer
58208	Scales of Gris the Swooping Killer
58209	Scales of Dokkar the Winged Death
58210	Scales of Krangar the Ravager of Souls
58211	Super Combination Elixir
58212	Super Elixir of Knowledge
58213	Minor Link of the Bastion
58214	Lesser Link of the Bastion
58215	Mystic Link of the Bastion
58216	Greater Link of the Bastion
58217	Grand Link of the Bastion
58218	Mighty Link of the Bastion
58219	Majestic Link of the Bastion
58220	Royal Link of the Bastion
58221	Imperial Link of the Bastion
58222	Godly Link of the Bastion
58223	Minor Band of the Rampart
58224	Lesser Band of the Rampart
58225	Mystic Band of the Rampart
58226	Greater Band of the Rampart
58227	Grand Band of the Rampart
58228	Mighty Band of the Rampart
58229	Majestic Band of the Rampart
58230	Royal Band of the Rampart
58231	Imperial Band of the Rampart
58232	Godly Band of the Rampart
58233	Minor Ring of the Citadel
58234	Lesser Ring of the Citadel
58235	Mystic Ring of the Citadel
58236	Greater Ring of the Citadel
58237	Grand Ring of the Citadel
58238	Mighty Ring of the Citadel
58239	Majestic Ring of the Citadel
58240	Royal Ring of the Citadel
58241	Imperial Ring of the Citadel
58242	Godly Ring of the Citadel
58243	Minor Round of the Fortress
58244	Lesser Round of the Fortress
58245	Mystic Round of the Fortress
58246	Greater Round of the Fortress
58247	Grand Round of the Fortress
58248	Mighty Round of the Fortress
58249	Majestic Round of the Fortress
58250	Royal Round of the Fortress
58251	Imperial Round of the Fortress
58252	Godly Round of the Fortress
58253	Minor Halo of the Stockade
58254	Lesser Halo of the Stockade
58255	Mystic Halo of the Stockade
58256	Greater Halo of the Stockade
58257	Grand Halo of the Stockade
58258	Mighty Halo of the Stockade
58259	Majestic Halo of the Stockade
58260	Royal Halo of the Stockade
58261	Imperial Halo of the Stockade
58262	Godly Halo of the Stockade
58273	Minor Guardians Necklace
58274	Lesser Guardians Necklace
58275	Mystic Guardians Necklace
58276	Greater Guardians Necklace
58277	Grand Guardians Necklace
58278	Mighty Guardians Necklace
58279	Majestic Guardians Necklace
58280	Royal Guardians Necklace
58281	Imperial Guardians Necklace
58282	Godly Guardians Necklace
58283	Minor Scoundrels Pendant
58284	Lesser Scoundrels Pendant
58285	Mystic Scoundrels Pendant
58286	Greater Scoundrels Pendant
58287	Grand Scoundrels Pendant
58288	Mighty Scoundrels Pendant
58289	Majestic Scoundrels Pendant
58290	Royal Scoundrels Pendant
58291	Imperial Scoundrels Pendant
58292	Godly Scoundrels Pendant
58293	Minor Sureshot Strand
58294	Lesser Sureshot Strand
58295	Mystic Sureshot Strand
58296	Greater Sureshot Strand
58297	Grand Sureshot Strand
58298	Mighty Sureshot Strand
58299	Majestic Sureshot Strand
58300	Royal Sureshot Strand
58301	Imperial Sureshot Strand
58302	Godly Sureshot Strand
58303	Minor Hellfire Riviere
58304	Lesser Hellfire Riviere
58305	Mystic Hellfire Riviere
58306	Greater Hellfire Riviere
58307	Grand Hellfire Riviere
58308	Mighty Hellfire Riviere
58309	Majestic Hellfire Riviere
58310	Royal Hellfire Riviere
58311	Imperial Hellfire Riviere
58312	Godly Hellfire Riviere
58313	Minor HoarFrost Riviere
58314	Lesser HoarFrost Riviere
58315	Mystic HoarFrost Riviere
58316	Greater HoarFrost Riviere
58317	Grand HoarFrost Riviere
58318	Mighty HoarFrost Riviere
58319	Majestic HoarFrost Riviere
58320	Royal HoarFrost Riviere
58321	Imperial HoarFrost Riviere
58322	Godly HoarFrost Riviere
58323	Minor Agrestal Carcanet
58324	Lesser Agrestal Carcanet
58325	Mystic Agrestal Carcanet
58326	Greater Agrestal Carcanet
58327	Grand Agrestal Carcanet
58328	Mighty Agrestal Carcanet
58329	Majestic Agrestal Carcanet
58330	Royal Agrestal Carcanet
58331	Imperial Agrestal Carcanet
58332	Godly Agrestal Carcanet
58333	Minor Guardians Talisman
58334	Lesser Guardians Talisman
58335	Mystic Guardians Talisman
58336	Greater Guardians Talisman
58337	Grand Guardians Talisman
58338	Mighty Guardians Talisman
58339	Majestic Guardians Talisman
58340	Royal Guardians Talisman
58341	Imperial Guardians Talisman
58342	Godly Guardians Talisman
58343	Minor Scoundrels Amulet
58344	Lesser Scoundrels Amulet
58345	Mystic Scoundrels Amulet
58346	Greater Scoundrels Amulet
58347	Grand Scoundrels Amulet
58348	Mighty Scoundrels Amulet
58349	Majestic Scoundrels Amulet
58350	Royal Scoundrels Amulet
58351	Imperial Scoundrels Amulet
58352	Godly Scoundrels Amulet
58353	Minor Sureshot Charm
58354	Lesser Sureshot Charm
58355	Mystic Sureshot Charm
58356	Greater Sureshot Charm
58357	Grand Sureshot Charm
58358	Mighty Sureshot Charm
58359	Majestic Sureshot Charm
58360	Royal Sureshot Charm
58361	Imperial Sureshot Charm
58362	Godly Sureshot Charm
58363	Minor Hellfire Runestone
58364	Lesser Hellfire Runestone
58365	Mystic Hellfire Runestone
58366	Greater Hellfire Runestone
58367	Grand Hellfire Runestone
58368	Mighty Hellfire Runestone
58369	Majestic Hellfire Runestone
58370	Royal Hellfire Runestone
58371	Imperial Hellfire Runestone
58372	Godly Hellfire Runestone
58373	Minor HoarFrost Runestone
58374	Lesser HoarFrost Runestone
58375	Mystic HoarFrost Runestone
58376	Greater HoarFrost Runestone
58377	Grand HoarFrost Runestone
58378	Mighty HoarFrost Runestone
58379	Majestic HoarFrost Runestone
58380	Royal HoarFrost Runestone
58381	Imperial HoarFrost Runestone
58382	Godly HoarFrost Runestone
58383	Minor Agrestal Augury
58384	Lesser Agrestal Augury
58385	Mystic Agrestal Augury
58386	Greater Agrestal Augury
58387	Grand Agrestal Augury
58388	Mighty Agrestal Augury
58389	Majestic Agrestal Augury
58390	Royal Agrestal Augury
58391	Imperial Agrestal Augury
58392	Godly Agrestal Augury
58396	Testy Fishing Rod
58397	Classical Mercenary Gauntlets
58398	Classical Mercenary Leggings
58399	Classical Mercenary Boots
58400	Classical Mercenary Jerkin
58401	Classical Mercenary Helm
58402	Noble Mercenary Gauntlets
58403	Noble Mercenary Leggings
58404	Noble Mercenary Boots
58405	Noble Mercenary Jerkin
58406	Noble Mercenary Hat
58407	Elite Mercenary Gauntlets
58408	Elite Mercenary Leggings
58409	Elite Mercenary Boots
58410	Elite Mercenary Jerkin
58411	Elite Mercenary Hat
58412	Hunter's Favour
58413	Hunter's Boon
58414	Hunter's Prize
58415	Yulebringer's Warm Hat
58416	Snowbringer's Warm Hat
58417	Icebringer's Warm Hat
58418	Yulemaster's Warm Hat
58419	Snowmaster's Warm Hat
58420	Icemaster's Warm Hat
58427	Strek's Bribe
58428	Nort's Bribe
58429	Krik's Bribe
58430	Super Elixir of Defence
58431	Super Elixir of Maximum Health
58432	Super Elixir of Maximum Energy
58433	Super Elixir of Attack
58434	Super Elixir of Haste
58435	Super Elixir of Travelling
58436	Super Combination Elixir
58437	Super Elixir of Armour
58438	Super Elixir of Regeneration
58439	Super Elixir of Energisation
58440	Super Elixir of Wisdom
58441	Super Elixir of Knowledge
58442	Minor Armlet of Strength
58443	Lesser Armlet of Strength
58444	Mystic Armlet of Strength
58445	Greater Armlet of Strength
58446	Grand Armlet of Strength
58447	Mighty Armlet of Strength
58448	Majestic Armlet of Strength
58449	Royal Armlet of Strength
58450	Imperial Armlet of Strength
58451	Godly Armlet of Strength
58452	Minor Bracelet of Dexterity
58453	Lesser Bracelet of Dexterity
58454	Mystic Bracelet of Dexterity
58455	Greater Bracelet of Dexterity
58456	Grand Bracelet of Dexterity
58457	Mighty Bracelet of Dexterity
58458	Majestic Bracelet of Dexterity
58459	Royal Bracelet of Dexterity
58460	Imperial Bracelet of Dexterity
58461	Godly Bracelet of Dexterity
58462	Minor Armband of Focus
58463	Lesser Armband of Focus
58464	Mystic Armband of Focus
58465	Greater Armband of Focus
58466	Grand Armband of Focus
58467	Mighty Armband of Focus
58468	Majestic Armband of Focus
58469	Royal Armband of Focus
58470	Imperial Armband of Focus
58471	Godly Armband of Focus
58472	Minor Bracer of Vitality
58473	Lesser Bracer of Vitality
58474	Mystic Bracer of Vitality
58475	Greater Bracer of Vitality
58476	Grand Bracer of Vitality
58477	Mighty Bracer of Vitality
58478	Majestic Bracer of Vitality
58479	Royal Bracer of Vitality
58480	Imperial Bracer of Vitality
58481	Godly Bracer of Vitality
58482	Contraption Piece
58483	Contraption Core
58484	Red Fractured Shard
58485	Red Pure Crystal
58486	Blue Fractured Shard
58487	Blue Pure Crystal
58488	Green Fractured Shard
58489	Green Pure Crystal
58490	Lesser Crystal Bracelet
58491	Pure Crystal Bracelet
58494	Coral Wyvern Egg
58495	Olive Wyvern Egg
58496	Purple Wyvern Egg
58497	Amber Wyvern Egg
58498	Emerald Wyvern Egg
58499	Amethyst Wyvern Egg
58500	Cobalt Dragon Egg
58501	Sand Dragon Egg
58502	Black Dragon Egg
58503	Journal of Magic
58504	Ancient Remnants
58505	Lesser Balm
58506	Medium Balm
58507	Strong Balm
58508	Royal Venison
58510	White Trappers Cap
58511	Black Trappers Cap
58512	Red Trappers Cap
58513	Blue Trappers Cap
58514	Green Trappers Cap
58515	Yellow Trappers Cap
58516	Orange Trappers Cap
58517	Pink Trappers Cap
58518	Purple Trappers Cap
58519	Turquoise Trappers Cap
58520	White Lustrous Trappers Cap
58521	Black Lustrous Trappers Cap
58522	Red Lustrous Trappers Cap
58523	Blue Lustrous Trappers Cap
58524	Green Lustrous Trappers Cap
58525	Yellow Lustrous Trappers Cap
58526	Orange Lustrous Trappers Cap
58527	Pink Lustrous Trappers Cap
58528	Purple Lustrous Trappers Cap
58529	Turquoise Lustrous Trappers Cap
58530	Teal Lustrous Trappers Cap
58531	Mauve Lustrous Trappers Cap
58532	Cherished Razorback Cape DNU
58533	Prized Razorback Cape DNU
58534	Treasured Razorback Cape DNU
58535	Revered Razorback Cape DNU
58536	Hallowed Razorback Cape DNU
58537	Idolised Razorback Cape DNU
58538	Exalted Razorback Cape DNU
58539	Ascendant Razorback Cape
58540	Ancient Relic Razorback Cape
58541	Fabled Relic Razorback Cape
58542	Primal Relic Razorback Cape
58543	Legendary Relic Razorback Cape
58544	Mythic Relic Razorback Cape
58545	Nimble Razorback Cape
58546	Rapid Razorback Cape
58547	Speedy Razorback Cape
58548	Ostara2016 Cape White Particle
58549	Hungry Dog Pet
58550	Hound Food
58551	Bag of 10 Gold
58552	Bag of 500 Gold
58553	Resurrection Idol
58554	Glowstone Amulet of the Hunter
58555	Glowstone Amulet of the Stalker
58556	Glowstone Amulet of the Poacher
58557	Glowstone Amulet of the Tracker
58558	Brightstone Amulet of the Hunter
58559	Brightstone Amulet of the Stalker
58560	Brightstone Amulet of the Poacher
58561	Brightstone Amulet of the Tracker
58562	Shinestone Amulet of the Hunter
58563	Shinestone Amulet of the Stalker
58564	Shinestone Amulet of the Poacher
58565	Shinestone Amulet of the Tracker
58566	Glowstone Bracelet of the Hunter
58567	Glowstone Bracelet of the Stalker
58568	Glowstone Bracelet of the Poacher
58569	Glowstone Bracelet of the Tracker
58570	Brightstone Bracelet of the Hunter
58571	Brightstone Bracelet of the Stalker
58572	Brightstone Bracelet of the Poacher
58573	Brightstone Bracelet of the Tracker
58574	Shinestone Bracelet of the Hunter
58575	Shinestone Bracelet of the Stalker
58576	Shinestone Bracelet of the Poacher
58577	Shinestone Bracelet of the Tracker
58578	Glowstone Ring of the Hunter
58579	Glowstone Ring of the Stalker
58580	Glowstone Ring of the Poacher
58581	Glowstone Ring of the Tracker
58582	Brightstone Ring of the Hunter
58583	Brightstone Ring of the Stalker
58584	Brightstone Ring of the Poacher
58585	Brightstone Ring of the Tracker
58586	Shinestone Ring of the Hunter
58587	Shinestone Ring of the Stalker
58588	Shinestone Ring of the Poacher
58589	Shinestone Ring of the Tracker
58590	Ancient Warthog Staff
58591	Fabled Warthog Staff
58592	Primal Warthog Staff
58593	Legendary Warthog Staff
58594	Mythic Warthog Staff
58595	Prized Warthog Staff
58596	Treasured Warthog Staff
58597	Revered Warthog Staff
58598	Hallowed Warthog Staff
58599	Idolised Warthog Staff
58600	Exalted Warthog Staff
58601	DNU Lowest Cape
58602	Nimble Warthog Staff
58603	Rapid Warthog Staff
58604	Speedy Warthog Staff
58605	Ostara2016 Stick Mount Black Particle
58606	Ostara2016 Stick Mount White Particle
58607	Hunter's Minor Potion of Life
58608	Hunter's Lesser Potion of Life
58609	Hunter's Greater Potion of Life
58610	Pet Box
58611	Red Archers Hat
58612	Pink Archers Hat
58613	Orange Archers Hat
58614	Yellow Archers Hat
58615	Green Archers Hat
58616	Turquoise Archers Hat
58617	Blue Archers Hat
58618	Purple Archers Hat
58619	Black Archers Hat
58620	White Archers Hat
58621	Mauve Archers Hat
58622	Teal Archers Hat
58623	Red Sparkling Archers Hat
58624	Pink Sparkling Archers Hat
58625	Orange Sparkling Archers Hat
58626	Yellow Sparkling Archers Hat
58627	Green Sparkling Archers Hat
58628	Turquoise Sparkling Archers Hat
58629	Blue Sparkling Archers Hat
58630	Purple Sparkling Archers Hat
58631	Black Sparkling Archers Hat
58632	White Sparkling Archers Hat
58633	Mauve Sparkling Archers Hat
58634	Teal Sparkling Archers Hat
58635	Wild Boar
58636	Fierce Briarhog
58637	Savage Warthog
58638	Brutal Razorback
58639	Revered Wild Boar
58640	Revered Fierce Briarhog
58641	Revered Savage Warthog
58642	Revered Brutal Razorback
58643	Hunter's Potion of Invisibility
58644	Hunter's Potion of Minor Defence
58645	Hunter's Potion of Lesser Defence
58646	Hunter's Potion of Greater Defence
58647	Hunter's Potion of Minor Armour
58648	Hunter's Potion of Lesser Armour
58649	Hunter's Potion of Greater Armour
58650	Hunter's Potion of Minor Attack
58651	Hunter's Potion of Lesser Attack
58652	Hunter's Potion of Greater Attack
58653	Hunter's Potion of Haste
58654	Hunter's Minor Travelling Potion
58655	Hunter's Lesser Travelling Potion
58656	Hunter's Greater Travelling Potion
58657	Hunter's Potion of Experience
58658	Serpent Skin
58659	Start Scene Sword
58660	Start Scene Dagger
58661	Start Scene Bow
58662	Start Scene Staff
58663	Start Scene Wand
58665	Tiny Brown Mastiff
58666	Small Brown Mastiff
58667	Medium Brown Mastiff
58668	Large Brown Mastiff
58669	Huge Brown Mastiff
58670	Giant Brown Mastiff
58671	Tiny Tan Mastiff
58672	Small Tan Mastiff
58673	Medium Tan Mastiff
58674	Large Tan Mastiff
58675	Huge Tan Mastiff
58676	Giant Tan Mastiff
58677	Tiny Black Mastiff
58678	Small Black Mastiff
58679	Medium Black Mastiff
58680	Large Black Mastiff
58681	Huge Black Mastiff
58682	Giant Black Mastiff
58683	Tiny Silver Mastiff
58684	Small Silver Mastiff
58685	Medium Silver Mastiff
58686	Large Silver Mastiff
58687	Huge Silver Mastiff
58688	Giant Silver Mastiff
58689	Tiny Brown Hare
58690	Small Brown Hare
58691	Medium Brown Hare
58692	Large Brown Hare
58693	Huge Brown Hare
58694	Giant Brown Hare
58695	Tiny White Hare
58696	Small White Hare
58697	Medium White Hare
58698	Large White Hare
58699	Huge White Hare
58700	Giant White Hare
58701	Tiny Black Hare
58702	Small Black Hare
58703	Medium Black Hare
58704	Large Black Hare
58705	Huge Black Hare
58706	Giant Black Hare
58707	Tiny Golden Hare
58708	Small Golden Hare
58709	Medium Golden Hare
58710	Large Golden Hare
58711	Huge Golden Hare
58712	Giant Golden Hare
58713	Tiny Mastiff Food
58714	Small Mastiff Food
58715	Medium Mastiff Food
58716	Large Mastiff Food
58717	Huge Mastiff Food
58718	Giant Mastiff Food
58719	Tiny Hare Food
58720	Small Hare Food
58721	Medium Hare Food
58722	Large Hare Food
58723	Huge Hare Food
58724	Giant Hare Food
58725	Bag of One Pet Token
58726	Bag of Two Pet Tokens
58727	Bag of Three Pet Tokens
58728	Bag of Four Pet Tokens
58729	Bag of Five Pet Tokens
58730	Bag of Six Pet Tokens
58731	Bag of Seven Pet Tokens
58732	Bag of Eight Pet Tokens
58733	Bag of Nine Pet Tokens
58734	Bag of Ten Pet Tokens
58735	Bag of Eleven Pet Tokens
58736	Bag of Twelve Pet Tokens
58737	Bag of Thirteen Pet Tokens
58738	Bag of Fourteen Pet Tokens
58739	Bag of Fifteen Pet Tokens
58740	Bag of Sixteen Pet Tokens
58741	Bag of Seventeen Pet Tokens
58742	Bag of Eighteen Pet Tokens
58743	Bag of Nineteen Pet Tokens
58744	Bag of Twenty Pet Tokens
58745	Bag of Twenty-Four Pet Tokens
58746	Bag of Thirty-Two Pet Tokens
58747	Evergreen Mystery Chest
58748	Solstice Mystery Chest
58749	Potion of Otherworldly Protection
58750	Blackstone Herb Pouch
58756	Toxic Fang
58757	Connacht Chest
58758	Damaged Armour Fragment
58759	Dented Armour Fragment
58760	Pristine Armour Fragment
58761	Relic Cache
58762	Minor Potion of Warrior's Fortitude
58763	Lesser Potion of Warrior's Fortitude
58764	Greater Potion of Warrior's Fortitude
58765	Minor Potion of Rogue's Frenzy
58766	Lesser Potion of Rogue's Frenzy
58767	Greater Potion of Rogue's Frenzy
58768	Minor Potion of Ranger's Fury
58769	Lesser Potion of Ranger's Fury
58770	Greater Potion of Ranger's Fury
58771	Minor Potion of Mage's Ferocity
58772	Lesser Potion of Mage's Ferocity
58773	Greater Potion of Mage's Ferocity
58774	Minor Potion of Druid's Focus
58775	Lesser Potion of Druid's Focus
58776	Greater Potion of Druid's Focus
58777	Scroll of the Locus
58778	Scroll of the Status
58779	Scroll of the Nebulous
58780	Disrupted Stone
58781	Broken Surround
58782	Mighty Chain
58783	Ancient Jewelry
58784	Element of Fire
58785	Element of Water
58786	Element of Air
58787	Element of Earth
58788	Dull Ophidian Ring
58789	Serpents Blood
58790	Obsidian Dragon Egg
58791	Cursed Coin of Dunskeig
58792	Gorn Toad Toxin
58793	Tensile Silk
58794	Murk Vine
58795	Silt Flower
58796	Grime Blossom
58797	Vault Plans
58798	Vault Notes
58799	Vault Map
58800	Warrant of Stature
58801	Warrant of Bloodoath
58802	Warrant of Deceit
58803	Toadstool of Rot
58804	Fungus of the Wasteland
58805	Mushroom of Despair
58806	Corrupted Oak Apples
58807	Soul of the Wandering Soldier
58808	Emblem of Fingal
58809	Emblem of Dian Cecht
58810	Emblem of Myrrdin
58811	Emblem of Myrine
58812	Emblem of Cuhcullain
58813	Omphalic Stone
58814	Gilded Surround
58815	Chain of Instruction
58816	The Targair of Scathach
58817	Kelpie Horn
58818	Otherworld Poppy
58819	Hallow Weed
58820	Yanack Stone
58821	Binding Webs
58822	Echocap Mushroom
58823	Redblood Mushroom
58824	Coldfall Mushroom
58825	Epitath of the Dreamer
58826	Dryad's Breath
58827	Summoning Stones
58828	Ironrock
58829	Obsidian Ironrock
58830	Ironrock Bracelet
58831	Tome of the Wardens
58832	Rod of the Wardens
58833	Livery of the Wardens
58834	Casket of Whispers
58836	New Pet Food 1
58837	New Pet Food 2
58838	New Pet Food 3
58839	New Pet Food 4
58840	New Pet Food 5
58841	New Pet Food 6
58842	New Pet Food 7
58843	New Pet Food 8
58844	New Pet Food 9
58845	New Pet Food 10
58846	New Dog 1
58847	New Dog 2
58848	New Dog 3
58849	New Dog 4
58850	New Dog 5
58851	New Dog 6
58852	Signet of Lir DNU
58853	Twinkling Signet of Lir
58854	Shining Signet of Lir
58855	Radiant Signet of Lir
58856	Ring of Antivenom
58857	Bag of Ten Hunters Favours
58858	Bag of Twenty Five Hunters Favours
58859	Vital Ophidian Ring
58860	Spirit Shield
58865	Razorclaw's Downfall
58866	Red Sacred Watch Gloves
58867	Pink Sacred Watch Gloves
58868	Orange Sacred Watch Gloves
58869	Yellow Sacred Watch Gloves
58870	Green Sacred Watch Gloves
58871	Turquoise Sacred Watch Gloves
58872	Blue Sacred Watch Gloves
58873	Purple Sacred Watch Gloves
58874	Black Sacred Watch Gloves
58875	White Sacred Watch Gloves
58876	Teal Sacred Watch Gloves
58877	Mauve Sacred Watch Gloves
58878	Red Sacred Watch Leggings
58879	Pink Sacred Watch Leggings
58880	Orange Sacred Watch Leggings
58881	Yellow Sacred Watch Leggings
58882	Green Sacred Watch Leggings
58883	Turquoise Sacred Watch Leggings
58884	Blue Sacred Watch Leggings
58885	Purple Sacred Watch Leggings
58886	Black Sacred Watch Leggings
58887	White Sacred Watch Leggings
58888	Teal Sacred Watch Leggings
58889	Mauve Sacred Watch Leggings
58890	Red Sacred Watch Boots
58891	Pink Sacred Watch Boots
58892	Orange Sacred Watch Boots
58893	Yellow Sacred Watch Boots
58894	Green Sacred Watch Boots
58895	Turquoise Sacred Watch Boots
58896	Blue Sacred Watch Boots
58897	Purple Sacred Watch Boots
58898	Black Sacred Watch Boots
58899	White Sacred Watch Boots
58900	Teal Sacred Watch Boots
58901	Mauve Sacred Watch Boots
58902	Red Sacred Watch Tunic
58903	Pink Sacred Watch Tunic
58904	Orange Sacred Watch Tunic
58905	Yellow Sacred Watch Tunic
58906	Green Sacred Watch Tunic
58907	Turquoise Sacred Watch Tunic
58908	Blue Sacred Watch Tunic
58909	Purple Sacred Watch Tunic
58910	Black Sacred Watch Tunic
58911	White Sacred Watch Tunic
58912	Teal Sacred Watch Tunic
58913	Mauve Sacred Watch Tunic
58914	Red Sacred Watch Hat
58915	Pink Sacred Watch Hat
58916	Orange Sacred Watch Hat
58917	Yellow Sacred Watch Hat
58918	Green Sacred Watch Hat
58919	Turquoise Sacred Watch Hat
58920	Blue Sacred Watch Hat
58921	Purple Sacred Watch Hat
58922	Black Sacred Watch Hat
58923	White Sacred Watch Hat
58924	Teal Sacred Watch Hat
58925	Mauve Sacred Watch Hat
58926	Lightforged Red Sacred Watch Gloves
58927	Lightforged Pink Sacred Watch Gloves
58928	Lightforged Orange Sacred Watch Gloves
58929	Lightforged Yellow Sacred Watch Gloves
58930	Lightforged Green Sacred Watch Gloves
58931	Lightforged Turquoise Sacred Watch Gloves
58932	Lightforged Blue Sacred Watch Gloves
58933	Lightforged Purple Sacred Watch Gloves
58934	Lightforged Black Sacred Watch Gloves
58935	Lightforged White Sacred Watch Gloves
58936	Lightforged Teal Sacred Watch Gloves
58937	Lightforged Mauve Sacred Watch Gloves
58938	Lightforged Red Sacred Watch Leggings
58939	Lightforged Pink Sacred Watch Leggings
58940	Lightforged Orange Sacred Watch Leggings
58941	Lightforged Yellow Sacred Watch Leggings
58942	Lightforged Green Sacred Watch Leggings
58943	Lightforged Turquoise Sacred Watch Leggings
58944	Lightforged Blue Sacred Watch Leggings
58945	Lightforged Purple Sacred Watch Leggings
58946	Lightforged Black Sacred Watch Leggings
58947	Lightforged White Sacred Watch Leggings
58948	Lightforged Teal Sacred Watch Leggings
58949	Lightforged Mauve Sacred Watch Leggings
58950	Lightforged Red Sacred Watch Boots
58951	Lightforged Pink Sacred Watch Boots
58952	Lightforged Orange Sacred Watch Boots
58953	Lightforged Yellow Sacred Watch Boots
58954	Lightforged Green Sacred Watch Boots
58955	Lightforged Turquoise Sacred Watch Boots
58956	Lightforged Blue Sacred Watch Boots
58957	Lightforged Purple Sacred Watch Boots
58958	Lightforged Black Sacred Watch Boots
58959	Lightforged White Sacred Watch Boots
58960	Lightforged Teal Sacred Watch Boots
58961	Lightforged Mauve Sacred Watch Boots
58962	Lightforged Red Sacred Watch Tunic
58963	Lightforged Pink Sacred Watch Tunic
58964	Lightforged Orange Sacred Watch Tunic
58965	Lightforged Yellow Sacred Watch Tunic
58966	Lightforged Green Sacred Watch Tunic
58967	Lightforged Turquoise Sacred Watch Tunic
58968	Lightforged Blue Sacred Watch Tunic
58969	Lightforged Purple Sacred Watch Tunic
58970	Lightforged Black Sacred Watch Tunic
58971	Lightforged White Sacred Watch Tunic
58972	Lightforged Teal Sacred Watch Tunic
58973	Lightforged Mauve Sacred Watch Tunic
58974	Lightforged Red Sacred Watch Hat
58975	Lightforged Pink Sacred Watch Hat
58976	Lightforged Orange Sacred Watch Hat
58977	Lightforged Yellow Sacred Watch Hat
58978	Lightforged Green Sacred Watch Hat
58979	Lightforged Turquoise Sacred Watch Hat
58980	Lightforged Blue Sacred Watch Hat
58981	Lightforged Purple Sacred Watch Hat
58982	Lightforged Black Sacred Watch Hat
58983	Lightforged White Sacred Watch Hat
58984	Lightforged Teal Sacred Watch Hat
58985	Lightforged Mauve Sacred Watch Hat
58991	Sprat
58992	Anchovy
58993	Smelt
58994	Pilchard
58995	Herring
58996	Whiting
58997	Flounder
58998	Mackerel
58999	Minnow
59000	Gudgeon
59001	Bleak
59002	Rudd
59003	Barbel
59004	Carp
59005	Pike
59006	Tench
59007	Chub
59008	Perch
59009	Bream
59010	Trout
59011	Catfish
59012	Salmon
59013	Bullhead
59014	Stickleback
59015	Rockfish
59016	Mullet
59017	Cave Fish
59018	Wolf Eel
59019	Plaice
59020	Haddock
59021	Morthar Fish
59022	Morthar Ray
59023	Morthar Shark
59024	Silver Eel
59025	Sturgeon
59026	Stingray
59027	Dogfish
59028	Fangtooth
59029	Conger Eel
59030	Lanternfish
59031	Gulper Eel
59032	Angler Fish
59033	Bull Shark
59034	Manta Ray
59035	Electric Eel
59036	Monkfish
59037	Golden Carp
59038	Auroral Trout
59039	Aether Pike
59040	Astral Ray
59050	Rimecap Mushroom
59051	MacCroin Supplies
59052	Shalemont Foxglove
59053	Red Rodair Gloves
59054	Pink Rodair Gloves
59055	Orange Rodair Gloves
59056	Yellow Rodair Gloves
59057	Green Rodair Gloves
59058	Turquoise Rodair Gloves
59059	Blue Rodair Gloves
59060	Purple Rodair Gloves
59061	Black Rodair Gloves
59062	White Rodair Gloves
59063	Teal Rodair Gloves
59064	Mauve Rodair Gloves
59065	Red Rodair Leggings
59066	Pink Rodair Leggings
59067	Orange Rodair Leggings
59068	Yellow Rodair Leggings
59069	Green Rodair Leggings
59070	Turquoise Rodair Leggings
59071	Blue Rodair Leggings
59072	Purple Rodair Leggings
59073	Black Rodair Leggings
59074	White Rodair Leggings
59075	Teal Rodair Leggings
59076	Mauve Rodair Leggings
59077	Red Rodair Boots
59078	Pink Rodair Boots
59079	Orange Rodair Boots
59080	Yellow Rodair Boots
59081	Green Rodair Boots
59082	Turquoise Rodair Boots
59083	Blue Rodair Boots
59084	Purple Rodair Boots
59085	Black Rodair Boots
59086	White Rodair Boots
59087	Teal Rodair Boots
59088	Mauve Rodair Boots
59089	Red Rodair Tunic
59090	Pink Rodair Tunic
59091	Orange Rodair Tunic
59092	Yellow Rodair Tunic
59093	Green Rodair Tunic
59094	Turquoise Rodair Tunic
59095	Blue Rodair Tunic
59096	Purple Rodair Tunic
59097	Black Rodair Tunic
59098	White Rodair Tunic
59099	Teal Rodair Tunic
59100	Mauve Rodair Tunic
59101	Red Rodair Hat
59102	Pink Rodair Hat
59103	Orange Rodair Hat
59104	Yellow Rodair Hat
59105	Green Rodair Hat
59106	Turquoise Rodair Hat
59107	Blue Rodair Hat
59108	Purple Rodair Hat
59109	Black Rodair Hat
59110	White Rodair Hat
59111	Teal Rodair Hat
59112	Mauve Rodair Hat
59113	Empyrean Red Rodair Gloves
59114	Empyrean Pink Rodair Gloves
59115	Empyrean Orange Rodair Gloves
59116	Empyrean Yellow Rodair Gloves
59117	Empyrean Green Rodair Gloves
59118	Empyrean Turquoise Rodair Gloves
59119	Empyrean Blue Rodair Gloves
59120	Empyrean Purple Rodair Gloves
59121	Empyrean Black Rodair Gloves
59122	Empyrean White Rodair Gloves
59123	Empyrean Teal Rodair Gloves
59124	Empyrean Mauve Rodair Gloves
59125	Empyrean Red Rodair Leggings
59126	Empyrean Pink Rodair Leggings
59127	Empyrean Orange Rodair Leggings
59128	Empyrean Yellow Rodair Leggings
59129	Empyrean Green Rodair Leggings
59130	Empyrean Turquoise Rodair Leggings
59131	Empyrean Blue Rodair Leggings
59132	Empyrean Purple Rodair Leggings
59133	Empyrean Black Rodair Leggings
59134	Empyrean White Rodair Leggings
59135	Empyrean Teal Rodair Leggings
59136	Empyrean Mauve Rodair Leggings
59137	Empyrean Red Rodair Boots
59138	Empyrean Pink Rodair Boots
59139	Empyrean Orange Rodair Boots
59140	Empyrean Yellow Rodair Boots
59141	Empyrean Green Rodair Boots
59142	Empyrean Turquoise Rodair Boots
59143	Empyrean Blue Rodair Boots
59144	Empyrean Purple Rodair Boots
59145	Empyrean Black Rodair Boots
59146	Empyrean White Rodair Boots
59147	Empyrean Teal Rodair Boots
59148	Empyrean Mauve Rodair Boots
59149	Empyrean Red Rodair Tunic
59150	Empyrean Pink Rodair Tunic
59151	Empyrean Orange Rodair Tunic
59152	Empyrean Yellow Rodair Tunic
59153	Empyrean Green Rodair Tunic
59154	Empyrean Turquoise Rodair Tunic
59155	Empyrean Blue Rodair Tunic
59156	Empyrean Purple Rodair Tunic
59157	Empyrean Black Rodair Tunic
59158	Empyrean White Rodair Tunic
59159	Empyrean Teal Rodair Tunic
59160	Empyrean Mauve Rodair Tunic
59161	Empyrean Red Rodair Hat
59162	Empyrean Pink Rodair Hat
59163	Empyrean Orange Rodair Hat
59164	Empyrean Yellow Rodair Hat
59165	Empyrean Green Rodair Hat
59166	Empyrean Turquoise Rodair Hat
59167	Empyrean Blue Rodair Hat
59168	Empyrean Purple Rodair Hat
59169	Empyrean Black Rodair Hat
59170	Empyrean White Rodair Hat
59171	Empyrean Teal Rodair Hat
59172	Empyrean Mauve Rodair Hat
59173	Red Herring
59174	Summer Flounder
59175	Silver Whiting
59176	King Mackerel
59177	Redeye Barbel
59178	Silver Carp
59179	Prized Pike
59180	Golden Trout
59181	Giant Catfish
59182	King Salmon
59183	Giant Eel
59184	Prized Plaice
59185	Albino Cave Fish
59186	Prized Haddock
59187	King Morthar
59188	Eagle Ray
59189	Starry Dogfish
59190	King Angler
59191	Duskshadow Gauntlets
59192	Duskshadow Boots
59193	Duskshadow Helm
59194	Duskshadow Greaves
59195	Duskshadow Breastplate
59196	Duskshadow Gloves
59197	Duskshadow Boots
59198	Duskshadow Hood
59199	Duskshadow Breeches
59200	Duskshadow Cuirass
59201	Duskshadow Gloves
59202	Duskshadow Shoes
59203	Duskshadow Cowl
59204	Duskshadow Leggings
59205	Duskshadow Robe
59206	Darkshadow Gauntlets
59207	Darkshadow Boots
59208	Darkshadow Helm
59209	Darkshadow Greaves
59210	Darkshadow Breastplate
59211	Darkshadow Gloves
59212	Darkshadow Boots
59213	Darkshadow Hood
59214	Darkshadow Breeches
59215	Darkshadow Cuirass
59216	Darkshadow Gloves
59217	Darkshadow Shoes
59218	Darkshadow Cowl
59219	Darkshadow Leggings
59220	Darkshadow Robe
59221	Spiritshadow Gauntlets
59222	Spiritshadow Boots
59223	Spiritshadow Helm
59224	Spiritshadow Greaves
59225	Spiritshadow Breastplate
59226	Spiritshadow Gloves
59227	Spiritshadow Boots
59228	Spiritshadow Hood
59229	Spiritshadow Breeches
59230	Spiritshadow Cuirass
59231	Spiritshadow Gloves
59232	Spiritshadow Shoes
59233	Spiritshadow Cowl
59234	Spiritshadow Leggings
59235	Spiritshadow Robe
59236	Potion of Glacial Defence
59237	Foxglove Balm
59238	Herring Pie
59239	Whiting Soup
59240	Flounder Fillet
59241	Smoked Mackerel
59242	Rudd Pie
59243	Barbel Soup
59244	Fried Carp
59245	Salted Pike
59246	Bream Quiche
59247	Trout Soup
59248	Catfish Steak
59249	Smoked Salmon
59250	Cavefish Pie
59251	Cullen Skink
59252	Plaice Fillet
59253	Smoked Eel
59254	Morthar Ray Pie
59255	Morthar Shark Soup
59256	Sturgeon Fillet
59257	Smoked Ray
59258	Eel Pie
59259	Dogfish Soup
59260	Gulper Eel Fillet
59261	Salted Angler
59262	Manta Ray Pie
59263	Bull Shark Soup
59264	Monkfish Fillet
59265	Jellied Eel
59266	Basil
59267	Pepper
59268	Mint
59269	Dill
59270	Coriander
59271	Saffron
59272	Nimble Windwalker
59273	Fleet Clouddancer
59274	Swift Skybreaker
59275	Elegant Moonstrider
59276	Spirited Nimble Windwalker
59277	Spirited Fleet Clouddancer
59278	Spirited Swift Skybreaker
59279	Spirited Elegant Moonstrider
59280	Key Fashion Token
59281	Chic Fashion Token
59282	Deceptive Chest
59283	Morcas Stag Hide
59284	Morcas Unicorn Horn
59285	Morcas Faerie Wing
59286	Morcas Dryad Leaf
59287	Enraged Morcas Dryad Leaf
59288	Beginner's Fishing Rod
59289	Novice's Fishing Rod
59290	Apprentice's Fishing Rod
59291	Aspirant's Fishing Rod
59292	Journeyman's Fishing Rod
59293	Adept's Fishing Rod
59294	Expert's Fishing Rod
59295	Artisan's Fishing Rod
59296	Master's Fishing Rod
59297	Grandmaster's Fishing Rod
59298	Rod of the Crab
59299	Rod of the Eel
59300	Rod of the Octopus
59301	Rod of the Manta
59302	Rod of the Shark
59303	Rod of the Swordfish
59304	Rod of the Siren
59305	Rod of the Kraken
59306	Rod of the Leviathan
59307	Ancient Fishing Rod
59308	Royal Ancient Fishing Rod
59309	Imperial Ancient Fishing Rod
59310	Godly Ancient Fishing Rod
59311	The Hand of Nodens
59312	Red Yulebringer's Festive Hat
59313	Red Snowbringer's Festive Hat
59315	Green Yulebringer's Festive Hat
59316	Blue Yulebringer's Festive Hat
59317	Green Snowbringer's Festive Hat
59318	Blue Snowbringer's Festive Hat
59319	Red Gloves Fashion Token
59320	Pink Gloves Fashion Token
59321	Orange Gloves Fashion Token
59322	Yellow Gloves Fashion Token
59323	Green Gloves Fashion Token
59324	Turquoise Gloves Fashion Token
59325	Blue Gloves Fashion Token
59326	Purple Gloves Fashion Token
59327	Black Gloves Fashion Token
59328	White Gloves Fashion Token
59329	Teal Gloves Fashion Token
59330	Mauve Gloves Fashion Token
59331	Red Leggings Fashion Token
59332	Pink Leggings Fashion Token
59333	Orange Leggings Fashion Token
59334	Yellow Leggings Fashion Token
59335	Green Leggings Fashion Token
59336	Turquoise Leggings Fashion Token
59337	Blue Leggings Fashion Token
59338	Purple Leggings Fashion Token
59339	Black Leggings Fashion Token
59340	White Leggings Fashion Token
59341	Teal Leggings Fashion Token
59342	Mauve Leggings Fashion Token
59343	Red Boots Fashion Token
59344	Pink Boots Fashion Token
59345	Orange Boots Fashion Token
59346	Yellow Boots Fashion Token
59347	Green Boots Fashion Token
59348	Turquoise Boots Fashion Token
59349	Blue Boots Fashion Token
59350	Purple Boots Fashion Token
59351	Black Boots Fashion Token
59352	White Boots Fashion Token
59353	Teal Boots Fashion Token
59354	Mauve Boots Fashion Token
59355	Red Top Fashion Token
59356	Pink Top Fashion Token
59357	Orange Top Fashion Token
59358	Yellow Top Fashion Token
59359	Green Top Fashion Token
59360	Turquoise Top Fashion Token
59361	Blue Top Fashion Token
59362	Purple Top Fashion Token
59363	Black Top Fashion Token
59364	White Top Fashion Token
59365	Teal Top Fashion Token
59366	Mauve Top Fashion Token
59367	Red Hat Fashion Token
59368	Pink Hat Fashion Token
59369	Orange Hat Fashion Token
59370	Yellow Hat Fashion Token
59371	Green Hat Fashion Token
59372	Turquoise Hat Fashion Token
59373	Blue Hat Fashion Token
59374	Purple Hat Fashion Token
59375	Black Hat Fashion Token
59376	White Hat Fashion Token
59377	Teal Hat Fashion Token
59378	Mauve Hat Fashion Token
59379	Particle Red Gloves Fashion Token
59380	Particle Pink Gloves Fashion Token
59381	Particle Orange Gloves Fashion Token
59382	Particle Yellow Gloves Fashion Token
59383	Particle Green Gloves Fashion Token
59384	Particle Turquoise Gloves Fashion Token
59385	Particle Blue Gloves Fashion Token
59386	Particle Purple Gloves Fashion Token
59387	Particle Black Gloves Fashion Token
59388	Particle White Gloves Fashion Token
59389	Particle Teal Gloves Fashion Token
59390	Particle Mauve Gloves Fashion Token
59391	Particle Red Leggings Fashion Token
59392	Particle Pink Leggings Fashion Token
59393	Particle Orange Leggings Fashion Token
59394	Particle Yellow Leggings Fashion Token
59395	Particle Green Leggings Fashion Token
59396	Particle Turquoise Leggings Fashion Token
59397	Particle Blue Leggings Fashion Token
59398	Particle Purple Leggings Fashion Token
59399	Particle Black Leggings Fashion Token
59400	Particle White Leggings Fashion Token
59401	Particle Teal Leggings Fashion Token
59402	Particle Mauve Leggings Fashion Token
59403	Particle Red Boots Fashion Token
59404	Particle Pink Boots Fashion Token
59405	Particle Orange Boots Fashion Token
59406	Particle Yellow Boots Fashion Token
59407	Particle Green Boots Fashion Token
59408	Particle Turquoise Boots Fashion Token
59409	Particle Blue Boots Fashion Token
59410	Particle Purple Boots Fashion Token
59411	Particle Black Boots Fashion Token
59412	Particle White Boots Fashion Token
59413	Particle Teal Boots Fashion Token
59414	Particle Mauve Boots Fashion Token
59415	Particle Red Top Fashion Token
59416	Particle Pink Top Fashion Token
59417	Particle Orange Top Fashion Token
59418	Particle Yellow Top Fashion Token
59419	Particle Green Top Fashion Token
59420	Particle Turquoise Top Fashion Token
59421	Particle Blue Top Fashion Token
59422	Particle Purple Top Fashion Token
59423	Particle Black Top Fashion Token
59424	Particle White Top Fashion Token
59425	Particle Teal Top Fashion Token
59426	Particle Mauve Top Fashion Token
59427	Particle Red Hat Fashion Token
59428	Particle Pink Hat Fashion Token
59429	Particle Orange Hat Fashion Token
59430	Particle Yellow Hat Fashion Token
59431	Particle Green Hat Fashion Token
59432	Particle Turquoise Hat Fashion Token
59433	Particle Blue Hat Fashion Token
59434	Particle Purple Hat Fashion Token
59435	Particle Black Hat Fashion Token
59436	Particle White Hat Fashion Token
59437	Particle Teal Hat Fashion Token
59438	Particle Mauve Hat Fashion Token
59439	Sunfire Bloom
59440	Skyforth Bloom
59441	Moonfrost Bloom
59443	Tiny Brown Bear
59444	Small Brown Bear
59445	Medium Brown Bear
59446	Large Brown Bear
59447	Huge Brown Bear
59448	Giant Brown Bear
59449	Tiny Red Bear
59450	Small Red Bear
59451	Medium Red Bear
59452	Large Red Bear
59453	Huge Red Bear
59454	Giant Red Bear
59455	Tiny Black Bear
59456	Small Black Bear
59457	Medium Black Bear
59458	Large Black Bear
59459	Huge Black Bear
59460	Giant Black Bear
59461	Tiny Silver Bear
59462	Small Silver Bear
59463	Medium Silver Bear
59464	Large Silver Bear
59465	Huge Silver Bear
59466	Giant Silver Bear
59467	Tiny Magic Spirit
59468	Small Magic Spirit
59469	Medium Magic Spirit
59470	Large Magic Spirit
59471	Huge Magic Spirit
59472	Giant Magic Spirit
59473	Tiny Nature Spirit
59474	Small Nature Spirit
59475	Medium Nature Spirit
59476	Large Nature Spirit
59477	Huge Nature Spirit
59478	Giant Nature Spirit
59479	Tiny Yellow Wisp
59480	Small Yellow Wisp
59481	Medium Yellow Wisp
59482	Large Yellow Wisp
59483	Huge Yellow Wisp
59484	Giant Yellow Wisp
59485	Tiny Red Wisp
59486	Small Red Wisp
59487	Medium Red Wisp
59488	Large Red Wisp
59489	Huge Red Wisp
59490	Giant Red Wisp
59491	Tiny Bear Food
59492	Small Bear Food
59493	Medium Bear Food
59494	Large Bear Food
59495	Huge Bear Food
59496	Giant Bear Food
59497	Tiny Spirit Food
59498	Small Spirit Food
59499	Medium Spirit Food
59500	Large Spirit Food
59501	Huge Spirit Food
59502	Giant Spirit Food
59506	Tiny Brown Wolf
59507	Small Brown Wolf
59508	Medium Brown Wolf
59509	Large Brown Wolf
59510	Huge Brown Wolf
59511	Giant Brown Wolf
59512	Tiny Grey Wolf
59513	Small Grey Wolf
59514	Medium Grey Wolf
59515	Large Grey Wolf
59516	Huge Grey Wolf
59517	Giant Grey Wolf
59518	Tiny Black Wolf
59519	Small Black Wolf
59520	Medium Black Wolf
59521	Large Black Wolf
59522	Huge Black Wolf
59523	Giant Black Wolf
59524	Tiny Red Wolf
59525	Small Red Wolf
59526	Medium Red Wolf
59527	Large Red Wolf
59528	Huge Red Wolf
59529	Giant Red Wolf
59530	Tiny Wolf Food
59531	Small Wolf Food
59532	Medium Wolf Food
59533	Large Wolf Food
59534	Huge Wolf Food
59535	Giant Wolf Food
59536	Bronze Mark of Nodens
59537	Silver Mark of Nodens
59538	Rotting Sunken Lockbox OLD
59539	Rusty Sunken Lockbox OLD
59540	Briny Sunken Lockbox OLD
59541	Antique Sunken Lockbox OLD
59542	Abyssal Sunken Lockbox OLD
59543	Tiny Purple Wisp
59544	Small Purple Wisp
59545	Medium Purple Wisp
59546	Large Purple Wisp
59547	Huge Purple Wisp
59548	Giant Purple Wisp
59549	Golden Mark of Nodens
59550	Budget Fishing Rod
59551	Orange Angler's Top
59552	Orange Angler's Leggings
59553	Orange Angler's Hat
59554	Orange Angler's Gloves
59555	Orange Angler's Boots
59556	Pink Angler's Top
59557	Pink Angler's Leggings
59558	Pink Angler's Hat
59559	Pink Angler's Gloves
59560	Pink Angler's Boots
59561	Yellow Angler's Top
59562	Yellow Angler's Leggings
59563	Yellow Angler's Hat
59564	Yellow Angler's Gloves
59565	Yellow Angler's Boots
59566	Green Angler's Top
59567	Green Angler's Leggings
59568	Green Angler's Hat
59569	Green Angler's Gloves
59570	Green Angler's Boots
59571	Red Angler's Top
59572	Red Angler's Leggings
59573	Red Angler's Hat
59574	Red Angler's Gloves
59575	Red Angler's Boots
59576	Blue Angler's Top
59577	Blue Angler's Leggings
59578	Blue Angler's Hat
59579	Blue Angler's Gloves
59580	Blue Angler's Boots
59581	Turquoise Angler's Top
59582	Turquoise Angler's Leggings
59583	Turquoise Angler's Hat
59584	Turquoise Angler's Gloves
59585	Turquoise Angler's Boots
59586	Purple Angler's Top
59587	Purple Angler's Leggings
59588	Purple Angler's Hat
59589	Purple Angler's Gloves
59590	Purple Angler's Boots
59591	Black Angler's Top
59592	Black Angler's Leggings
59593	Black Angler's Hat
59594	Black Angler's Gloves
59595	Black Angler's Boots
59596	White Angler's Top
59597	White Angler's Leggings
59598	White Angler's Hat
59599	White Angler's Gloves
59600	White Angler's Boots
59601	Fishing Pet Token
59602	Library Books Chest
59603	Old Musty Tome
59604	Romantic Novel
59605	Text Book
59606	Crumbling Tablet
59607	Crumbling Urn
59608	Crumbling Sword
59609	Crumbling Crown
59610	Crumbling Effigy
59611	DNU
59612	Shoreline Broth
59613	Riverbank Broth
59614	Lakeside Broth
59615	Darkwater Broth
59616	Otherworldly Broth
59617	Deepsea Broth
59618	Aged Tablet
59619	Aged Urn
59620	Aged Sword
59621	Aged Crown
59622	Aged Effigy
59623	DNU
59624	Tarnished Tablet
59625	Tarnished Urn
59626	Tarnished Sword
59627	Tarnished Crown
59628	Tarnished Effigy
59629	DNU
59630	Archaic Tablet
59631	Archaic Urn
59632	Archaic Sword
59633	Archaic Crown
59634	Archaic Effigy
59635	DNU
59636	Grimy Tablet
59637	Grimy Urn
59638	Grimy Sword
59639	Grimy Crown
59640	Grimy Effigy
59641	DNU
59642	Ancient Tablet
59643	Ancient Urn
59644	Ancient Sword
59645	Ancient Crown
59646	Ancient Effigy
59647	DNU
59648	Blemished Cream Pearl
59649	Smooth Cream Pearl
59650	Lustrous Cream Pearl
59651	Blemished Blue Pearl
59652	Smooth Blue Pearl
59653	Lustrous Blue Pearl
59654	Blemished Rose Pearl
59655	Smooth Rose Pearl
59656	Lustrous Rose Pearl
59657	Blemished Silver Pearl
59658	Smooth Silver Pearl
59659	Lustrous Silver Pearl
59660	Blemished Gold Pearl
59661	Smooth Gold Pearl
59662	Lustrous Gold Pearl
59663	Surf Clam
59664	Marsh Clam
59665	Rock Clam
59666	Giant Clam
59667	Gold-lip Clam
59668	Gold-lip Clam 2
59669	Beginner's Fishing Cache
59670	Novice's Fishing Cache
59671	Apprentice's Fishing Cache
59672	Aspirant's Fishing Cache
59673	Journeyman's Fishing Cache
59674	Adept's Fishing Cache
59675	Expert's Fishing Cache
59676	Artisan's Fishing Cache
59677	Master's Fishing Cache
59683	Waterlogged Boot
59684	Clump of Dripping Weeds
59685	Rusted Chainmail
59686	Minor Ring of Scholarly Wisdom
59687	Lesser Ring of Scholarly Wisdom
59688	Mystic Ring of Scholarly Wisdom
59689	Greater Ring of Scholarly Wisdom
59690	Grand Ring of Scholarly Wisdom
59691	Mighty Ring of Scholarly Wisdom
59692	Majestic Ring of Scholarly Wisdom
59693	Royal Ring of Scholarly Wisdom
59694	Imperial Ring of Scholarly Wisdom
59695	Godly Ring of Scholarly Wisdom
59696	Minor Ring of Golden Fortune
59697	Lesser Ring of Golden Fortune
59698	Mystic Ring of Golden Fortune
59699	Greater Ring of Golden Fortune
59700	Grand Ring of Golden Fortune
59701	Mighty Ring of Golden Fortune
59702	Majestic Ring of Golden Fortune
59703	Royal Ring of Golden Fortune
59704	Imperial Ring of Golden Fortune
59705	Godly Ring of Golden Fortune
59706	Minor Ring of Perfect Strike
59707	Lesser Ring of Perfect Strike
59708	Mystic Ring of Perfect Strike
59709	Greater Ring of Perfect Strike
59710	Grand Ring of Perfect Strike
59711	Mighty Ring of Perfect Strike
59712	Majestic Ring of Perfect Strike
59713	Royal Ring of Perfect Strike
59714	Imperial Ring of Perfect Strike
59715	Godly Ring of Perfect Strike
59716	Minor Ring of Peerless Skill
59717	Lesser Ring of Peerless Skill
59718	Mystic Ring of Peerless Skill
59719	Greater Ring of Peerless Skill
59720	Grand Ring of Peerless Skill
59721	Mighty Ring of Peerless Skill
59722	Majestic Ring of Peerless Skill
59723	Royal Ring of Peerless Skill
59724	Imperial Ring of Peerless Skill
59725	Godly Ring of Peerless Skill
59726	Minor Ring of Concentration
59727	Lesser Ring of Concentration
59728	Mystic Ring of Concentration
59729	Greater Ring of Concentration
59730	Grand Ring of Concentration
59731	Mighty Ring of Concentration
59732	Majestic Ring of Concentration
59733	Royal Ring of Concentration
59734	Imperial Ring of Concentration
59735	Godly Ring of Concentration
59736	Minor Ring of the Angler
59737	Lesser Ring of the Angler
59738	Mystic Ring of the Angler
59739	Greater Ring of the Angler
59740	Grand Ring of the Angler
59741	Mighty Ring of the Angler
59742	Majestic Ring of the Angler
59743	Royal Ring of the Angler
59744	Imperial Ring of the Angler
59745	Godly Ring of the Angler
59746	Broken Lockbox
59747	Rusty Lockbox
59748	Sunken Lockbox
59749	Bag of Fourty-Eight Pet Tokens
59750	Bag of Sixty-Four Pet Tokens
59752	MURRAY Assistant Charm
59753	MURRAY Lord Charm
59755	MURRAY Lighthouse Charm
59756	Signed Writ of Funding
59757	Lost Cache
59770	Enchanted Pearl
59771	Red Faewynd Gloves
59772	Pink Faewynd Gloves
59773	Orange Faewynd Gloves
59774	Yellow Faewynd Gloves
59775	Green Faewynd Gloves
59776	Turquoise Faewynd Gloves
59777	Blue Faewynd Gloves
59778	Purple Faewynd Gloves
59779	Black Faewynd Gloves
59780	White Faewynd Gloves
59781	Teal Faewynd Gloves
59782	Mauve Faewynd Gloves
59783	Red Faewynd Leggings
59784	Pink Faewynd Leggings
59785	Orange Faewynd Leggings
59786	Yellow Faewynd Leggings
59787	Green Faewynd Leggings
59788	Turquoise Faewynd Leggings
59789	Blue Faewynd Leggings
59790	Purple Faewynd Leggings
59791	Black Faewynd Leggings
59792	White Faewynd Leggings
59793	Teal Faewynd Leggings
59794	Mauve Faewynd Leggings
59795	Red Faewynd Boots
59796	Pink Faewynd Boots
59797	Orange Faewynd Boots
59798	Yellow Faewynd Boots
59799	Green Faewynd Boots
59800	Turquoise Faewynd Boots
59801	Blue Faewynd Boots
59802	Purple Faewynd Boots
59803	Black Faewynd Boots
59804	White Faewynd Boots
59805	Teal Faewynd Boots
59806	Mauve Faewynd Boots
59807	Red Faewynd Tunic
59808	Pink Faewynd Tunic
59809	Orange Faewynd Tunic
59810	Yellow Faewynd Tunic
59811	Green Faewynd Tunic
59812	Turquoise Faewynd Tunic
59813	Blue Faewynd Tunic
59814	Purple Faewynd Tunic
59815	Black Faewynd Tunic
59816	White Faewynd Tunic
59817	Teal Faewynd Tunic
59818	Mauve Faewynd Tunic
59819	Red Faewynd Hat
59820	Pink Faewynd Hat
59821	Orange Faewynd Hat
59822	Yellow Faewynd Hat
59823	Green Faewynd Hat
59824	Turquoise Faewynd Hat
59825	Blue Faewynd Hat
59826	Purple Faewynd Hat
59827	Black Faewynd Hat
59828	White Faewynd Hat
59829	Teal Faewynd Hat
59830	Mauve Faewynd Hat
59831	Enchanted Red Faewynd Gloves
59832	Enchanted Pink Faewynd Gloves
59833	Enchanted Orange Faewynd Gloves
59834	Enchanted Yellow Faewynd Gloves
59835	Enchanted Green Faewynd Gloves
59836	Enchanted Turquoise Faewynd Gloves
59837	Enchanted Blue Faewynd Gloves
59838	Enchanted Purple Faewynd Gloves
59839	Enchanted Black Faewynd Gloves
59840	Enchanted White Faewynd Gloves
59841	Enchanted Teal Faewynd Gloves
59842	Enchanted Mauve Faewynd Gloves
59843	Enchanted Red Faewynd Leggings
59844	Enchanted Pink Faewynd Leggings
59845	Enchanted Orange Faewynd Leggings
59846	Enchanted Yellow Faewynd Leggings
59847	Enchanted Green Faewynd Leggings
59848	Enchanted Turquoise Faewynd Leggings
59849	Enchanted Blue Faewynd Leggings
59850	Enchanted Purple Faewynd Leggings
59851	Enchanted Black Faewynd Leggings
59852	Enchanted White Faewynd Leggings
59853	Enchanted Teal Faewynd Leggings
59854	Enchanted Mauve Faewynd Leggings
59855	Enchanted Red Faewynd Boots
59856	Enchanted Pink Faewynd Boots
59857	Enchanted Orange Faewynd Boots
59858	Enchanted Yellow Faewynd Boots
59859	Enchanted Green Faewynd Boots
59860	Enchanted Turquoise Faewynd Boots
59861	Enchanted Blue Faewynd Boots
59862	Enchanted Purple Faewynd Boots
59863	Enchanted Black Faewynd Boots
59864	Enchanted White Faewynd Boots
59865	Enchanted Teal Faewynd Boots
59866	Enchanted Mauve Faewynd Boots
59867	Enchanted Red Faewynd Tunic
59868	Enchanted Pink Faewynd Tunic
59869	Enchanted Orange Faewynd Tunic
59870	Enchanted Yellow Faewynd Tunic
59871	Enchanted Green Faewynd Tunic
59872	Enchanted Turquoise Faewynd Tunic
59873	Enchanted Blue Faewynd Tunic
59874	Enchanted Purple Faewynd Tunic
59875	Enchanted Black Faewynd Tunic
59876	Enchanted White Faewynd Tunic
59877	Enchanted Teal Faewynd Tunic
59878	Enchanted Mauve Faewynd Tunic
59879	Enchanted Red Faewynd Hat
59880	Enchanted Pink Faewynd Hat
59881	Enchanted Orange Faewynd Hat
59882	Enchanted Yellow Faewynd Hat
59883	Enchanted Green Faewynd Hat
59884	Enchanted Turquoise Faewynd Hat
59885	Enchanted Blue Faewynd Hat
59886	Enchanted Purple Faewynd Hat
59887	Enchanted Black Faewynd Hat
59888	Enchanted White Faewynd Hat
59889	Enchanted Teal Faewynd Hat
59890	Enchanted Mauve Faewynd Hat
59891	Minor Enchanted Pearl Ring
59892	Lesser Enchanted Pearl Ring
59893	Mystic Enchanted Pearl Ring
59894	Greater Enchanted Pearl Ring
59895	Grand Enchanted Pearl Ring
59896	Hawkhurst Poison
59897	Coldshard Crystal
59898	Blackstone Cache
59899	Crawler Mucus
59900	Manual of Many Toxins
59901	Crystal Laced Vial
59902	Cadaverous Bloom
59903	Profane Bloom
59904	Vial of Deathmute
59905	Torn Journal
59906	Mindtrap Shard
59907	Darkmind Core
59908	Darkrune Chunk
59909	Maligath's Manuscript
59910	Runebound Heartstone
59911	Dragoncult Tome
59912	Scroll of Oak
59913	Scroll of Elm
59914	Deathshard Crystal
59915	Deathmute Ring
59916	Empowered Deathmute Ring
59917	Exalted Deathmute Ring
59918	Spoiled Meat
59919	Chum
59920	Invasive Morthar
59921	Weapon Revised Sword T1 Shortsword
59922	Weapon Revised Sword T1 Cutlass
59923	Weapon Revised Sword T1 Falchion
59924	Weapon Revised Sword T1 Broadsword
59925	Weapon Revised Sword T1 Longsword
59926	Weapon Revised Sword T1 Claymore
59927	Weapon Revised Sword T1 Greatsword
59928	Weapon Revised Sword t2 Shortsword
59929	Weapon Revised Sword t2 Cutlass
59930	Weapon Revised Sword t2 Falchion
59931	Weapon Revised Sword t2 Broadsword
59932	Weapon Revised Sword t2 Longsword
59933	Weapon Revised Sword t2 Claymore
59934	Weapon Revised Sword t2 Greatsword
59937	MurrayTest Fashion Gloves
59938	MurrayTest Fashion Leggings
59939	MurrayTest Fashion Boots
59940	MurrayTest Fashion Tunic
59941	MurrayTest Fashion Hat
59942	Tiny Brown Spider
59943	Small Brown Spider
59944	Medium Brown Spider
59945	Large Brown Spider
59946	Huge Brown Spider
59947	Giant Brown Spider
59948	Tiny Black Spider
59949	Small Black Spider
59950	Medium Black Spider
59951	Large Black Spider
59952	Huge Black Spider
59953	Giant Black Spider
59954	Tiny Red Spider
59955	Small Red Spider
59956	Medium Red Spider
59957	Large Red Spider
59958	Huge Red Spider
59959	Giant Red Spider
59960	Tiny Yellow Spider
59961	Small Yellow Spider
59962	Medium Yellow Spider
59963	Large Yellow Spider
59964	Huge Yellow Spider
59965	Giant Yellow Spider
59966	Tiny Brown Boar
59967	Small Brown Boar
59968	Medium Brown Boar
59969	Large Brown Boar
59970	Huge Brown Boar
59971	Giant Brown Boar
59972	Tiny Black Boar
59973	Small Black Boar
59974	Medium Black Boar
59975	Large Black Boar
59976	Huge Black Boar
59977	Giant Black Boar
59978	Tiny Grey Boar
59979	Small Grey Boar
59980	Medium Grey Boar
59981	Large Grey Boar
59982	Huge Grey Boar
59983	Giant Grey Boar
59984	Tiny Tan Boar
59985	Small Tan Boar
59986	Medium Tan Boar
59987	Large Tan Boar
59988	Huge Tan Boar
59989	Giant Tan Boar
59990	Tiny Spider Food
59991	Small Spider Food
59992	Medium Spider Food
59993	Large Spider Food
59994	Huge Spider Food
59995	Giant Spider Food
59996	Tiny Boar Food
59997	Small Boar Food
59998	Medium Boar Food
59999	Large Boar Food
60000	Huge Boar Food
60001	Giant Boar Food
60002	Auction House Token
60005	Red Charm of the Royal
60006	Pink Charm of the Royal
60007	Orange Charm of the Royal
60008	Yellow Charm of the Royal
60009	Green Charm of the Royal
60010	Turquoise Charm of the Royal
60011	Blue Charm of the Royal
60012	Purple Charm of the Royal
60013	Black Charm of the Royal
60014	White Charm of the Royal
60015	Teal Charm of the Royal
60016	Mauve Charm of the Royal
60017	Red Charm of the Keeper
60018	Pink Charm of the Keeper
60019	Orange Charm of the Keeper
60020	Yellow Charm of the Keeper
60021	Green Charm of the Keeper
60022	Turquoise Charm of the Keeper
60023	Blue Charm of the Keeper
60024	Purple Charm of the Keeper
60025	Black Charm of the Keeper
60026	White Charm of the Keeper
60027	Teal Charm of the Keeper
60028	Mauve Charm of the Keeper
60029	Red Charm of the Treasury
60030	Pink Charm of the Treasury
60031	Orange Charm of the Treasury
60032	Yellow Charm of the Treasury
60033	Green Charm of the Treasury
60034	Turquoise Charm of the Treasury
60035	Blue Charm of the Treasury
60036	Purple Charm of the Treasury
60037	Black Charm of the Treasury
60038	White Charm of the Treasury
60039	Teal Charm of the Treasury
60040	Mauve Charm of the Treasury
60041	Red Charm of the Chronicler
60042	Pink Charm of the Chronicler
60043	Orange Charm of the Chronicler
60044	Yellow Charm of the Chronicler
60045	Green Charm of the Chronicler
60046	Turquoise Charm of the Chronicler
60047	Blue Charm of the Chronicler
60048	Purple Charm of the Chronicler
60049	Black Charm of the Chronicler
60050	White Charm of the Chronicler
60051	Teal Charm of the Chronicler
60052	Mauve Charm of the Chronicler
60054	Wolf Battlemount 1
60055	Wolf Battlemount 2
60056	Wolf Battlemount 3
60057	Wolf Battlemount 4
60058	Wolf Battlemount 5
60059	Wolf Battlemount 6
60060	Bear Battlemount 1
60061	Bear Battlemount 2
60062	Bear Battlemount 3
60063	Bear Battlemount 4
60064	Bear Battlemount 5
60065	Bear Battlemount 6
60071	Red Charm Token
60072	Pink Charm Token
60073	Orange Charm Token
60074	Yellow Charm Token
60075	Green Charm Token
60076	Turquoise Charm Token
60077	Blue Charm Token
60078	Purple Charm Token
60079	Black Charm Token
60080	White Charm Token
60081	Teal Charm Token
60082	Mauve Charm Token
60083	Saddle
60084	Draken Bone Axe
60085	Dark Wolf Razor Claw
60086	Stolen Gem
60087	Crookback Club
60088	Skullcrusher Supply Chest
60089	Skullcrusher Sword Shard
60090	Cursed Crystal
60091	Cursed Bone
60092	Connacht Reports
60093	Connacht Razor Spear
60094	Connacht Ice Gem
60095	Flawless Rat Pelt
60096	Flawless Bat Pelt
60097	Pointed Vermin Fang
60098	Charged Gem
60099	Sleatskean Ice Crystal
60100	Fire Effigy Torch
60101	Bear Claw
60102	Bear Pelt
60103	Darksea Eye Patch
60104	Darksea Cutlass
60105	Darksea Treasure
60106	Precious Shell
60107	Corrupted Lens
60108	Mystical Crystal
60109	Mushroom Spore
60110	Enchanted Bone
60111	Rotting Spear
60112	Spider Fang
60113	Ghostly Shroud
60114	Mystic Summoning Orb
60115	Shadow Shard
60116	Ironrock Core
60117	Golem Fire Crystal
60118	Ember Gem
60119	Boggan Bone Club
60120	Boggan Cloth Scraps
60121	Boggan Treasure Trove
60122	Spell Fragments
60123	Boggan Claw
60124	Firbolg Armour Scraps
60125	Fianna Supplies
60126	Fianna Remains
60127	Enforcer Armour Fragment
60128	Hexhound Fang
60129	Detention Gem
60130	Blightbeast Fragment
60131	Forbidden Magic
60132	Ascension Power Matrix
60133	Imp Armour Fragment
60134	Tower Power Crystal
60135	Alchemical Powervial
60136	Control Crystal
60137	Ironghast Essence
60138	Casting Runes
60139	Farseeing Lens
60140	Gem of Focus
60141	Forbidden Directives
60142	Cursed Terrorblade
60143	Shadow Claws
60144	Rimebound Mystery Chest
60145	Mount Token
60146	Tame Brown War Wolf
60147	Trained Brown War Wolf
60148	Hardened Brown War Wolf
60149	Relentless Brown War Wolf
60150	Ferocious Brown War Wolf
60151	Primal Brown War Wolf
60152	Tame Red War Wolf
60153	Trained Red War Wolf
60154	Hardened Red War Wolf
60155	Relentless Red War Wolf
60156	Ferocious Red War Wolf
60157	Primal Red War Wolf
60158	Tame Black War Wolf
60159	Trained Black War Wolf
60160	Hardened Black War Wolf
60161	Relentless Black War Wolf
60162	Ferocious Black War Wolf
60163	Primal Black War Wolf
60164	Tame Silver War Wolf
60165	Trained Silver War Wolf
60166	Hardened Silver War Wolf
60167	Relentless Silver War Wolf
60168	Ferocious Silver War Wolf
60169	Primal Silver War Wolf
60170	Tame Brown War Bear
60171	Trained Brown War Bear
60172	Hardened Brown War Bear
60173	Relentless Brown War Bear
60174	Ferocious Brown War Bear
60175	Primal Brown War Bear
60176	Tame Grey War Bear
60177	Trained Grey War Bear
60178	Hardened Grey War Bear
60179	Relentless Grey War Bear
60180	Ferocious Grey War Bear
60181	Primal Grey War Bear
60182	Tame Black War Bear
60183	Trained Black War Bear
60184	Hardened Black War Bear
60185	Relentless Black War Bear
60186	Ferocious Black War Bear
60187	Primal Black War Bear
60188	Tame Silver War Bear
60189	Trained Silver War Bear
60190	Hardened Silver War Bear
60191	Relentless Silver War Bear
60192	Ferocious Silver War Bear
60193	Primal Silver War Bear
60194	Bag of One Mount Token
60195	Bag of Two Mount Tokens
60196	Bag of Three Mount Tokens
60197	Bag of Four Mount Tokens
60198	Bag of Five Mount Tokens
60199	Bag of Six Mount Tokens
60200	Bag of Seven Mount Tokens
60201	Bag of Eight Mount Tokens
60202	Bag of Nine Mount Tokens
60203	Bag of Ten Mount Tokens
60204	Bag of Eleven Mount Tokens
60205	Bag of Twelve Mount Tokens
60206	Bag of Thirteen Mount Tokens
60207	Bag of Fourteen Mount Tokens
60208	Bag of Fifteen Mount Tokens
60209	Bag of Sixteen Mount Tokens
60210	Bag of Seventeen Mount Tokens
60211	Bag of Eighteen Mount Tokens
60212	Bag of Nineteen Mount Tokens
60213	Bag of Twenty Mount Tokens
60214	Bag of Twenty-Four Mount Tokens
60215	Bag of Thirty-Two Mount Tokens
60216	Bag of Fourty-Eight Mount Tokens
60217	Bag of Sixty-Four Mount Tokens
60218	Red Wintermyst Gloves
60219	Pink Wintermyst Gloves
60220	Orange Wintermyst Gloves
60221	Yellow Wintermyst Gloves
60222	Green Wintermyst Gloves
60223	Turquoise Wintermyst Gloves
60224	Blue Wintermyst Gloves
60225	Purple Wintermyst Gloves
60226	Black Wintermyst Gloves
60227	White Wintermyst Gloves
60228	Teal Wintermyst Gloves
60229	Mauve Wintermyst Gloves
60230	Red Wintermyst Leggings
60231	Pink Wintermyst Leggings
60232	Orange Wintermyst Leggings
60233	Yellow Wintermyst Leggings
60234	Green Wintermyst Leggings
60235	Turquoise Wintermyst Leggings
60236	Blue Wintermyst Leggings
60237	Purple Wintermyst Leggings
60238	Black Wintermyst Leggings
60239	White Wintermyst Leggings
60240	Teal Wintermyst Leggings
60241	Mauve Wintermyst Leggings
60242	Red Wintermyst Boots
60243	Pink Wintermyst Boots
60244	Orange Wintermyst Boots
60245	Yellow Wintermyst Boots
60246	Green Wintermyst Boots
60247	Turquoise Wintermyst Boots
60248	Blue Wintermyst Boots
60249	Purple Wintermyst Boots
60250	Black Wintermyst Boots
60251	White Wintermyst Boots
60252	Teal Wintermyst Boots
60253	Mauve Wintermyst Boots
60254	Red Wintermyst Top
60255	Pink Wintermyst Top
60256	Orange Wintermyst Top
60257	Yellow Wintermyst Top
60258	Green Wintermyst Top
60259	Turquoise Wintermyst Top
60260	Blue Wintermyst Top
60261	Purple Wintermyst Top
60262	Black Wintermyst Top
60263	White Wintermyst Top
60264	Teal Wintermyst Top
60265	Mauve Wintermyst Top
60266	Red Wintermyst Hat
60267	Pink Wintermyst Hat
60268	Orange Wintermyst Hat
60269	Yellow Wintermyst Hat
60270	Green Wintermyst Hat
60271	Turquoise Wintermyst Hat
60272	Blue Wintermyst Hat
60273	Purple Wintermyst Hat
60274	Black Wintermyst Hat
60275	White Wintermyst Hat
60276	Teal Wintermyst Hat
60277	Mauve Wintermyst Hat
60278	Red Barding
60279	Pink Barding
60280	Orange Barding
60281	Yellow Barding
60282	Green Barding
60283	Turquoise Barding
60284	Blue Barding
60285	Purple Barding
60286	Black Barding
60287	White Barding
60288	Mount Barding Box
60289	DNU
60290	DNU
60291	DNU
60292	DNU
60293	DNU
60294	DNU
60295	DNU
60296	DNU
60297	DNU
60298	DNU
60299	DNU
60300	DNU
60301	DNU
60302	DNU
60303	DNU
60304	DNU
60305	DNU
60306	DNU
60307	DNU
60308	DNU
60309	DNU
60310	DNU
60311	DNU
60312	DNU
60313	DNU
60314	DNU
60315	DNU
60316	DNU
60317	DNU
60318	DNU
60319	DNU
60320	DNU
60321	DNU
60322	DNU
60323	DNU
60324	DNU
60325	DNU
60326	DNU
60327	DNU
60328	DNU
60329	DNU
60330	DNU
60331	DNU
60332	DNU
60333	DNU
60334	DNU
60335	DNU
60336	DNU
60337	DNU
60338	DNU
60339	DNU
60340	DNU
60341	DNU
60342	DNU
60343	DNU
60344	DNU
60345	DNU
60346	DNU
60347	DNU
60348	DNU
60349	Red Radiant Barding
60350	Pink Radiant Barding
60351	Orange Radiant Barding
60352	Yellow Radiant Barding
60353	Green Radiant Barding
60354	Turquoise Radiant Barding
60355	Blue Radiant Barding
60356	Purple Radiant Barding
60357	Black Radiant Barding
60358	White Radiant Barding
60359	Mount Whistle
60360	Mystical Red Wintermyst Gloves
60361	Mystical Pink Wintermyst Gloves
60362	Mystical Orange Wintermyst Gloves
60363	Mystical Yellow Wintermyst Gloves
60364	Mystical Green Wintermyst Gloves
60365	Mystical Turquoise Wintermyst Gloves
60366	Mystical Blue Wintermyst Gloves
60367	Mystical Purple Wintermyst Gloves
60368	Mystical Black Wintermyst Gloves
60369	Mystical White Wintermyst Gloves
60370	Mystical Teal Wintermyst Gloves
60371	Mystical Mauve Wintermyst Gloves
60372	Mystical Red Wintermyst Leggings
60373	Mystical Pink Wintermyst Leggings
60374	Mystical Orange Wintermyst Leggings
60375	Mystical Yellow Wintermyst Leggings
60376	Mystical Green Wintermyst Leggings
60377	Mystical Turquoise Wintermyst Leggings
60378	Mystical Blue Wintermyst Leggings
60379	Mystical Purple Wintermyst Leggings
60380	Mystical Black Wintermyst Leggings
60381	Mystical White Wintermyst Leggings
60382	Mystical Teal Wintermyst Leggings
60383	Mystical Mauve Wintermyst Leggings
60384	Mystical Red Wintermyst Boots
60385	Mystical Pink Wintermyst Boots
60386	Mystical Orange Wintermyst Boots
60387	Mystical Yellow Wintermyst Boots
60388	Mystical Green Wintermyst Boots
60389	Mystical Turquoise Wintermyst Boots
60390	Mystical Blue Wintermyst Boots
60391	Mystical Purple Wintermyst Boots
60392	Mystical Black Wintermyst Boots
60393	Mystical White Wintermyst Boots
60394	Mystical Teal Wintermyst Boots
60395	Mystical Mauve Wintermyst Boots
60396	Mystical Red Wintermyst Top
60397	Mystical Pink Wintermyst Top
60398	Mystical Orange Wintermyst Top
60399	Mystical Yellow Wintermyst Top
60400	Mystical Green Wintermyst Top
60401	Mystical Turquoise Wintermyst Top
60402	Mystical Blue Wintermyst Top
60403	Mystical Purple Wintermyst Top
60404	Mystical Black Wintermyst Top
60405	Mystical White Wintermyst Top
60406	Mystical Teal Wintermyst Top
60407	Mystical Mauve Wintermyst Top
60408	Mystical Red Wintermyst Hat
60409	Mystical Pink Wintermyst Hat
60410	Mystical Orange Wintermyst Hat
60411	Mystical Yellow Wintermyst Hat
60412	Mystical Green Wintermyst Hat
60413	Mystical Turquoise Wintermyst Hat
60414	Mystical Blue Wintermyst Hat
60415	Mystical Purple Wintermyst Hat
60416	Mystical Black Wintermyst Hat
60417	Mystical White Wintermyst Hat
60418	Mystical Teal Wintermyst Hat
60419	Mystical Mauve Wintermyst Hat
60420	Particle Red Charm Token
60421	Particle Pink Charm Token
60422	Particle Orange Charm Token
60423	Particle Yellow Charm Token
60424	Particle Green Charm Token
60425	Particle Turquoise Charm Token
60426	Particle Blue Charm Token
60427	Particle Purple Charm Token
60428	Particle Black Charm Token
60429	Particle White Charm Token
60430	Particle Teal Charm Token
60431	Particle Mauve Charm Token
60432	Flawless Red Charm of the Royal
60433	Flawless Pink Charm of the Royal
60434	Flawless Orange Charm of the Royal
60435	Flawless Yellow Charm of the Royal
60436	Flawless Green Charm of the Royal
60437	Flawless Turquoise Charm of the Royal
60438	Flawless Blue Charm of the Royal
60439	Flawless Purple Charm of the Royal
60440	Flawless Black Charm of the Royal
60441	Flawless White Charm of the Royal
60442	Flawless Teal Charm of the Royal
60443	Flawless Mauve Charm of the Royal
60444	Flawless Red Charm of the Keeper
60445	Flawless Pink Charm of the Keeper
60446	Flawless Orange Charm of the Keeper
60447	Flawless Yellow Charm of the Keeper
60448	Flawless Green Charm of the Keeper
60449	Flawless Turquoise Charm of the Keeper
60450	Flawless Blue Charm of the Keeper
60451	Flawless Purple Charm of the Keeper
60452	Flawless Black Charm of the Keeper
60453	Flawless White Charm of the Keeper
60454	Flawless Teal Charm of the Keeper
60455	Flawless Mauve Charm of the Keeper
60456	Flawless Red Charm of the Treasury
60457	Flawless Pink Charm of the Treasury
60458	Flawless Orange Charm of the Treasury
60459	Flawless Yellow Charm of the Treasury
60460	Flawless Green Charm of the Treasury
60461	Flawless Turquoise Charm of the Treasury
60462	Flawless Blue Charm of the Treasury
60463	Flawless Purple Charm of the Treasury
60464	Flawless Black Charm of the Treasury
60465	Flawless White Charm of the Treasury
60466	Flawless Teal Charm of the Treasury
60467	Flawless Mauve Charm of the Treasury
60468	Flawless Red Charm of the Chronicler
60469	Flawless Pink Charm of the Chronicler
60470	Flawless Orange Charm of the Chronicler
60471	Flawless Yellow Charm of the Chronicler
60472	Flawless Green Charm of the Chronicler
60473	Flawless Turquoise Charm of the Chronicler
60474	Flawless Blue Charm of the Chronicler
60475	Flawless Purple Charm of the Chronicler
60476	Flawless Black Charm of the Chronicler
60477	Flawless White Charm of the Chronicler
60478	Flawless Teal Charm of the Chronicler
60479	Flawless Mauve Charm of the Chronicler
60480	10 Rimebound Mystery Chest Bundle
60481	100 Rimebound Mystery Chest Bundle
60482	Rimebound Gift
60483	Rimebound Present
60485	Barbershop Coupon
60487	Red Charm of the Impish
60488	Pink Charm of the Impish
60489	Orange Charm of the Impish
60490	Yellow Charm of the Impish
60491	Green Charm of the Impish
60492	Turquoise Charm of the Impish
60493	Blue Charm of the Impish
60494	Purple Charm of the Impish
60495	Black Charm of the Impish
60496	White Charm of the Impish
60497	Teal Charm of the Impish
60498	Mauve Charm of the Impish
60499	Red Charm of the Cabal
60500	Pink Charm of the Cabal
60501	Orange Charm of the Cabal
60502	Yellow Charm of the Cabal
60503	Green Charm of the Cabal
60504	Turquoise Charm of the Cabal
60505	Blue Charm of the Cabal
60506	Purple Charm of the Cabal
60507	Black Charm of the Cabal
60508	White Charm of the Cabal
60509	Teal Charm of the Cabal
60510	Mauve Charm of the Cabal
60511	Flawless Red Charm of the Impish
60512	Flawless Pink Charm of the Impish
60513	Flawless Orange Charm of the Impish
60514	Flawless Yellow Charm of the Impish
60515	Flawless Green Charm of the Impish
60516	Flawless Turquoise Charm of the Impish
60517	Flawless Blue Charm of the Impish
60518	Flawless Purple Charm of the Impish
60519	Flawless Black Charm of the Impish
60520	Flawless White Charm of the Impish
60521	Flawless Teal Charm of the Impish
60522	Flawless Mauve Charm of the Impish
60523	Flawless Red Charm of the Cabal
60524	Flawless Pink Charm of the Cabal
60525	Flawless Orange Charm of the Cabal
60526	Flawless Yellow Charm of the Cabal
60527	Flawless Green Charm of the Cabal
60528	Flawless Turquoise Charm of the Cabal
60529	Flawless Blue Charm of the Cabal
60530	Flawless Purple Charm of the Cabal
60531	Flawless Black Charm of the Cabal
60532	Flawless White Charm of the Cabal
60533	Flawless Teal Charm of the Cabal
60534	Flawless Mauve Charm of the Cabal
60535	Barbershop Torso
60536	Barbershop Legs
60537	Corrupted Blossom
60538	Poisoned Thorn
60541	Barley
60542	Wheat
60543	Oats
60544	Lentils
60545	Onion
60546	Butter
60547	Peas
60548	Cheese
60549	Cream
60550	Milk
60551	Eggs
60552	Ginger
60553	Sugar
60554	Raisins
60555	Honey
60556	Leek
60557	Carrot
60558	King Bolete
60559	Dried Fruit
60560	Spinach Leaf
60561	Rabbit Meat
60562	Raw Beef
60563	Raw Venison
60564	Raw Pork
60565	DNU Boar Meat
60566	Raw Mutton
60567	Raspberry
60568	Blueberry
60569	Warbeast Egg
60570	Wyvern Egg
60571	Black Truffle
60572	Beluga Roe
60573	Tenderloin Cut
60574	Goose Liver
60575	Black Cherry
60576	Lemon Curds
60577	Quail Eggs
60578	Clove of Garlic
60579	Meringue
60580	Burnt Gruel
60581	Burnt Flat Bread
60582	Burnt Broth
60583	Burnt Bread
60584	Burnt Lentil Soup
60585	Burnt Oatcake
60586	Burnt Pea Soup
60587	Burnt Scones
60588	Burnt Pottage
60589	Burnt Ginger Bread
60590	Burnt Scotch Broth
60591	Burnt Shortbread
60592	Burnt Carrot Soup
60593	Burnt Pancake
60594	Burnt Frumenty
60595	Burnt Flapjack
60596	Burnt Sweet Porridge
60597	Burnt Bannock
60598	Burnt Mushroom Casserole
60599	Burnt Fruit Cake
60600	Burnt Rabbit Pie
60601	Burnt Roast Beef
60602	Burnt Venison Stew
60603	Burnt Black Pudding
60604	Burnt Boar Roast
60605	Burnt Rare Fruit Salad
60606	Burnt Warbeast Omelette
60607	Burnt Wyvern Egg Souffle
60608	Burnt Lamb Casserole
60609	Burnt Cheese Rarebit
60610	Burnt Cream of Pea Soup
60611	Burnt Cream of Carrot Soup
60612	Burnt Spinach Pancake
60613	Burnt Granola
60614	Burnt Sweet Roll
60615	Burnt Bara Brith
60616	Burnt Herring Pie
60617	Burnt Whiting Soup
60618	Burnt Flounder Fillet
60619	Burnt Smoked Mackerel
60620	Burnt Rudd Pie
60621	Burnt Barbel Soup
60622	Burnt Fried Carp
60623	Burnt Salted Pike
60624	Burnt Bream Quiche
60625	Burnt Trout Soup
60626	Burnt Catfish Steak
60627	Burnt Smoked Salmon
60628	Burnt Cave Fish Pie
60629	Burnt Cullen Skink
60630	Burnt Plaice Fillet
60631	Burnt Smoked Eel
60632	Burnt Morthar Ray Pie
60633	Burnt Morthar Shark Soup
60634	Burnt Sturgeon Fillet
60635	Burnt Smoked Ray
60636	Burnt Eel Pie
60637	Burnt Dogfish Soup
60638	Burnt Gulper Eel Fillet
60639	Burnt Salted Angler
60640	Burnt Manta Ray Pie
60641	Burnt Bull Shark Soup
60642	Burnt Monkfish Fillet
60643	Burnt Jellied Eel
60644	Burnt Truffled Quail Eggs
60645	Burnt Caviar
60646	Burnt Filet Mignon
60647	Burnt Goose Liver Pate
60648	Burnt Pavlova
60649	Burnt Lemon Meringue Pie
60650	Gruel
60651	Flat Bread
60652	Broth
60653	Bread
60654	Lentil Soup
60655	Oatcake
60656	Pea Soup
60657	Scone
60658	Pottage
60659	Ginger Bread
60660	Scotch Broth
60661	Shortbread
60662	Carrot Soup
60663	Pancake
60664	Frumenty
60665	Flapjack
60666	Sweet Porridge
60667	Bannock
60668	Mushroom Casserole
60669	Fruit Cake
60670	Rabbit Pie
60671	Roast Beef
60672	Venison Stew
60673	Black Pudding
60674	Boar Roast
60675	Rare Fruit Salad
60676	Warbeast Omelette
60677	Wyvern Egg Souffle
60678	Lamb Casserole
60679	Cheese Rarebit
60680	Cream of Pea Soup
60681	Cream of Carrot Soup
60682	Spinach Pancake
60683	Granola
60684	Sweet Roll
60685	Bara Brith
60686	Herring Pie
60687	Whiting Soup
60688	Flounder Fillet
60689	Smoked Mackerel
60690	Rudd Pie
60691	Barbel Soup
60692	Fried Carp
60693	Salted Pike
60694	Bream Quiche
60695	Trout Soup
60696	Catfish Steak
60697	Smoked Salmon
60698	Cave Fish Pie
60699	Cullen Skink
60700	Plaice Fillet
60701	Smoked Eel
60702	Morthar Ray Pie
60703	Morthar Shark Soup
60704	Sturgeon Fillet
60705	Smoked Ray
60706	Eel Pie
60707	Dogfish Soup
60708	Gulper Eel Fillet
60709	Salted Angler
60710	Manta Ray Pie
60711	Bull Shark Soup
60712	Monkfish Fillet
60713	Jellied Eel
60714	Truffled Quail Eggs
60715	Caviar
60716	Filet Mignon
60717	Goose Liver Pate
60718	Pavlova
60719	Lemon Meringue Pie
60720	Exquisite Gruel
60721	Exquisite Flat Bread
60722	Exquisite Broth
60723	Exquisite Bread
60724	Exquisite Lentil Soup
60725	Exquisite Oatcake
60726	Exquisite Pea Soup
60727	Exquisite Scones
60728	Exquisite Pottage
60729	Exquisite Ginger Bread
60730	Exquisite Scotch Broth
60731	Exquisite Shortbread
60732	Exquisite Carrot Soup
60733	Exquisite Pancake
60734	Exquisite Frumenty
60735	Exquisite Flapjack
60736	Exquisite Sweet Porridge
60737	Exquisite Bannock
60738	Exquisite Mushroom Casserole
60739	Exquisite Fruit Cake
60740	Exquisite Rabbit Pie
60741	Exquisite Roast Beef
60742	Exquisite Venison Stew
60743	Exquisite Black Pudding
60744	Exquisite Boar Roast
60745	Exquisite Rare Fruit Salad
60746	Exquisite Warbeast Omelette
60747	Exquisite Wyvern Egg Souffle
60748	Exquisite Lamb Casserole
60749	Exquisite Cheese Rarebit
60750	Exquisite Cream of Pea Soup
60751	Exquisite Cream of Carrot Soup
60752	Exquisite Spinach Pancake
60753	Exquisite Granola
60754	Exquisite Sweet Roll
60755	Exquisite Bara Brith
60756	Exquisite Herring Pie
60757	Exquisite Whiting Soup
60758	Exquisite Flounder Fillet
60759	Exquisite Smoked Mackerel
60760	Exquisite Rudd Pie
60761	Exquisite Barbel Soup
60762	Exquisite Fried Carp
60763	Exquisite Salted Pike
60764	Exquisite Bream Quiche
60765	Exquisite Trout Soup
60766	Exquisite Catfish Steak
60767	Exquisite Smoked Salmon
60768	Exquisite Cave Fish Pie
60769	Exquisite Cullen Skink
60770	Exquisite Plaice Fillet
60771	Exquisite Smoked Eel
60772	Exquisite Morthar Ray Pie
60773	Exquisite Morthar Shark Soup
60774	Exquisite Sturgeon Fillet
60775	Exquisite Smoked Ray
60776	Exquisite Eel Pie
60777	Exquisite Dogfish Soup
60778	Exquisite Gulper Eel Fillet
60779	Exquisite Salted Angler
60780	Exquisite Manta Ray Pie
60781	Exquisite Bull Shark Soup
60782	Exquisite Monkfish Fillet
60783	Exquisite Jellied Eel
60784	Exquisite Truffled Quail Eggs
60785	Exquisite Caviar
60786	Exquisite Filet Mignon
60787	Exquisite Goose Liver Pate
60788	Exquisite Pavlova
60789	Exquisite Lemon Meringue Pie
60790	Perfected Gruel
60791	Perfected Flat Bread
60792	Perfected Broth
60793	Perfected Bread
60794	Perfected Lentil Soup
60795	Perfected Oatcake
60796	Perfected Pea Soup
60797	Perfected Scones
60798	Perfected Pottage
60799	Perfected Ginger Bread
60800	Perfected Scotch Broth
60801	Perfected Shortbread
60802	Perfected Carrot Soup
60803	Perfected Pancake
60804	Perfected Frumenty
60805	Perfected Flapjack
60806	Perfected Sweet Porridge
60807	Perfected Bannock
60808	Perfected Mushroom Casserole
60809	Perfected Fruit Cake
60810	Perfected Rabbit Pie
60811	Perfected Roast Beef
60812	Perfected Venison Stew
60813	Perfected Black Pudding
60814	Perfected Boar Roast
60815	Perfected Rare Fruit Salad
60816	Perfected Warbeast Omelette
60817	Perfected Wyvern Egg Souffle
60818	Perfected Lamb Casserole
60819	Perfected Cheese Rarebit
60820	Perfected Cream of Pea Soup
60821	Perfected Cream of Carrot Soup
60822	Perfected Spinach Pancake
60823	Perfected Granola
60824	Perfected Sweet Roll
60825	Perfected Bara Brith
60826	Perfected Herring Pie
60827	Perfected Whiting Soup
60828	Perfected Flounder Fillet
60829	Perfected Smoked Mackerel
60830	Perfected Rudd Pie
60831	Perfected Barbel Soup
60832	Perfected Fried Carp
60833	Perfected Salted Pike
60834	Perfected Bream Quiche
60835	Perfected Trout Soup
60836	Perfected Catfish Steak
60837	Perfected Smoked Salmon
60838	Perfected Cave Fish Pie
60839	Perfected Cullen Skink
60840	Perfected Plaice Fillet
60841	Perfected Smoked Eel
60842	Perfected Morthar Ray Pie
60843	Perfected Morthar Shark Soup
60844	Perfected Sturgeon Fillet
60845	Perfected Smoked Ray
60846	Perfected Eel Pie
60847	Perfected Dogfish Soup
60848	Perfected Gulper Eel Fillet
60849	Perfected Salted Angler
60850	Perfected Manta Ray Pie
60851	Perfected Bull Shark Soup
60852	Perfected Monkfish Fillet
60853	Perfected Jellied Eel
60854	Perfected Truffled Quail Eggs
60855	Perfected Caviar
60856	Perfected Filet Mignon
60857	Perfected Goose Liver Pate
60858	Perfected Pavlova
60859	Perfected Lemon Meringue Pie
60863	Key of Strength
60864	Key of Wisdom
60865	Grandmaster's Fishing Cache
60866	Standard of the Reaver
60867	Standard of the Lich
60873	Red Regalia Gloves
60874	Pink Regalia Gloves
60875	Orange Regalia Gloves
60876	Yellow Regalia Gloves
60877	Green Regalia Gloves
60878	Turquoise Regalia Gloves
60879	Blue Regalia Gloves
60880	Purple Regalia Gloves
60881	Black Regalia Gloves
60882	White Regalia Gloves
60883	Teal Regalia Gloves
60884	Mauve Regalia Gloves
60885	Red Regalia Leggings
60886	Pink Regalia Leggings
60887	Orange Regalia Leggings
60888	Yellow Regalia Leggings
60889	Green Regalia Leggings
60890	Turquoise Regalia Leggings
60891	Blue Regalia Leggings
60892	Purple Regalia Leggings
60893	Black Regalia Leggings
60894	White Regalia Leggings
60895	Teal Regalia Leggings
60896	Mauve Regalia Leggings
60897	Red Regalia Boots
60898	Pink Regalia Boots
60899	Orange Regalia Boots
60900	Yellow Regalia Boots
60901	Green Regalia Boots
60902	Turquoise Regalia Boots
60903	Blue Regalia Boots
60904	Purple Regalia Boots
60905	Black Regalia Boots
60906	White Regalia Boots
60907	Teal Regalia Boots
60908	Mauve Regalia Boots
60909	Red Regalia Tunic
60910	Pink Regalia Tunic
60911	Orange Regalia Tunic
60912	Yellow Regalia Tunic
60913	Green Regalia Tunic
60914	Turquoise Regalia Tunic
60915	Blue Regalia Tunic
60916	Purple Regalia Tunic
60917	Black Regalia Tunic
60918	White Regalia Tunic
60919	Teal Regalia Tunic
60920	Mauve Regalia Tunic
60921	Red Regalia Wig
60922	Pink Regalia Wig
60923	Orange Regalia Wig
60924	Yellow Regalia Wig
60925	Green Regalia Wig
60926	Turquoise Regalia Wig
60927	Blue Regalia Wig
60928	Purple Regalia Wig
60929	Black Regalia Wig
60930	White Regalia Wig
60931	Teal Regalia Wig
60932	Mauve Regalia Wig
60933	Luminous Red Regalia Gloves
60934	Luminous Pink Regalia Gloves
60935	Luminous Orange Regalia Gloves
60936	Luminous Yellow Regalia Gloves
60937	Luminous Green Regalia Gloves
60938	Luminous Turquoise Regalia Gloves
60939	Luminous Blue Regalia Gloves
60940	Luminous Purple Regalia Gloves
60941	Luminous Black Regalia Gloves
60942	Luminous White Regalia Gloves
60943	Luminous Teal Regalia Gloves
60944	Luminous Mauve Regalia Gloves
60945	Luminous Red Regalia Leggings
60946	Luminous Pink Regalia Leggings
60947	Luminous Orange Regalia Leggings
60948	Luminous Yellow Regalia Leggings
60949	Luminous Green Regalia Leggings
60950	Luminous Turquoise Regalia Leggings
60951	Luminous Blue Regalia Leggings
60952	Luminous Purple Regalia Leggings
60953	Luminous Black Regalia Leggings
60954	Luminous White Regalia Leggings
60955	Luminous Teal Regalia Leggings
60956	Luminous Mauve Regalia Leggings
60957	Luminous Red Regalia Boots
60958	Luminous Pink Regalia Boots
60959	Luminous Orange Regalia Boots
60960	Luminous Yellow Regalia Boots
60961	Luminous Green Regalia Boots
60962	Luminous Turquoise Regalia Boots
60963	Luminous Blue Regalia Boots
60964	Luminous Purple Regalia Boots
60965	Luminous Black Regalia Boots
60966	Luminous White Regalia Boots
60967	Luminous Teal Regalia Boots
60968	Luminous Mauve Regalia Boots
60969	Luminous Red Regalia Tunic
60970	Luminous Pink Regalia Tunic
60971	Luminous Orange Regalia Tunic
60972	Luminous Yellow Regalia Tunic
60973	Luminous Green Regalia Tunic
60974	Luminous Turquoise Regalia Tunic
60975	Luminous Blue Regalia Tunic
60976	Luminous Purple Regalia Tunic
60977	Luminous Black Regalia Tunic
60978	Luminous White Regalia Tunic
60979	Luminous Teal Regalia Tunic
60980	Luminous Mauve Regalia Tunic
60981	Luminous Red Regalia Wig
60982	Luminous Pink Regalia Wig
60983	Luminous Orange Regalia Wig
60984	Luminous Yellow Regalia Wig
60985	Luminous Green Regalia Wig
60986	Luminous Turquoise Regalia Wig
60987	Luminous Blue Regalia Wig
60988	Luminous Purple Regalia Wig
60989	Luminous Black Regalia Wig
60990	Luminous White Regalia Wig
60991	Luminous Teal Regalia Wig
60992	Luminous Mauve Regalia Wig
60997	'Gruel' Recipe Book
60998	'Flat Bread' Recipe Book
60999	'Broth' Recipe Book
61000	'Bread' Recipe Book
61001	'Lentil Soup' Recipe Book
61002	'Oatcake' Recipe Book
61003	'Pea Soup' Recipe Book
61004	'Scones' Recipe Book
61005	'Pottage' Recipe Book
61006	'Ginger Bread' Recipe Book
61007	'Scotch Broth' Recipe Book
61008	'Shortbread' Recipe Book
61009	'Carrot Soup' Recipe Book
61010	'Pancake' Recipe Book
61011	'Frumenty' Recipe Book
61012	'Flapjack' Recipe Book
61013	'Sweet Porridge' Recipe Book
61014	'Bannock' Recipe Book
61015	'Mushroom Casserole' Recipe Book
61016	'Fruit Cake' Recipe Book
61017	'Rabbit Pie' Recipe Book
61018	'Roast Beef' Recipe Book
61019	'Venison Stew' Recipe Book
61020	'Black Pudding' Recipe Book
61021	'Boar Roast' Recipe Book
61022	'Rare Fruit Salad' Recipe Book
61023	'Warbeast Omelette' Recipe Book
61024	'Wyvern Egg Souffle' Recipe Book
61025	'Lamb Casserole' Recipe Book
61026	'Cheese Rarebit' Recipe Book
61027	'Cream of Pea Soup' Recipe Book
61028	'Cream of Carrot Soup' Recipe Book
61029	'Spinach Pancake' Recipe Book
61030	'Granola' Recipe Book
61031	'Sweet Roll' Recipe Book
61032	'Bara Brith' Recipe Book
61033	'Herring Pie' Recipe Book
61034	'Whiting Soup' Recipe Book
61035	'Flounder Fillet' Recipe Book
61036	'Smoked Mackerel' Recipe Book
61037	'Rudd Pie' Recipe Book
61038	'Barbel Soup' Recipe Book
61039	'Fried Carp' Recipe Book
61040	'Salted Pike' Recipe Book
61041	'Bream Quiche' Recipe Book
61042	'Trout Soup' Recipe Book
61043	'Catfish Steak' Recipe Book
61044	'Smoked Salmon' Recipe Book
61045	'Cave Fish Pie' Recipe Book
61046	'Cullen Skink' Recipe Book
61047	'Plaice Fillet' Recipe Book
61048	'Smoked Eel' Recipe Book
61049	'Morthar Ray Pie' Recipe Book
61050	'Morthar Shark Soup' Recipe Book
61051	'Sturgeon Fillet' Recipe Book
61052	'Smoked Ray' Recipe Book
61053	'Eel Pie' Recipe Book
61054	'Dogfish Soup' Recipe Book
61055	'Gulper Eel Fillet' Recipe Book
61056	'Salted Angler' Recipe Book
61057	'Manta Ray Pie' Recipe Book
61058	'Bull Shark Soup' Recipe Book
61059	'Monkfish Fillet' Recipe Book
61060	'Jellied Eel' Recipe Book
61061	'Truffled Quail Eggs' Recipe Book
61062	'Caviar' Recipe Book
61063	'Filet Mignon' Recipe Book
61064	'Goose Liver Pate' Recipe Book
61065	'Pavlova' Recipe Book
61066	'Lemon Meringue Pie' Recipe Book
61067	Cooking Paddle
61068	Black Dragon Hatchling
61069	Blue Dragon Hatchling
61070	Green Dragon Hatchling
61071	Red Dragon Hatchling
61072	Mystery Chest NO TRADE
61073	Red Samurai Gloves
61074	Pink Samurai Gloves
61075	Orange Samurai Gloves
61076	Yellow Samurai Gloves
61077	Green Samurai Gloves
61078	Turquoise Samurai Gloves
61079	Blue Samurai Gloves
61080	Purple Samurai Gloves
61081	Black Samurai Gloves
61082	White Samurai Gloves
61083	Teal Samurai Gloves
61084	Mauve Samurai Gloves
61085	Red Samurai Leggings
61086	Pink Samurai Leggings
61087	Orange Samurai Leggings
61088	Yellow Samurai Leggings
61089	Green Samurai Leggings
61090	Turquoise Samurai Leggings
61091	Blue Samurai Leggings
61092	Purple Samurai Leggings
61093	Black Samurai Leggings
61094	White Samurai Leggings
61095	Teal Samurai Leggings
61096	Mauve Samurai Leggings
61097	Red Samurai Boots
61098	Pink Samurai Boots
61099	Orange Samurai Boots
61100	Yellow Samurai Boots
61101	Green Samurai Boots
61102	Turquoise Samurai Boots
61103	Blue Samurai Boots
61104	Purple Samurai Boots
61105	Black Samurai Boots
61106	White Samurai Boots
61107	Teal Samurai Boots
61108	Mauve Samurai Boots
61109	Red Samurai Tunic
61110	Pink Samurai Tunic
61111	Orange Samurai Tunic
61112	Yellow Samurai Tunic
61113	Green Samurai Tunic
61114	Turquoise Samurai Tunic
61115	Blue Samurai Tunic
61116	Purple Samurai Tunic
61117	Black Samurai Tunic
61118	White Samurai Tunic
61119	Teal Samurai Tunic
61120	Mauve Samurai Tunic
61121	Red Samurai Helmet
61122	Pink Samurai Helmet
61123	Orange Samurai Helmet
61124	Yellow Samurai Helmet
61125	Green Samurai Helmet
61126	Turquoise Samurai Helmet
61127	Blue Samurai Helmet
61128	Purple Samurai Helmet
61129	Black Samurai Helmet
61130	White Samurai Helmet
61131	Teal Samurai Helmet
61132	Mauve Samurai Helmet
61133	Radiant Red Samurai Gloves
61134	Radiant Pink Samurai Gloves
61135	Radiant Orange Samurai Gloves
61136	Radiant Yellow Samurai Gloves
61137	Radiant Green Samurai Gloves
61138	Radiant Turquoise Samurai Gloves
61139	Radiant Blue Samurai Gloves
61140	Radiant Purple Samurai Gloves
61141	Radiant Black Samurai Gloves
61142	Radiant White Samurai Gloves
61143	Radiant Teal Samurai Gloves
61144	Radiant Mauve Samurai Gloves
61145	Radiant Red Samurai Leggings
61146	Radiant Pink Samurai Leggings
61147	Radiant Orange Samurai Leggings
61148	Radiant Yellow Samurai Leggings
61149	Radiant Green Samurai Leggings
61150	Radiant Turquoise Samurai Leggings
61151	Radiant Blue Samurai Leggings
61152	Radiant Purple Samurai Leggings
61153	Radiant Black Samurai Leggings
61154	Radiant White Samurai Leggings
61155	Radiant Teal Samurai Leggings
61156	Radiant Mauve Samurai Leggings
61157	Radiant Red Samurai Boots
61158	Radiant Pink Samurai Boots
61159	Radiant Orange Samurai Boots
61160	Radiant Yellow Samurai Boots
61161	Radiant Green Samurai Boots
61162	Radiant Turquoise Samurai Boots
61163	Radiant Blue Samurai Boots
61164	Radiant Purple Samurai Boots
61165	Radiant Black Samurai Boots
61166	Radiant White Samurai Boots
61167	Radiant Teal Samurai Boots
61168	Radiant Mauve Samurai Boots
61169	Radiant Red Samurai Tunic
61170	Radiant Pink Samurai Tunic
61171	Radiant Orange Samurai Tunic
61172	Radiant Yellow Samurai Tunic
61173	Radiant Green Samurai Tunic
61174	Radiant Turquoise Samurai Tunic
61175	Radiant Blue Samurai Tunic
61176	Radiant Purple Samurai Tunic
61177	Radiant Black Samurai Tunic
61178	Radiant White Samurai Tunic
61179	Radiant Teal Samurai Tunic
61180	Radiant Mauve Samurai Tunic
61181	Radiant Red Samurai Helmet
61182	Radiant Pink Samurai Helmet
61183	Radiant Orange Samurai Helmet
61184	Radiant Yellow Samurai Helmet
61185	Radiant Green Samurai Helmet
61186	Radiant Turquoise Samurai Helmet
61187	Radiant Blue Samurai Helmet
61188	Radiant Purple Samurai Helmet
61189	Radiant Black Samurai Helmet
61190	Radiant White Samurai Helmet
61191	Radiant Teal Samurai Helmet
61192	Radiant Mauve Samurai Helmet
61193	Restoration Potion Set
61194	Resurrection Idol Set
61195	DNU
61196	Tame Brown War Horse
61197	Trained Brown War Horse
61198	Hardened Brown War Horse
61199	Relentless Brown War Horse
61200	Ferocious Brown War Horse
61201	Primal Brown War Horse
61202	Tame Red War Horse
61203	Trained Red War Horse
61204	Hardened Red War Horse
61205	Relentless Red War Horse
61206	Ferocious Red War Horse
61207	Primal Red War Horse
61208	Tame Black War Horse
61209	Trained Black War Horse
61210	Hardened Black War Horse
61211	Relentless Black War Horse
61212	Ferocious Black War Horse
61213	Primal Black War Horse
61214	Tame Silver War Horse
61215	Trained Silver War Horse
61216	Hardened Silver War Horse
61217	Relentless Silver War Horse
61218	Ferocious Silver War Horse
61219	Primal Silver War Horse
61220	Tiny Brown Chicken
61221	Small Brown Chicken
61222	Medium Brown Chicken
61223	Large Brown Chicken
61224	Huge Brown Chicken
61225	Giant Brown Chicken
61226	Tiny Red Chicken
61227	Small Red Chicken
61228	Medium Red Chicken
61229	Large Red Chicken
61230	Huge Red Chicken
61231	Giant Red Chicken
61232	Tiny Black Chicken
61233	Small Black Chicken
61234	Medium Black Chicken
61235	Large Black Chicken
61236	Huge Black Chicken
61237	Giant Black Chicken
61238	Tiny Silver Chicken
61239	Small Silver Chicken
61240	Medium Silver Chicken
61241	Large Silver Chicken
61242	Huge Silver Chicken
61243	Giant Silver Chicken
61244	Tiny Chicken Food
61245	Small Chicken Food
61246	Medium Chicken Food
61247	Large Chicken Food
61248	Huge Chicken Food
61249	Giant Chicken Food
61250	Dragon Food
61251	Firebreath Mystery Chest
61252	Dragon Hatchling Egg
61253	Garnet Extract
61254	Emerald Extract
61255	Sapphire Extract
61256	Ruby Extract
61257	Crystal Extract
61258	Orange Chef's Top
61259	Orange Chef's Leggings
61260	Orange Chef's Hat
61261	Orange Chef's Gloves
61262	Orange Chef's Boots
61263	Pink Chef's Top
61264	Pink Chef's Leggings
61265	Pink Chef's Hat
61266	Pink Chef's Gloves
61267	Pink Chef's Boots
61268	Yellow Chef's Top
61269	Yellow Chef's Leggings
61270	Yellow Chef's Hat
61271	Yellow Chef's Gloves
61272	Yellow Chef's Boots
61273	Green Chef's Top
61274	Green Chef's Leggings
61275	Green Chef's Hat
61276	Green Chef's Gloves
61277	Green Chef's Boots
61278	Red Chef's Top
61279	Red Chef's Leggings
61280	Red Chef's Hat
61281	Red Chef's Gloves
61282	Red Chef's Boots
61283	Blue Chef's Top
61284	Blue Chef's Leggings
61285	Blue Chef's Hat
61286	Blue Chef's Gloves
61287	Blue Chef's Boots
61288	Turquoise Chef's Top
61289	Turquoise Chef's Leggings
61290	Turquoise Chef's Hat
61291	Turquoise Chef's Gloves
61292	Turquoise Chef's Boots
61293	Purple Chef's Top
61294	Purple Chef's Leggings
61295	Purple Chef's Hat
61296	Purple Chef's Gloves
61297	Purple Chef's Boots
61298	Black Chef's Top
61299	Black Chef's Leggings
61300	Black Chef's Hat
61301	Black Chef's Gloves
61302	Black Chef's Boots
61303	White Chef's Top
61304	White Chef's Leggings
61305	White Chef's Hat
61306	White Chef's Gloves
61307	White Chef's Boots
61308	Tome of the Crown
61309	Beginner's Cooking Cache
61310	Apprentice's Cooking Cache
61311	Journeyman's Cooking Cache
61312	Expert's Cooking Cache
61313	Master's Cooking Cache
61314	Grandmaster's Cooking Cache
61315	Bronze Mark of Dagda
61316	Silver Mark of Dagda
61317	Gold Mark of Dagda
61318	Revival Mystery Chest
61319	Ancient Aeon Relic Dragonstaff
61320	Legendary Aeon Relic Dragonstaff
61321	Mythic Aeon Relic Dragonstaff
61322	Sparkling Aeon Beltane Wig Box
61323	Sunlit Aeon Fashion Box
61324	Invader Aeon Charm Chest
61325	Minstrel's Aeon Lute
61326	Bard's Aeon Lute
61327	Blonde Aeon Lanrik Wig
61328	Brown Aeon Lanrik Wig
61329	Orange Aeon Lanrik Wig
61330	Red Aeon Lanrik Wig
61331	Grey Aeon Lanrik Wig
61332	Black Aeon Lanrik Wig
61333	Pink Aeon Lanrik Wig
61334	White Aeon Lanrik Wig
61335	Purple Aeon Lanrik Wig
61336	Blue Aeon Lanrik Wig
61337	Dark Green Aeon Lanrik Wig
61338	Green Aeon Lanrik Wig
61339	Sparkling Blonde Aeon Lanrik Wig
61340	Sparkling Brown Aeon Lanrik Wig
61341	Sparkling Orange Aeon Lanrik Wig
61342	Sparkling Red Aeon Lanrik Wig
61343	Sparkling Grey Aeon Lanrik Wig
61344	Sparkling Black Aeon Lanrik Wig
61345	Sparkling Pink Aeon Lanrik Wig
61346	Sparkling White Aeon Lanrik Wig
61347	Sparkling Purple Aeon Lanrik Wig
61348	Sparkling Blue Aeon Lanrik Wig
61349	Sparkling Dark Green Aeon Lanrik Wig
61350	Sparkling Green Aeon Lanrik Wig
61351	White Aeon Lanrik Boots
61352	Black Aeon Lanrik Boots
61353	Red Aeon Lanrik Boots
61354	Blue Aeon Lanrik Boots
61355	Green Aeon Lanrik Boots
61356	Yellow Aeon Lanrik Boots
61357	Orange Aeon Lanrik Boots
61358	Pink Aeon Lanrik Boots
61359	Purple Aeon Lanrik Boots
61360	White Aeon Lanrik Wristguards
61361	Black Aeon Lanrik Wristguards
61362	Red Aeon Lanrik Wristguards
61363	Blue Aeon Lanrik Wristguards
61364	Green Aeon Lanrik Wristguards
61365	Yellow Aeon Lanrik Wristguards
61366	Orange Aeon Lanrik Wristguards
61367	Pink Aeon Lanrik Wristguards
61368	Purple Aeon Lanrik Wristguards
61369	White Aeon Lanrik Leggings
61370	Black Aeon Lanrik Leggings
61371	Red Aeon Lanrik Leggings
61372	Blue Aeon Lanrik Leggings
61373	Green Aeon Lanrik Leggings
61374	Yellow Aeon Lanrik Leggings
61375	Orange Aeon Lanrik Leggings
61376	Pink Aeon Lanrik Leggings
61377	Purple Aeon Lanrik Leggings
61378	White Aeon Lanrik Top
61379	Black Aeon Lanrik Top
61380	Red Aeon Lanrik Top
61381	Blue Aeon Lanrik Top
61382	Green Aeon Lanrik Top
61383	Yellow Aeon Lanrik Top
61384	Orange Aeon Lanrik Top
61385	Pink Aeon Lanrik Top
61386	Purple Aeon Lanrik Top
61387	Minstrel's Aeon Flute
61388	Bard's Aeon Flute
61389	Turquoise Aeon Lanrik Boots
61390	Turquoise Aeon Lanrik Wristguards
61391	Turquoise Aeon Lanrik Leggings
61392	Turquoise Aeon Lanrik Top
61393	White Aeon Lanrik Hat
61394	Black Aeon Lanrik Hat
61395	Red Aeon Lanrik Hat
61396	Blue Aeon Lanrik Hat
61397	Green Aeon Lanrik Hat
61398	Yellow Aeon Lanrik Hat
61399	Orange Aeon Lanrik Hat
61400	Pink Aeon Lanrik Hat
61401	Purple Aeon Lanrik Hat
61402	Turquoise Aeon Lanrik Hat
61403	Poet's Aeon Flute
61404	Seranader's Aeon Flute
61405	Troubador's Aeon Flute
61406	Sparkling Black Aeon Lanrik Boots
61407	Sparkling Black Aeon Lanrik Wristguards
61408	Sparkling Black Aeon Lanrik Leggings
61409	Sparkling Black Aeon Lanrik Top
61410	Sparkling Black Aeon Lanrik Hat
61411	Sparkling White Aeon Lanrik Boots
61412	Sparkling White Aeon Lanrik Wristguards
61413	Sparkling White Aeon Lanrik Leggings
61414	Sparkling White Aeon Lanrik Top
61415	Sparkling White Aeon Lanrik Hat
61416	Sparkling Red Aeon Lanrik Boots
61417	Sparkling Red Aeon Lanrik Wristguards
61418	Sparkling Red Aeon Lanrik Leggings
61419	Sparkling Red Aeon Lanrik Top
61420	Sparkling Red Aeon Lanrik Hat
61421	Sparkling Blue Aeon Lanrik Boots
61422	Sparkling Blue Aeon Lanrik Wristguards
61423	Sparkling Blue Aeon Lanrik Leggings
61424	Sparkling Blue Aeon Lanrik Top
61425	Sparkling Blue Aeon Lanrik Hat
61426	Sparkling Green Aeon Lanrik Boots
61427	Sparkling Green Aeon Lanrik Wristguards
61428	Sparkling Green Aeon Lanrik Leggings
61429	Sparkling Green Aeon Lanrik Top
61430	Sparkling Green Aeon Lanrik Hat
61431	Sparkling Yellow Aeon Lanrik Boots
61432	Sparkling Yellow Aeon Lanrik Wristguards
61433	Sparkling Yellow Aeon Lanrik Leggings
61434	Sparkling Yellow Aeon Lanrik Top
61435	Sparkling Yellow Aeon Lanrik Hat
61436	Sparkling Orange Aeon Lanrik Boots
61437	Sparkling Orange Aeon Lanrik Wristguards
61438	Sparkling Orange Aeon Lanrik Leggings
61439	Sparkling Orange Aeon Lanrik Top
61440	Sparkling Orange Aeon Lanrik Hat
61441	Sparkling Pink Aeon Lanrik Boots
61442	Sparkling Pink Aeon Lanrik Wristguards
61443	Sparkling Pink Aeon Lanrik Leggings
61444	Sparkling Pink Aeon Lanrik Top
61445	Sparkling Pink Aeon Lanrik Hat
61446	Sparkling Purple Aeon Lanrik Boots
61447	Sparkling Purple Aeon Lanrik Wristguards
61448	Sparkling Purple Aeon Lanrik Leggings
61449	Sparkling Purple Aeon Lanrik Top
61450	Sparkling Purple Aeon Lanrik Hat
61451	Sparkling Turquoise Aeon Lanrik Boots
61452	Sparkling Turquoise Aeon Lanrik Wristguards
61453	Sparkling Turquoise Aeon Lanrik Leggings
61454	Sparkling Turquoise Aeon Lanrik Top
61455	Sparkling Turquoise Aeon Lanrik Hat
61456	Elder Aeon Relic Serpentstaff
61457	White Aeon Hunter Boots
61458	Black Aeon Hunter Boots
61459	Red Aeon Hunter Boots
61460	Blue Aeon Hunter Boots
61461	Green Aeon Hunter Boots
61462	Yellow Aeon Hunter Boots
61463	Orange Aeon Hunter Boots
61464	Pink Aeon Hunter Boots
61465	Purple Aeon Hunter Boots
61466	White Aeon Hunter Gloves
61467	Black Aeon Hunter Gloves
61468	Red Aeon Hunter Gloves
61469	Blue Aeon Hunter Gloves
61470	Green Aeon Hunter Gloves
61471	Yellow Aeon Hunter Gloves
61472	Orange Aeon Hunter Gloves
61473	Pink Aeon Hunter Gloves
61474	Purple Aeon Hunter Gloves
61475	White Aeon Hunter Leggings
61476	Black Aeon Hunter Leggings
61477	Red Aeon Hunter Leggings
61478	Blue Aeon Hunter Leggings
61479	Green Aeon Hunter Leggings
61480	Yellow Aeon Hunter Leggings
61481	Orange Aeon Hunter Leggings
61482	Pink Aeon Hunter Leggings
61483	Purple Aeon Hunter Leggings
61484	White Aeon Hunter Top
61485	Black Aeon Hunter Top
61486	Red Aeon Hunter Top
61487	Blue Aeon Hunter Top
61488	Green Aeon Hunter Top
61489	Yellow Aeon Hunter Top
61490	Orange Aeon Hunter Top
61491	Pink Aeon Hunter Top
61492	Purple Aeon Hunter Top
61493	Turquoise Aeon Hunter Boots
61494	Turquoise Aeon Hunter Gloves
61495	Turquoise Aeon Hunter Leggings
61496	Turquoise Aeon Hunter Top
61497	White Aeon Hunter Hat
61498	Black Aeon Hunter Hat
61499	Red Aeon Hunter Hat
61500	Blue Aeon Hunter Hat
61501	Green Aeon Hunter Hat
61502	Yellow Aeon Hunter Hat
61503	Orange Aeon Hunter Hat
61504	Pink Aeon Hunter Hat
61505	Purple Aeon Hunter Hat
61506	Turquoise Aeon Hunter Hat
61507	Spooky Aeon Black Hunter Boots
61508	Spooky Aeon Black Hunter Gloves
61509	Spooky Aeon Black Hunter Leggings
61510	Spooky Aeon Black Hunter Top
61511	Spooky Aeon Black Hunter Hat
61512	Spooky Aeon White Hunter Boots
61513	Spooky Aeon White Hunter Gloves
61514	Spooky Aeon White Hunter Leggings
61515	Spooky Aeon White Hunter Top
61516	Spooky Aeon White Hunter Hat
61517	Spooky Aeon Red Hunter Boots
61518	Spooky Aeon Red Hunter Gloves
61519	Spooky Aeon Red Hunter Leggings
61520	Spooky Aeon Red Hunter Top
61521	Spooky Aeon Red Hunter Hat
61522	Spooky Aeon Blue Hunter Boots
61523	Spooky Aeon Blue Hunter Gloves
61524	Spooky Aeon Blue Hunter Leggings
61525	Spooky Aeon Blue Hunter Top
61526	Spooky Aeon Blue Hunter Hat
61527	Spooky Aeon Green Hunter Boots
61528	Spooky Aeon Green Hunter Gloves
61529	Spooky Aeon Green Hunter Leggings
61530	Spooky Aeon Green Hunter Top
61531	Spooky Aeon Green Hunter Hat
61532	Spooky Aeon Yellow Hunter Boots
61533	Spooky Aeon Yellow Hunter Gloves
61534	Spooky Aeon Yellow Hunter Leggings
61535	Spooky Aeon Yellow Hunter Top
61536	Spooky Aeon Yellow Hunter Hat
61537	Spooky Aeon Orange Hunter Boots
61538	Spooky Aeon Orange Hunter Gloves
61539	Spooky Aeon Orange Hunter Leggings
61540	Spooky Aeon Orange Hunter Top
61541	Spooky Aeon Orange Hunter Hat
61542	Spooky Aeon Pink Hunter Boots
61543	Spooky Aeon Pink Hunter Gloves
61544	Spooky Aeon Pink Hunter Leggings
61545	Spooky Aeon Pink Hunter Top
61546	Spooky Aeon Pink Hunter Hat
61547	Spooky Aeon Purple Hunter Boots
61548	Spooky Aeon Purple Hunter Gloves
61549	Spooky Aeon Purple Hunter Leggings
61550	Spooky Aeon Purple Hunter Top
61551	Spooky Aeon Purple Hunter Hat
61552	Spooky Aeon Turquoise Hunter Boots
61553	Spooky Aeon Turquoise Hunter Gloves
61554	Spooky Aeon Turquoise Hunter Leggings
61555	Spooky Aeon Turquoise Hunter Top
61556	Spooky Aeon Turquoise Hunter Hat
61557	Ancient Aeon Relic Fellspine
61558	Fabled Aeon Relic Fellspine
61559	Primal Aeon Relic Fellspine
61560	Legendary Aeon Relic Fellspine
61561	Mythic Aeon Relic Fellspine
61562	Spectral Aeon Charm
61563	Spooky Spectral Aeon Charm
61564	Necro Aeon Charm
61565	Spooky Aeon Necro Charm
61566	Ritual Aeon Flute
61567	Spirit Aeon Flute
61568	Warding Aeon Flute
61569	Haunting Aeon Flute
61570	Spooky Aeon Flute
61571	Ritual Aeon Lute
61572	Spirit Aeon Lute
61573	Warding Aeon Lute
61574	Haunting Aeon Lute
61575	Spooky Aeon Lute
61576	Ritual Aeon Harp
61577	Spirit Aeon Harp
61578	Warding Aeon Harp
61579	Haunting Aeon Harp
61580	Spooky Aeon Harp
61581	Spirit Aeon Charm
61582	Spooky Spirit Aeon Charm
61583	Sparkling Spectral Aeon Charm
61584	Fiery Aeon Spectral Charm
61585	Sparkling Aeon Necro Charm
61586	Fiery Aeon Necro Charm
61587	Sparkling Spirit Aeon Charm
61588	Fiery Aeon Spirit Charm
61589	White Aeon Necro Charm
61590	Black Aeon Necro Charm
61591	Red Aeon Necro Charm
61592	Blue Aeon Necro Charm
61593	Green Aeon Necro Charm
61594	Yellow Aeon Necro Charm
61595	Orange Aeon Necro Charm
61596	Pink Aeon Necro Charm
61597	Turquoise Aeon Necro Charm
61598	Red Spectral Aeon Charm
61599	Green Spectral Aeon Charm
61600	Blue Spectral Aeon Charm
61601	Black Spectral Aeon Charm
61602	Red Spirit Aeon Charm
61603	Green Spirit Aeon Charm
61604	Blue Spirit Aeon Charm
61605	Black Spirit Aeon Charm
61606	Elder Aeon Relic Fellspine
61607	Boggan Aeon Ravager Charm
61608	Boggan Aeon Raider Charm
61609	Boggan Aeon Fangsword Charm
61610	Boggan Aeon Snowsword Charm
61611	Boggan Aeon Fireblade Charm
61612	Boggan Aeon Defender Charm
61613	Boggan Aeon Deathslave Charm
61614	Boggan Aeon Worker Charm
61615	Boggan Aeon Toxtooth Charm
61616	Boggan Aeon Bluescale Charm
61617	Boggan Aeon Emberclaw Charm
61618	Boggan Aeon Sandhide Charm
61619	Chieftain Aeon Mor-Zemek Charm
61620	Chieftain Aeon Suna-Krel Charm
61621	Chieftain Aeon Taka-Hul Charm
61622	Chieftain Aeon Brot-Ven Charm
61623	Chieftain Aeon Ral-Nagon Charm
61624	Chieftain Aeon Kor-Jara Charm
61625	Boggan Aeon Warbeast Trainer Charm
61626	Boggan Aeon Throneguard Charm
61627	Boggan Aeon Prowler Charm
61628	Boggan Aeon Hoarder Charm
61629	Boggan Aeon Scholar Charm
61630	Boggan Aeon Hunter Charm
61631	Boggan Aeon Royal Captain Charm
61632	High King Aeon Krem-Nor-Borok Charm
61633	Boggan Aeon Royal Sentry Charm
61634	Boggan Aeon Royal Warrior Charm
61635	Boggan Aeon Royal Guard Charm
61636	Boggan Aeon Royal Sentinel Charm
61637	Boggan Revered Aeon Captain Charm
61638	High Priest Aeon Bor-Ag-Valon Charm
61639	Boggan Revered Aeon Guard Charm
61640	Boggan Aeon Elder Charm
61641	Boggan Revered Aeon Priest Charm
61642	Boggan Revered Aeon Scribe Charm
61643	Boggan Aeon Doomsinger Charm
61644	Boggan Aeon Wyrdwalker Charm
61645	Boggan Aeon Thornstaff Charm
61646	Boggan Aeon Icewalker Charm
61647	Boggan Aeon Flamecaller Charm
61648	Boggan Aeon Lifebinder Charm
61649	Frosty Aeon Flute
61650	Icy Aeon Flute
61651	Frozen Aeon Flute
61652	Glacial Aeon Flute
61653	Winter's Aeon Flute
61654	Frosty Aeon Lute
61655	Icy Aeon Lute
61656	Frozen Aeon Lute
61657	Glacial Aeon Lute
61658	Winter's Aeon Lute
61659	Frosty Aeon Harp
61660	Icy Aeon Harp
61661	Frozen Aeon Harp
61662	Glacial Aeon Harp
61663	Winter's Aeon Harp
61664	Frosty Aeon Warhorn
61665	Icy Aeon Warhorn
61666	Frozen Aeon Warhorn
61667	Glacial Aeon Warhorn
61668	Winter's Aeon Warhorn
61669	Ancient Aeon Relic Stormskimmer
61670	Fabled Aeon Relic Stormskimmer
61671	Primal Aeon Relic Stormskimmer
61672	Legendary Aeon Relic Stormskimmer
61673	Mythic Aeon Relic Stormskimmer
61674	Elder Aeon Relic Stormskimmer
61675	White Aeon Frostguard Boots
61676	Black Aeon Frostguard Boots
61677	Red Aeon Frostguard Boots
61678	Blue Aeon Frostguard Boots
61679	Green Aeon Frostguard Boots
61680	Yellow Aeon Frostguard Boots
61681	Orange Aeon Frostguard Boots
61682	Pink Aeon Frostguard Boots
61683	Purple Aeon Frostguard Boots
61684	White Aeon Frostguard Gloves
61685	Black Aeon Frostguard Gloves
61686	Red Aeon Frostguard Gloves
61687	Blue Aeon Frostguard Gloves
61688	Green Aeon Frostguard Gloves
61689	Yellow Aeon Frostguard Gloves
61690	Orange Aeon Frostguard Gloves
61691	Pink Aeon Frostguard Gloves
61692	Purple Aeon Frostguard Gloves
61693	White Aeon Frostguard Leggings
61694	Black Aeon Frostguard Leggings
61695	Red Aeon Frostguard Leggings
61696	Blue Aeon Frostguard Leggings
61697	Green Aeon Frostguard Leggings
61698	Yellow Aeon Frostguard Leggings
61699	Orange Aeon Frostguard Leggings
61700	Pink Aeon Frostguard Leggings
61701	Purple Aeon Frostguard Leggings
61702	White Aeon Frostguard Top
61703	Black Aeon Frostguard Top
61704	Red Aeon Frostguard Top
61705	Blue Aeon Frostguard Top
61706	Green Aeon Frostguard Top
61707	Yellow Aeon Frostguard Top
61708	Orange Aeon Frostguard Top
61709	Pink Aeon Frostguard Top
61710	Purple Aeon Frostguard Top
61711	Turquoise Aeon Frostguard Boots
61712	Turquoise Aeon Frostguard Gloves
61713	Turquoise Aeon Frostguard Leggings
61714	Turquoise Aeon Frostguard Top
61715	White Aeon Frostguard Hat
61716	Black Aeon Frostguard Hat
61717	Red Aeon Frostguard Hat
61718	Blue Aeon Frostguard Hat
61719	Green Aeon Frostguard Hat
61720	Yellow Aeon Frostguard Hat
61721	Orange Aeon Frostguard Hat
61722	Pink Aeon Frostguard Hat
61723	Purple Aeon Frostguard Hat
61724	Turquoise Aeon Frostguard Hat
61725	Snowbound Aeon Black Frostguard Boots
61726	Snowbound Aeon Black Frostguard Gloves
61727	Snowbound Aeon Black Frostguard Leggings
61728	Snowbound Aeon Black Frostguard Top
61729	Snowbound Aeon Black Frostguard Hat
61730	Snowbound Aeon White Frostguard Boots
61731	Snowbound Aeon White Frostguard Gloves
61732	Snowbound Aeon White Frostguard Leggings
61733	Snowbound Aeon White Frostguard Top
61734	Snowbound Aeon White Frostguard Hat
61735	Snowbound Aeon Red Frostguard Boots
61736	Snowbound Aeon Red Frostguard Gloves
61737	Snowbound Aeon Red Frostguard Leggings
61738	Snowbound Aeon Red Frostguard Top
61739	Snowbound Aeon Red Frostguard Hat
61740	Snowbound Aeon Blue Frostguard Boots
61741	Snowbound Aeon Blue Frostguard Gloves
61742	Snowbound Aeon Blue Frostguard Leggings
61743	Snowbound Aeon Blue Frostguard Top
61744	Snowbound Aeon Blue Frostguard Hat
61745	Snowbound Aeon Green Frostguard Boots
61746	Snowbound Aeon Green Frostguard Gloves
61747	Snowbound Aeon Green Frostguard Leggings
61748	Snowbound Aeon Green Frostguard Top
61749	Snowbound Aeon Green Frostguard Hat
61750	Snowbound Aeon Yellow Frostguard Boots
61751	Snowbound Aeon Yellow Frostguard Gloves
61752	Snowbound Aeon Yellow Frostguard Leggings
61753	Snowbound Aeon Yellow Frostguard Top
61754	Snowbound Aeon Yellow Frostguard Hat
61755	Snowbound Aeon Orange Frostguard Boots
61756	Snowbound Aeon Orange Frostguard Gloves
61757	Snowbound Aeon Orange Frostguard Leggings
61758	Snowbound Aeon Orange Frostguard Top
61759	Snowbound Aeon Orange Frostguard Hat
61760	Snowbound Aeon Pink Frostguard Boots
61761	Snowbound Aeon Pink Frostguard Gloves
61762	Snowbound Aeon Pink Frostguard Leggings
61763	Snowbound Aeon Pink Frostguard Top
61764	Snowbound Aeon Pink Frostguard Hat
61765	Snowbound Aeon Purple Frostguard Boots
61766	Snowbound Aeon Purple Frostguard Gloves
61767	Snowbound Aeon Purple Frostguard Leggings
61768	Snowbound Aeon Purple Frostguard Top
61769	Snowbound Aeon Purple Frostguard Hat
61770	Snowbound Aeon Turquoise Frostguard Boots
61771	Snowbound Aeon Turquoise Frostguard Gloves
61772	Snowbound Aeon Turquoise Frostguard Leggings
61773	Snowbound Aeon Turquoise Frostguard Top
61774	Snowbound Aeon Turquoise Frostguard Hat
61775	Bolkan Aeon Firbolg Slave Charm
61776	Bolkan Aeon Firbolg Bowman Charm
61777	Bolkan Aeon Firbolg Archer Charm
61778	Bolkan Aeon Firbolg Fighter Charm
61779	Bolkan Aeon Firbolg Warrior Charm
61780	Bolkan Aeon Firbolg Headman Charm
61781	Bolkan Aeon Firbolg Warlord Charm
61782	Bolkan Aeon Grenyan Firbolg Charm
61783	Carrowmore Aeon Firbolg Slave Charm
61784	Carrowmore Aeon Firbolg Bowman Charm
61785	Carrowmore Aeon Firbolg Archer Charm
61786	Carrowmore Aeon Firbolg Fighter Charm
61787	Carrowmore Aeon Firbolg Warrior Charm
61788	Carrowmore Aeon Firbolg Headman Charm
61789	Carrowmore Aeon Firbolg Warlord Charm
61790	Carrowmore Aeon Sengann Firbolg Charm
61791	Skur Aeon Firbolg Slave Charm
61792	Skur Aeon Firbolg Bowman Charm
61793	Skur Aeon Firbolg Archer Charm
61794	Skur Aeon Firbolg Fighter Charm
61795	Skur Aeon Firbolg Warrior Charm
61796	Skur Aeon Firbolg Headman Charm
61797	Skur Aeon Firbolg Warlord Charm
61798	Skur Aeon Krethan Firbolg Charm
61799	White Aeon Ardmair Boots
61800	Black Aeon Ardmair Boots
61801	Red Aeon Ardmair Boots
61802	Blue Aeon Ardmair Boots
61803	Green Aeon Ardmair Boots
61804	Yellow Aeon Ardmair Boots
61805	Orange Aeon Ardmair Boots
61806	Pink Aeon Ardmair Boots
61807	Purple Aeon Ardmair Boots
61808	White Aeon Ardmair Bracers
61809	Black Aeon Ardmair Bracers
61810	Red Aeon Ardmair Bracers
61811	Blue Aeon Ardmair Bracers
61812	Green Aeon Ardmair Bracers
61813	Yellow Aeon Ardmair Bracers
61814	Orange Aeon Ardmair Bracers
61815	Pink Aeon Ardmair Bracers
61816	Purple Aeon Ardmair Bracers
61817	White Aeon Ardmair Leggings
61818	Black Aeon Ardmair Leggings
61819	Red Aeon Ardmair Leggings
61820	Blue Aeon Ardmair Leggings
61821	Green Aeon Ardmair Leggings
61822	Yellow Aeon Ardmair Leggings
61823	Orange Aeon Ardmair Leggings
61824	Pink Aeon Ardmair Leggings
61825	Purple Aeon Ardmair Leggings
61826	White Aeon Ardmair Woad
61827	Black Aeon Ardmair Woad
61828	Red Aeon Ardmair Woad
61829	Blue Aeon Ardmair Woad
61830	Green Aeon Ardmair Woad
61831	Yellow Aeon Ardmair Woad
61832	Orange Aeon Ardmair Woad
61833	Pink Aeon Ardmair Woad
61834	Purple Aeon Ardmair Woad
61835	Turquoise Aeon Ardmair Boots
61836	Turquoise Aeon Ardmair Bracers
61837	Turquoise Aeon Ardmair Leggings
61838	Turquoise Aeon Ardmair Woad
61839	White Aeon Ardmair Mask
61840	Black Aeon Ardmair Mask
61841	Red Aeon Ardmair Mask
61842	Blue Aeon Ardmair Mask
61843	Green Aeon Ardmair Mask
61844	Yellow Aeon Ardmair Mask
61845	Orange Aeon Ardmair Mask
61846	Pink Aeon Ardmair Mask
61847	Purple Aeon Ardmair Mask
61848	Turquoise Aeon Ardmair Mask
61849	Sunbound Aeon Black Ardmair Boots
61850	Sunbound Aeon Black Ardmair Bracers
61851	Sunbound Aeon Black Ardmair Leggings
61852	Sunbound Aeon Black Ardmair Woad
61853	Sunbound Aeon Black Ardmair Mask
61854	Sunbound Aeon White Ardmair Boots
61855	Sunbound Aeon White Ardmair Bracers
61856	Sunbound Aeon White Ardmair Leggings
61857	Sunbound Aeon White Ardmair Woad
61858	Sunbound Aeon White Ardmair Mask
61859	Sunbound Aeon Red Ardmair Boots
61860	Sunbound Aeon Red Ardmair Bracers
61861	Sunbound Aeon Red Ardmair Leggings
61862	Sunbound Aeon Red Ardmair Woad
61863	Sunbound Aeon Red Ardmair Mask
61864	Sunbound Aeon Blue Ardmair Boots
61865	Sunbound Aeon Blue Ardmair Bracers
61866	Sunbound Aeon Blue Ardmair Leggings
61867	Sunbound Aeon Blue Ardmair Woad
61868	Sunbound Aeon Blue Ardmair Mask
61869	Sunbound Aeon Green Ardmair Boots
61870	Sunbound Aeon Green Ardmair Bracers
61871	Sunbound Aeon Green Ardmair Leggings
61872	Sunbound Aeon Green Ardmair Woad
61873	Sunbound Aeon Green Ardmair Mask
61874	Sunbound Aeon Yellow Ardmair Boots
61875	Sunbound Aeon Yellow Ardmair Bracers
61876	Sunbound Aeon Yellow Ardmair Leggings
61877	Sunbound Aeon Yellow Ardmair Woad
61878	Sunbound Aeon Yellow Ardmair Mask
61879	Sunbound Aeon Orange Ardmair Boots
61880	Sunbound Aeon Orange Ardmair Bracers
61881	Sunbound Aeon Orange Ardmair Leggings
61882	Sunbound Aeon Orange Ardmair Woad
61883	Sunbound Aeon Orange Ardmair Mask
61884	Sunbound Aeon Pink Ardmair Boots
61885	Sunbound Aeon Pink Ardmair Bracers
61886	Sunbound Aeon Pink Ardmair Leggings
61887	Sunbound Aeon Pink Ardmair Woad
61888	Sunbound Aeon Pink Ardmair Mask
61889	Sunbound Aeon Purple Ardmair Boots
61890	Sunbound Aeon Purple Ardmair Bracers
61891	Sunbound Aeon Purple Ardmair Leggings
61892	Sunbound Aeon Purple Ardmair Woad
61893	Sunbound Aeon Purple Ardmair Mask
61894	Sunbound Aeon Turquoise Ardmair Boots
61895	Sunbound Aeon Turquoise Ardmair Bracers
61896	Sunbound Aeon Turquoise Ardmair Leggings
61897	Sunbound Aeon Turquoise Ardmair Woad
61898	Sunbound Aeon Turquoise Ardmair Mask
61899	Morcas Aeon Dryad Charm
61900	Springleaf Aeon Dryad Charm
61901	Summerleaf Aeon Dryad Charm
61902	Autumleaf Aeon Dryad Charm
61903	Winterleaf Aeon Dryad Charm
61904	Oakheart Aeon Sentinel Charm
61905	Ashborn Aeon Truebark Charm
61906	Quickthorn Aeon Guardian Charm
61907	Radiant Aeon Morcas Dryad Charm
61908	Radiant Aeon Springleaf Dryad Charm
61909	Radiant Aeon Summerleaf Dryad Charm
61910	Radiant Aeon Autumleaf Dryad Charm
61911	Radiant Aeon Winterleaf Dryad Charm
61912	Radiant Aeon Oakheart Sentinel Charm
61913	Radiant Aeon Ashborn Truebark Charm
61914	Radiant Aeon Quickthorn Guardian Charm
61915	Boreal Aeon Harp
61916	Hibernal Aeon Harp
61917	Spring Aeon Equinox Harp
61918	Autumn Aeon Harvest Harp
61919	Midsummer Aeon Solstice Harp
61920	White Aeon Phoenix Crest
61921	Black Aeon Phoenix Crest
61922	Red Aeon Phoenix Crest
61923	Blue Aeon Phoenix Crest
61924	Green Aeon Phoenix Crest
61925	Yellow Aeon Phoenix Crest
61926	Orange Aeon Phoenix Crest
61927	Pink Aeon Phoenix Crest
61928	Purple Aeon Phoenix Crest
61929	Turquoise Aeon Phoenix Crest
61930	White Blazing Aeon Phoenix Crest
61931	Black Blazing Aeon Phoenix Crest
61932	Red Blazing Aeon Phoenix Crest
61933	Blue Blazing Aeon Phoenix Crest
61934	Green Blazing Aeon Phoenix Crest
61935	Yellow Blazing Aeon Phoenix Crest
61936	Orange Blazing Aeon Phoenix Crest
61937	Pink Blazing Aeon Phoenix Crest
61938	Purple Blazing Aeon Phoenix Crest
61939	Turquoise Blazing Aeon Phoenix Crest
61940	Tor Caith Aeon Faerie Charm
61941	Radiant Tor Caith Aeon Faerie Charm
61942	Legendary Aeon Phoenix Glider
61943	Mythic Aeon Phoenix Glider
61944	Fabled Aeon Phoenix Glider
61945	Elder Aeon Phoenix Glider
61946	Ancient Aeon Phoenix Glider
61947	Primal Aeon Phoenix Glider
61948	Amber Tor Caith Aeon Faerie Charm
61949	Azure Aeon Tor Caith Faerie Charm
61950	Ruby Aeon Tor Caith Faerie Charm
61951	Cerulean Aeon Tor Caith Faerie Charm
61952	White Aeon Spidersilk Boots
61953	Black Aeon Spidersilk Boots
61954	Red Aeon Spidersilk Boots
61955	Blue Aeon Spidersilk Boots
61956	Green Aeon Spidersilk Boots
61957	Yellow Aeon Spidersilk Boots
61958	Orange Aeon Spidersilk Boots
61959	Pink Aeon Spidersilk Boots
61960	Purple Aeon Spidersilk Boots
61961	White Aeon Spidersilk Gloves
61962	Black Aeon Spidersilk Gloves
61963	Red Aeon Spidersilk Gloves
61964	Blue Aeon Spidersilk Gloves
61965	Green Aeon Spidersilk Gloves
61966	Yellow Aeon Spidersilk Gloves
61967	Orange Aeon Spidersilk Gloves
61968	Pink Aeon Spidersilk Gloves
61969	Purple Aeon Spidersilk Gloves
61970	White Aeon Spidersilk Leggings
61971	Black Aeon Spidersilk Leggings
61972	Red Aeon Spidersilk Leggings
61973	Blue Aeon Spidersilk Leggings
61974	Green Aeon Spidersilk Leggings
61975	Yellow Aeon Spidersilk Leggings
61976	Orange Aeon Spidersilk Leggings
61977	Pink Aeon Spidersilk Leggings
61978	Purple Aeon Spidersilk Leggings
61979	White Aeon Spidersilk Top
61980	Black Aeon Spidersilk Top
61981	Red Aeon Spidersilk Top
61982	Blue Aeon Spidersilk Top
61983	Green Aeon Spidersilk Top
61984	Yellow Aeon Spidersilk Top
61985	Orange Aeon Spidersilk Top
61986	Pink Aeon Spidersilk Top
61987	Purple Aeon Spidersilk Top
61988	Turquoise Aeon Spidersilk Boots
61989	Turquoise Aeon Spidersilk Gloves
61990	Turquoise Aeon Spidersilk Leggings
61991	Turquoise Aeon Spidersilk Top
61992	White Aeon Spidersilk Headdress
61993	Black Aeon Spidersilk Headdress
61994	Red Aeon Spidersilk Headdress
61995	Blue Aeon Spidersilk Headdress
61996	Green Aeon Spidersilk Headdress
61997	Yellow Aeon Spidersilk Headdress
61998	Orange Aeon Spidersilk Headdress
61999	Pink Aeon Spidersilk Headdress
62000	Purple Aeon Spidersilk Headdress
62001	Turquoise Aeon Spidersilk Headdress
62002	Ensorcelled Aeon White Spidersilk Boots
62003	Ensorcelled Aeon Black Spidersilk Boots
62004	Ensorcelled Aeon Red Spidersilk Boots
62005	Ensorcelled Aeon Blue Spidersilk Boots
62006	Ensorcelled Aeon Green Spidersilk Boots
62007	Ensorcelled Aeon Yellow Spidersilk Boots
62008	Ensorcelled Aeon Orange Spidersilk Boots
62009	Ensorcelled Aeon Pink Spidersilk Boots
62010	Ensorcelled Aeon Purple Spidersilk Boots
62011	Ensorcelled Aeon White Spidersilk Gloves
62012	Ensorcelled Aeon Black Spidersilk Gloves
62013	Ensorcelled Aeon Red Spidersilk Gloves
62014	Ensorcelled Aeon Blue Spidersilk Gloves
62015	Ensorcelled Aeon Green Spidersilk Gloves
62016	Ensorcelled Aeon Yellow Spidersilk Gloves
62017	Ensorcelled Aeon Orange Spidersilk Gloves
62018	Ensorcelled Aeon Pink Spidersilk Gloves
62019	Ensorcelled Aeon Purple Spidersilk Gloves
62020	Ensorcelled Aeon White Spidersilk Leggings
62021	Ensorcelled Aeon Black Spidersilk Leggings
62022	Ensorcelled Aeon Red Spidersilk Leggings
62023	Ensorcelled Aeon Blue Spidersilk Leggings
62024	Ensorcelled Aeon Green Spidersilk Leggings
62025	Ensorcelled Aeon Yellow Spidersilk Leggings
62026	Ensorcelled Aeon Orange Spidersilk Leggings
62027	Ensorcelled Aeon Pink Spidersilk Leggings
62028	Ensorcelled Aeon Purple Spidersilk Leggings
62029	Ensorcelled Aeon White Spidersilk Top
62030	Ensorcelled Aeon Black Spidersilk Top
62031	Ensorcelled Aeon Red Spidersilk Top
62032	Ensorcelled Aeon Blue Spidersilk Top
62033	Ensorcelled Aeon Green Spidersilk Top
62034	Ensorcelled Aeon Yellow Spidersilk Top
62035	Ensorcelled Aeon Orange Spidersilk Top
62036	Ensorcelled Aeon Pink Spidersilk Top
62037	Ensorcelled Aeon Purple Spidersilk Top
62038	Ensorcelled Aeon Turquoise Spidersilk Boots
62039	Ensorcelled Aeon Turquoise Spidersilk Gloves
62040	Ensorcelled Aeon Turquoise Spidersilk Leggings
62041	Ensorcelled Aeon Turquoise Spidersilk Top
62042	Ensorcelled Aeon White Spidersilk Headdress
62043	Ensorcelled Aeon Black Spidersilk Headdress
62044	Ensorcelled Aeon Red Spidersilk Headdress
62045	Ensorcelled Aeon Blue Spidersilk Headdress
62046	Ensorcelled Aeon Green Spidersilk Headdress
62047	Ensorcelled Aeon Yellow Spidersilk Headdress
62048	Ensorcelled Aeon Orange Spidersilk Headdress
62049	Ensorcelled Aeon Pink Spidersilk Headdress
62050	Ensorcelled Aeon Purple Spidersilk Headdress
62051	Ensorcelled Aeon Turquoise Spidersilk Headdress
62052	Shrouded Aeon Flute of Spiders
62053	Dusklight Aeon Flute of Spiders
62054	Nightfall Aeon Flute of Spiders
62055	Twilight Aeon Flute of Spiders
62056	Midnight Aeon Flute of Spiders
62057	Shrouded Aeon Lute of Spiders
62058	Dusklight Aeon Lute of Spiders
62059	Nightfall Aeon Lute of Spiders
62060	Twilight Aeon Lute of Spiders
62061	Midnight Aeon Lute of Spiders
62062	Shrouded Aeon Harp of Spiders
62063	Dusklight Aeon Harp of Spiders
62064	Nightfall Aeon Harp of Spiders
62065	Twilight Aeon Harp of Spiders
62066	Midnight Aeon Harp of Spiders
62067	Shrouded Aeon Horn of Spiders
62068	Dusklight Aeon Horn of Spiders
62069	Nightfall Aeon Horn of Spiders
62070	Twilight Aeon Horn of Spiders
62071	Midnight Aeon Horn of Spiders
62072	Green Aeon Witch Mask
62073	Green Aeon Wolf Mask
62074	Green Aeon Skull Mask
62075	Red Aeon Witch Mask
62076	Red Aeon Wolf Mask
62077	Red Aeon Skull Mask
62078	Purple Aeon Witch Mask
62079	Purple Aeon Wolf Mask
62080	Purple Aeon Skull Mask
62081	Black Aeon Witch Mask
62082	Black Aeon Wolf Mask
62083	Black Aeon Skull Mask
62084	White Aeon Witch Mask
62085	White Aeon Wolf Mask
62086	White Aeon Skull Mask
62087	Ensorcelled Aeon Green Witch Mask
62088	Ensorcelled Aeon Green Wolf Mask
62089	Ensorcelled Aeon Green Skull Mask
62090	Ensorcelled Aeon Red Witch Mask
62091	Ensorcelled Aeon Red Wolf Mask
62092	Ensorcelled Aeon Red Skull Mask
62093	Ensorcelled Aeon Purple Witch Mask
62094	Ensorcelled Aeon Purple Wolf Mask
62095	Ensorcelled Aeon Purple Skull Mask
62096	Ensorcelled Aeon Black Witch Mask
62097	Ensorcelled Aeon Black Wolf Mask
62098	Ensorcelled Aeon Black Skull Mask
62099	Ensorcelled Aeon White Witch Mask
62100	Ensorcelled Aeon White Wolf Mask
62101	Ensorcelled Aeon White Skull Mask
62102	Spectral Aeon Green Witch Mask
62103	Spectral Aeon Green Wolf Mask
62104	Spectral Aeon Green Skull Mask
62105	Spectral Aeon Red Witch Mask
62106	Spectral Aeon Red Wolf Mask
62107	Spectral Aeon Red Skull Mask
62108	Spectral Aeon Purple Witch Mask
62109	Spectral Aeon Purple Wolf Mask
62110	Spectral Aeon Purple Skull Mask
62111	Spectral Aeon Black Witch Mask
62112	Spectral Aeon Black Wolf Mask
62113	Spectral Aeon Black Skull Mask
62114	Spectral Aeon White Witch Mask
62115	Spectral Aeon White Wolf Mask
62116	Spectral Aeon White Skull Mask
62117	Ghostly Aeon Green Witch Mask
62118	Ghostly Aeon Green Wolf Mask
62119	Ghostly Aeon Green Skull Mask
62120	Ghostly Aeon Red Witch Mask
62121	Ghostly Aeon Red Wolf Mask
62122	Ghostly Aeon Red Skull Mask
62123	Ghostly Aeon Purple Witch Mask
62124	Ghostly Aeon Purple Wolf Mask
62125	Ghostly Aeon Purple Skull Mask
62126	Ghostly Aeon Black Witch Mask
62127	Ghostly Aeon Black Wolf Mask
62128	Ghostly Aeon Black Skull Mask
62129	Ghostly Aeon White Witch Mask
62130	Ghostly Aeon White Wolf Mask
62131	Ghostly Aeon White Skull Mask
62132	Flaming Aeon Green Witch Mask
62133	Flaming Aeon Green Wolf Mask
62134	Flaming Aeon Green Skull Mask
62135	Flaming Aeon Red Witch Mask
62136	Flaming Aeon Red Wolf Mask
62137	Flaming Aeon Red Skull Mask
62138	Flaming Aeon Purple Witch Mask
62139	Flaming Aeon Purple Wolf Mask
62140	Flaming Aeon Purple Skull Mask
62141	Flaming Aeon Black Witch Mask
62142	Flaming Aeon Black Wolf Mask
62143	Flaming Aeon Black Skull Mask
62144	Flaming Aeon White Witch Mask
62145	Flaming Aeon White Wolf Mask
62146	Flaming Aeon White Skull Mask
62147	Ancient Aeon Nightflyer
62148	Fabled Aeon Nightwing
62149	Primal Aeon Nightwing
62150	Legendary Aeon Nightwing
62151	Mythic Aeon Nightwing
62152	Red Aeon Glenmor Gloves
62153	Red Aeon Glenmor Boots
62154	Red Aeon Glenmor Crest
62155	Red Aeon Glenmor Leggings
62156	Red Aeon Glenmor Top
62157	Pink Aeon Glenmor Gloves
62158	Pink Aeon Glenmor Boots
62159	Pink Aeon Glenmor Crest
62160	Pink Aeon Glenmor Leggings
62161	Pink Aeon Glenmor Top
62162	Orange Aeon Glenmor Gloves
62163	Orange Aeon Glenmor Boots
62164	Orange Aeon Glenmor Crest
62165	Orange Aeon Glenmor Leggings
62166	Orange Aeon Glenmor Top
62167	Yellow Aeon Glenmor Gloves
62168	Yellow Aeon Glenmor Boots
62169	Yellow Aeon Glenmor Crest
62170	Yellow Aeon Glenmor Leggings
62171	Yellow Aeon Glenmor Top
62172	Green Aeon Glenmor Gloves
62173	Green Aeon Glenmor Boots
62174	Green Aeon Glenmor Crest
62175	Green Aeon Glenmor Leggings
62176	Green Aeon Glenmor Top
62177	Turquoise Aeon Glenmor Gloves
62178	Turquoise Aeon Glenmor Boots
62179	Turquoise Aeon Glenmor Crest
62180	Turquoise Aeon Glenmor Leggings
62181	Turquoise Aeon Glenmor Top
62182	Blue Aeon Glenmor Gloves
62183	Blue Aeon Glenmor Boots
62184	Blue Aeon Glenmor Crest
62185	Blue Aeon Glenmor Leggings
62186	Blue Aeon Glenmor Top
62187	Purple Aeon Glenmor Gloves
62188	Purple Aeon Glenmor Boots
62189	Purple Aeon Glenmor Crest
62190	Purple Aeon Glenmor Leggings
62191	Purple Aeon Glenmor Top
62192	Black Aeon Glenmor Gloves
62193	Black Aeon Glenmor Boots
62194	Black Aeon Glenmor Crest
62195	Black Aeon Glenmor Leggings
62196	Black Aeon Glenmor Top
62197	White Aeon Glenmor Gloves
62198	White Aeon Glenmor Boots
62199	White Aeon Glenmor Crest
62200	White Aeon Glenmor Leggings
62201	White Aeon Glenmor Top
62202	Star Dust Aeon Red Glenmor Gloves
62203	Star Dust Aeon Red Glenmor Boots
62204	Star Dust Aeon Red Glenmor Crest
62205	Star Dust Aeon Red Glenmor Leggings
62206	Star Dust Aeon Red Glenmor Top
62207	Star Dust Aeon Pink Glenmor Gloves
62208	Star Dust Aeon Pink Glenmor Boots
62209	Star Dust Aeon Pink Glenmor Crest
62210	Star Dust Aeon Pink Glenmor Leggings
62211	Star Dust Aeon Pink Glenmor Top
62212	Star Dust Aeon Orange Glenmor Gloves
62213	Star Dust Aeon Orange Glenmor Boots
62214	Star Dust Aeon Orange Glenmor Crest
62215	Star Dust Aeon Orange Glenmor Leggings
62216	Star Dust Aeon Orange Glenmor Top
62217	Star Dust Aeon Yellow Glenmor Gloves
62218	Star Dust Aeon Yellow Glenmor Boots
62219	Star Dust Aeon Yellow Glenmor Crest
62220	Star Dust Aeon Yellow Glenmor Leggings
62221	Star Dust Aeon Yellow Glenmor Top
62222	Star Dust Aeon Green Glenmor Gloves
62223	Star Dust Aeon Green Glenmor Boots
62224	Star Dust Aeon Green Glenmor Crest
62225	Star Dust Aeon Green Glenmor Leggings
62226	Star Dust Aeon Green Glenmor Top
62227	Star Dust Aeon Turquoise Glenmor Gloves
62228	Star Dust Aeon Turquoise Glenmor Boots
62229	Star Dust Aeon Turquoise Glenmor Crest
62230	Star Dust Aeon Turquoise Glenmor Leggings
62231	Star Dust Aeon Turquoise Glenmor Top
62232	Star Dust Aeon Blue Glenmor Gloves
62233	Star Dust Aeon Blue Glenmor Boots
62234	Star Dust Aeon Blue Glenmor Crest
62235	Star Dust Aeon Blue Glenmor Leggings
62236	Star Dust Aeon Blue Glenmor Top
62237	Star Dust Aeon Purple Glenmor Gloves
62238	Star Dust Aeon Purple Glenmor Boots
62239	Star Dust Aeon Purple Glenmor Crest
62240	Star Dust Aeon Purple Glenmor Leggings
62241	Star Dust Aeon Purple Glenmor Top
62242	Star Dust Aeon Black Glenmor Gloves
62243	Star Dust Aeon Black Glenmor Boots
62244	Star Dust Aeon Black Glenmor Crest
62245	Star Dust Aeon Black Glenmor Leggings
62246	Star Dust Aeon Black Glenmor Top
62247	Star Dust Aeon White Glenmor Gloves
62248	Star Dust Aeon White Glenmor Boots
62249	Star Dust Aeon White Glenmor Crest
62250	Star Dust Aeon White Glenmor Leggings
62251	Star Dust Aeon White Glenmor Top
62252	Crisp Aeon Lute of Ice
62253	Wintry Aeon Lute of Ice
62254	Crystal Aeon Lute of Ice
62255	Polar Aeon Lute of Ice
62256	Arctic Aeon Lute of Ice
62257	Crisp Aeon Flute of Ice
62258	Wintry Aeon Flute of Ice
62259	Crystal Aeon Flute of Ice
62260	Polar Aeon Flute of Ice
62261	Arctic Aeon Flute of Ice
62262	Crisp Aeon Harp of Ice
62263	Wintry Aeon Harp of Ice
62264	Crystal Aeon Harp of Ice
62265	Polar Aeon Harp of Ice
62266	Arctic Aeon Harp of Ice
62267	Crisp Aeon Horn of Ice
62268	Wintry Aeon Horn of Ice
62269	Crystal Aeon Horn of Ice
62270	Polar Aeon Horn of Ice
62271	Arctic Aeon Horn of Ice
62272	Platinum Aeon Glenmor Wig
62273	Blond Aeon Glenmor Wig
62274	Dark Blond Aeon Glenmor Wig
62275	Light Brown Aeon Glenmor Wig
62276	Brown Aeon Glenmor Wig
62277	Dark Brown Aeon Glenmor Wig
62278	Flaming Aeon Orange Glenmor Wig
62279	Red Aeon Glenmor Wig
62280	Light Grey Aeon Glenmor Wig
62281	Dark Grey Aeon Glenmor Wig
62282	Black Aeon Glenmor Wig
62283	Pink Aeon Glenmor Wig
62284	White Aeon Glenmor Wig
62285	Dark Orchid Aeon Glenmor Wig
62286	Electric Blue Aeon Glenmor Wig
62287	Cyan Aeon Glenmor Wig
62288	Gold Aeon Glenmor Wig
62289	Green Aeon Glenmor Wig
62290	Dark Pink Aeon Glenmor Wig
62291	Powder Blue Aeon Glenmor Wig
62292	Sparkling Platinum Aeon Glenmor Wig
62293	Sparkling Blond Aeon Glenmor Wig
62294	Sparkling Dark Blond Aeon Glenmor Wig
62295	Sparkling Light Brown Aeon Glenmor Wig
62296	Sparkling Brown Aeon Glenmor Wig
62297	Sparkling Dark Brown Aeon Glenmor Wig
62298	Sparkling Flaming Aeon Orange Glenmor Wig
62299	Sparkling Red Aeon Glenmor Wig
62300	Sparkling Light Grey Aeon Glenmor Wig
62301	Sparkling Dark Grey Aeon Glenmor Wig
62302	Sparkling Black Aeon Glenmor Wig
62303	Sparkling Pink Aeon Glenmor Wig
62304	Sparkling White Aeon Glenmor Wig
62305	Sparkling Dark Orchid Aeon Glenmor Wig
62306	Sparkling Electric Blue Aeon Glenmor Wig
62307	Sparkling Cyan Aeon Glenmor Wig
62308	Sparkling Gold Aeon Glenmor Wig
62309	Sparkling Green Aeon Glenmor Wig
62310	Sparkling Dark Pink Aeon Glenmor Wig
62311	Sparkling Powder Blue Aeon Glenmor Wig
62312	Star Dust Platinum Aeon Glenmor Wig
62313	Star Dust Blond Aeon Glenmor Wig
62314	Star Dust Dark Blond Aeon Glenmor Wig
62315	Star Dust Light Brown Aeon Glenmor Wig
62316	Star Dust Aeon Brown Glenmor Wig
62317	Star Dust Dark Brown Aeon Glenmor Wig
62318	Star Dust Aeon Flaming Orange Glenmor Wig
62319	Star Dust Aeon Red Glenmor Wig
62320	Star Dust Light Grey Aeon Glenmor Wig
62321	Star Dust Dark Grey Aeon Glenmor Wig
62322	Star Dust Aeon Black Glenmor Wig
62323	Star Dust Aeon Pink Glenmor Wig
62324	Star Dust Aeon White Glenmor Wig
62325	Star Dust Dark Orchid Aeon Glenmor Wig
62326	Star Dust Electric Blue Aeon Glenmor Wig
62327	Star Dust Cyan Aeon Glenmor Wig
62328	Star Dust Gold Aeon Glenmor Wig
62329	Star Dust Aeon Green Glenmor Wig
62330	Star Dust Dark Pink Aeon Glenmor Wig
62331	Star Dust Powder Blue Aeon Glenmor Wig
62332	Platinum Aeon Ostara Wig
62333	Blond Aeon Ostara Wig
62334	Dark Blond Aeon Ostara Wig
62335	Light Brown Aeon Ostara Wig
62336	Brown Aeon Ostara Wig
62337	Dark Brown Aeon Ostara Wig
62338	Flaming Aeon Orange Ostara Wig
62339	Red Aeon Ostara Wig
62340	Light Grey Aeon Ostara Wig
62341	Dark Grey Aeon Ostara Wig
62342	Black Aeon Ostara Wig
62343	Pink Aeon Ostara Wig
62344	White Aeon Ostara Wig
62345	Dark Orchid Aeon Ostara Wig
62346	Electric Blue Aeon Ostara Wig
62347	Cyan Aeon Ostara Wig
62348	Gold Aeon Ostara Wig
62349	Green Aeon Ostara Wig
62350	Dark Pink Aeon Ostara Wig
62351	Powder Blue Aeon Ostara Wig
62352	Shimmering Aeon Platinum Ostara Wig
62353	Shimmering Aeon Blond Ostara Wig
62354	Shimmering Aeon Dark Blond Ostara Wig
62355	Shimmering Aeon Light Brown Ostara Wig
62356	Shimmering Aeon Brown Ostara Wig
62357	Shimmering Aeon Dark Brown Ostara Wig
62358	Shimmering Aeon Flaming Orange Ostara Wig
62359	Shimmering Aeon Red Ostara Wig
62360	Shimmering Aeon Light Grey Ostara Wig
62361	Shimmering Aeon Dark Grey Ostara Wig
62362	Shimmering Aeon Black Ostara Wig
62363	Shimmering Aeon Pink Ostara Wig
62364	Shimmering Aeon White Ostara Wig
62365	Shimmering Aeon Dark Orchid Ostara Wig
62366	Shimmering Aeon Electric Blue Ostara Wig
62367	Shimmering Aeon Cyan Ostara Wig
62368	Shimmering Aeon Gold Ostara Wig
62369	Shimmering Aeon Green Ostara Wig
62370	Shimmering Aeon Dark Pink Ostara Wig
62371	Shimmering Aeon Powder Blue Ostara Wig
62372	Radiant Aeon Platinum Ostara Wig
62373	Radiant Aeon Blond Ostara Wig
62374	Radiant Aeon Dark Blond Ostara Wig
62375	Radiant Aeon Light Brown Ostara Wig
62376	Radiant Aeon Brown Ostara Wig
62377	Radiant Aeon Dark Brown Ostara Wig
62378	Radiant Aeon Flaming Orange Ostara Wig
62379	Radiant Aeon Red Ostara Wig
62380	Radiant Aeon Light Grey Ostara Wig
62381	Radiant Aeon Dark Grey Ostara Wig
62382	Radiant Aeon Black Ostara Wig
62383	Radiant Aeon Pink Ostara Wig
62384	Radiant Aeon White Ostara Wig
62385	Radiant Aeon Dark Orchid Ostara Wig
62386	Radiant Aeon Electric Blue Ostara Wig
62387	Radiant Aeon Cyan Ostara Wig
62388	Radiant Aeon Gold Ostara Wig
62389	Radiant Aeon Green Ostara Wig
62390	Radiant Aeon Dark Pink Ostara Wig
62391	Radiant Aeon Powder Blue Ostara Wig
62392	Amber Aeon Frost Faerie Charm
62393	Ice Glow Aeon Amber Frost Faerie Charm
62394	Sparkling Amber Aeon Frost Faerie Charm
62395	Red Aeon Sparkle Amber Frost Faerie Charm
62396	Radiant Amber Aeon Frost Faerie Charm
62397	Star Dust Amber Aeon Frost Faerie Charm
62398	Jade Frost Aeon Faerie Charm
62399	Ice Glow Jade Frost Aeon Faerie Charm
62400	Sparkling Jade Frost Aeon Faerie Charm
62401	Red Aeon Sparkle Jade Frost Faerie Charm
62402	Radiant Jade Frost Aeon Faerie Charm
62403	Star Dust Jade Frost Aeon Faerie Charm
62404	Cyan Aeon Frost Faerie Charm
62405	Ice Glow Aeon Cyan Frost Faerie Charm
62406	Sparkling Cyan Aeon Frost Faerie Charm
62407	Red Aeon Sparkle Cyan Frost Faerie Charm
62408	Radiant Aeon Cyan Frost Faerie Charm
62409	Star Dust Cyan Aeon Frost Faerie Charm
62410	Rose Frost Aeon Faerie Charm
62411	Ice Glow Rose Frost Aeon Faerie Charm
62412	Sparkling Rose Frost Aeon Faerie Charm
62413	Red Aeon Sparkle Rose Frost Faerie Charm
62414	Radiant Rose Frost Aeon Faerie Charm
62415	Star Dust Rose Frost Aeon Faerie Charm
62416	Sky Blue Aeon Frost Faerie Charm
62417	Ice Glow Sky Blue Aeon Frost Faerie Charm
62418	Sparkling Sky Blue Aeon Frost Faerie Charm
62419	Red Aeon Sparkle Sky Blue Frost Faerie Charm
62420	Radiant Sky Blue Aeon Frost Faerie Charm
62421	Star Dust Sky Blue Aeon Frost Faerie Charm
62422	Primal Aeon Winterwing
62423	Legendary Aeon Winterwing
62424	Mythic Aeon Winterwing
62425	Ancient Aeon Relic Arctic Wings
62426	Fabled Aeon Relic Arctic Wings
62427	Legendary Aeon Relic Arctic Wings
62428	Mythic Aeon Relic Arctic Wings
62429	White Aeon Wyldwood Boots
62430	Black Aeon Wyldwood Boots
62431	Red Aeon Wyldwood Boots
62432	Blue Aeon Wyldwood Boots
62433	Green Aeon Wyldwood Boots
62434	Yellow Aeon Wyldwood Boots
62435	Orange Aeon Wyldwood Boots
62436	Pink Aeon Wyldwood Boots
62437	Purple Aeon Wyldwood Boots
62438	White Aeon Wyldwood Gloves
62439	Black Aeon Wyldwood Gloves
62440	Red Aeon Wyldwood Gloves
62441	Blue Aeon Wyldwood Gloves
62442	Green Aeon Wyldwood Gloves
62443	Yellow Aeon Wyldwood Gloves
62444	Orange Aeon Wyldwood Gloves
62445	Pink Aeon Wyldwood Gloves
62446	Purple Aeon Wyldwood Gloves
62447	White Aeon Wyldwood Leggings
62448	Black Aeon Wyldwood Leggings
62449	Red Aeon Wyldwood Leggings
62450	Blue Aeon Wyldwood Leggings
62451	Green Aeon Wyldwood Leggings
62452	Yellow Aeon Wyldwood Leggings
62453	Orange Aeon Wyldwood Leggings
62454	Pink Aeon Wyldwood Leggings
62455	Purple Aeon Wyldwood Leggings
62456	White Aeon Wyldwood Top
62457	Black Aeon Wyldwood Top
62458	Red Aeon Wyldwood Top
62459	Blue Aeon Wyldwood Top
62460	Green Aeon Wyldwood Top
62461	Yellow Aeon Wyldwood Top
62462	Orange Aeon Wyldwood Top
62463	Pink Aeon Wyldwood Top
62464	Purple Aeon Wyldwood Top
62465	Turquoise Aeon Wyldwood Boots
62466	Turquoise Aeon Wyldwood Gloves
62467	Turquoise Aeon Wyldwood Leggings
62468	Turquoise Aeon Wyldwood Top
62469	White Aeon Wyldwood Hat
62470	Black Aeon Wyldwood Hat
62471	Red Aeon Wyldwood Hat
62472	Blue Aeon Wyldwood Hat
62473	Green Aeon Wyldwood Hat
62474	Yellow Aeon Wyldwood Hat
62475	Orange Aeon Wyldwood Hat
62476	Pink Aeon Wyldwood Hat
62477	Purple Aeon Wyldwood Hat
62478	Turquoise Aeon Wyldwood Hat
62479	Radiant Aeon White Wyldwood Boots
62480	Radiant Aeon Black Wyldwood Boots
62481	Radiant Aeon Red Wyldwood Boots
62482	Radiant Aeon Blue Wyldwood Boots
62483	Radiant Aeon Green Wyldwood Boots
62484	Radiant Aeon Yellow Wyldwood Boots
62485	Radiant Aeon Orange Wyldwood Boots
62486	Radiant Aeon Pink Wyldwood Boots
62487	Radiant Aeon Purple Wyldwood Boots
62488	Radiant Aeon White Wyldwood Gloves
62489	Radiant Aeon Black Wyldwood Gloves
62490	Radiant Aeon Red Wyldwood Gloves
62491	Radiant Aeon Blue Wyldwood Gloves
62492	Radiant Aeon Green Wyldwood Gloves
62493	Radiant Aeon Yellow Wyldwood Gloves
62494	Radiant Aeon Orange Wyldwood Gloves
62495	Radiant Aeon Pink Wyldwood Gloves
62496	Radiant Aeon Purple Wyldwood Gloves
62497	Radiant Aeon White Wyldwood Leggings
62498	Radiant Aeon Black Wyldwood Leggings
62499	Radiant Aeon Red Wyldwood Leggings
62500	Radiant Aeon Blue Wyldwood Leggings
62501	Radiant Aeon Green Wyldwood Leggings
62502	Radiant Aeon Yellow Wyldwood Leggings
62503	Radiant Aeon Orange Wyldwood Leggings
62504	Radiant Aeon Pink Wyldwood Leggings
62505	Radiant Aeon Purple Wyldwood Leggings
62506	Radiant Aeon White Wyldwood Top
62507	Radiant Aeon Black Wyldwood Top
62508	Radiant Aeon Red Wyldwood Top
62509	Radiant Aeon Blue Wyldwood Top
62510	Radiant Aeon Green Wyldwood Top
62511	Radiant Aeon Yellow Wyldwood Top
62512	Radiant Aeon Orange Wyldwood Top
62513	Radiant Aeon Pink Wyldwood Top
62514	Radiant Aeon Purple Wyldwood Top
62515	Radiant Aeon Turquoise Wyldwood Boots
62516	Radiant Aeon Turquoise Wyldwood Gloves
62517	Radiant Aeon Turquoise Wyldwood Leggings
62518	Radiant Aeon Turquoise Wyldwood Top
62519	Radiant Aeon White Wyldwood Hat
62520	Radiant Aeon Black Wyldwood Hat
62521	Radiant Aeon Red Wyldwood Hat
62522	Radiant Aeon Blue Wyldwood Hat
62523	Radiant Aeon Green Wyldwood Hat
62524	Radiant Aeon Yellow Wyldwood Hat
62525	Radiant Aeon Orange Wyldwood Hat
62526	Radiant Aeon Pink Wyldwood Hat
62527	Radiant Aeon Purple Wyldwood Hat
62528	Radiant Aeon Turquoise Wyldwood Hat
62529	Airy Aeon Lute of Awakening
62530	Bright Aeon Lute of Awakening
62531	Breezy Aeon Lute of Awakening
62532	Vibrant Aeon Lute of Awakening
62533	Blissful Aeon Lute of Awakening
62534	Airy Aeon Harp of Awakening
62535	Bright Aeon Harp of Awakening
62536	Breezy Aeon Harp of Awakening
62537	Vibrant Aeon Harp of Awakening
62538	Blissful Aeon Harp of Awakening
62539	Airy Aeon Horn of Awakening
62540	Bright Aeon Horn of Awakening
62541	Breezy Aeon Horn of Awakening
62542	Vibrant Aeon Horn of Awakening
62543	Blissful Aeon Horn of Awakening
62544	Airy Aeon Bagpipes of Awakening
62545	Bright Aeon Bagpipes of Awakening
62546	Breezy Aeon Bagpipes of Awakening
62547	Vibrant Aeon Bagpipes of Awakening
62548	Blissful Aeon Bagpipes of Awakening
62549	Airy Aeon Drums of Awakening
62550	Bright Aeon Drums of Awakening
62551	Breezy Aeon Drums of Awakening
62552	Vibrant Aeon Drums of Awakening
62553	Blissful Aeon Drums of Awakening
62554	Ancient Aeon Eagle Glider
62555	Fabled Aeon Eagle Glider
62556	Primal Aeon Eagle Glider
62557	Legendary Aeon Eagle Glider
62558	Mythic Aeon Eagle Glider
62559	Ancient Aeon Relic Soaring Eagle
62560	Fabled Aeon Relic Soaring Eagle
62561	Primal Aeon Relic Soaring Eagle
62562	Legendary Aeon Relic Soaring Eagle
62563	Mythic Aeon Relic Soaring Eagle
62564	Rose Aeon Connacht Armament Charm
62565	Auburn Aeon Connacht Armament Charm
62566	Blazing Aeon Connacht Armament Charm
62567	Wild Aeon Connacht Armament Charm
62568	Beryl Aeon Connacht Armament Charm
62569	Azure Aeon Connacht Armament Charm
62570	Aqua Aeon Connacht Armament Charm
62571	Crimson Aeon Connacht Armament Charm
62572	Verdant Aeon Connacht Armament Charm
62573	Regal Aeon Connacht Armament Charm
62574	Guilded Aeon Connacht Armament Charm
62575	Shadowed Aeon Connacht Armament Charm
62576	Burnished Aeon Connacht Armament Charm
62577	Steely Aeon Connacht Armament Charm
62578	Russet Aeon Turquoise Tower Guard Charm
62579	Russet Aeon Red Tower Guard Charm
62580	Russet Aeon Blue Tower Guard Charm
62581	Russet Aeon Purple Tower Guard Charm
62582	Russet Aeon Black Tower Guard Charm
62583	Radiant Russet Aeon Turquoise Tower Guard Charm
62584	Radiant Russet Aeon Red Tower Guard Charm
62585	Radiant Russet Aeon Blue Tower Guard Charm
62586	Radiant Russet Aeon Purple Tower Guard Charm
62587	Radiant Russet Aeon Black Tower Guard Charm
62588	Energised Russet Aeon Turquoise Tower Guard Charm
62589	Energised Russet Aeon Red Tower Guard Charm
62590	Energised Russet Aeon Blue Tower Guard Charm
62591	Energised Russet Aeon Purple Tower Guard Charm
62592	Energised Russet Aeon Black Tower Guard Charm
62593	Argent Aeon Turquoise Tower Guard Charm
62594	Argent Aeon Red Tower Guard Charm
62595	Argent Aeon Blue Tower Guard Charm
62596	Argent Aeon Purple Tower Guard Charm
62597	Argent Aeon Black Tower Guard Charm
62598	Radiant Argent Aeon Turquoise Tower Guard Charm
62599	Radiant Argent Aeon Red Tower Guard Charm
62600	Radiant Argent Aeon Blue Tower Guard Charm
62601	Radiant Argent Aeon Purple Tower Guard Charm
62602	Radiant Argent Aeon Black Tower Guard Charm
62603	Energised Argent Aeon Turquoise Tower Guard Charm
62604	Energised Argent Aeon Red Tower Guard Charm
62605	Energised Argent Aeon Blue Tower Guard Charm
62606	Energised Argent Aeon Purple Tower Guard Charm
62607	Energised Argent Aeon Black Tower Guard Charm
62608	Auric Aeon Turquoise Tower Guard Charm
62609	Auric Aeon Red Tower Guard Charm
62610	Auric Aeon Blue Tower Guard Charm
62611	Auric Aeon Purple Tower Guard Charm
62612	Auric Aeon Black Tower Guard Charm
62613	Radiant Auric Aeon Turquoise Tower Guard Charm
62614	Radiant Auric Aeon Red Tower Guard Charm
62615	Radiant Auric Aeon Blue Tower Guard Charm
62616	Radiant Auric Aeon Purple Tower Guard Charm
62617	Radiant Auric Aeon Black Tower Guard Charm
62618	Energised Auric Aeon Turquoise Tower Guard Charm
62619	Energised Auric Aeon Red Tower Guard Charm
62620	Energised Auric Aeon Blue Tower Guard Charm
62621	Energised Auric Aeon Purple Tower Guard Charm
62622	Energised Auric Aeon Black Tower Guard Charm
62623	White Aeon Sanghal Strides
62624	Black Aeon Sanghal Strides
62625	Red Aeon Sanghal Strides
62626	Blue Aeon Sanghal Strides
62627	Green Aeon Sanghal Strides
62628	Yellow Aeon Sanghal Strides
62629	Orange Aeon Sanghal Strides
62630	Pink Aeon Sanghal Strides
62631	Purple Aeon Sanghal Strides
62632	White Aeon Sanghal Gloves
62633	Black Aeon Sanghal Gloves
62634	Red Aeon Sanghal Gloves
62635	Blue Aeon Sanghal Gloves
62636	Green Aeon Sanghal Gloves
62637	Yellow Aeon Sanghal Gloves
62638	Orange Aeon Sanghal Gloves
62639	Pink Aeon Sanghal Gloves
62640	Purple Aeon Sanghal Gloves
62641	White Aeon Sanghal Leggings
62642	Black Aeon Sanghal Leggings
62643	Red Aeon Sanghal Leggings
62644	Blue Aeon Sanghal Leggings
62645	Green Aeon Sanghal Leggings
62646	Yellow Aeon Sanghal Leggings
62647	Orange Aeon Sanghal Leggings
62648	Pink Aeon Sanghal Leggings
62649	Purple Aeon Sanghal Leggings
62650	White Aeon Sanghal Top
62651	Black Aeon Sanghal Top
62652	Red Aeon Sanghal Top
62653	Blue Aeon Sanghal Top
62654	Green Aeon Sanghal Top
62655	Yellow Aeon Sanghal Top
62656	Orange Aeon Sanghal Top
62657	Pink Aeon Sanghal Top
62658	Purple Aeon Sanghal Top
62659	Turquoise Aeon Sanghal Strides
62660	Turquoise Aeon Sanghal Gloves
62661	Turquoise Aeon Sanghal Leggings
62662	Turquoise Aeon Sanghal Top
62663	White Aeon Sanghal Wig
62664	Black Aeon Sanghal Wig
62665	Red Aeon Sanghal Wig
62666	Blue Aeon Sanghal Wig
62667	Green Aeon Sanghal Wig
62668	Yellow Aeon Sanghal Wig
62669	Orange Aeon Sanghal Wig
62670	Pink Aeon Sanghal Wig
62671	Purple Aeon Sanghal Wig
62672	Turquoise Aeon Sanghal Wig
62673	Glistening Aeon White Sanghal Strides
62674	Glistening Aeon Black Sanghal Strides
62675	Glistening Aeon Red Sanghal Strides
62676	Glistening Aeon Blue Sanghal Strides
62677	Glistening Aeon Green Sanghal Strides
62678	Glistening Aeon Yellow Sanghal Strides
62679	Glistening Aeon Orange Sanghal Strides
62680	Glistening Aeon Pink Sanghal Strides
62681	Glistening Aeon Purple Sanghal Strides
62682	Glistening Aeon White Sanghal Gloves
62683	Glistening Aeon Black Sanghal Gloves
62684	Glistening Aeon Red Sanghal Gloves
62685	Glistening Aeon Blue Sanghal Gloves
62686	Glistening Aeon Green Sanghal Gloves
62687	Glistening Aeon Yellow Sanghal Gloves
62688	Glistening Aeon Orange Sanghal Gloves
62689	Glistening Aeon Pink Sanghal Gloves
62690	Glistening Aeon Purple Sanghal Gloves
62691	Glistening Aeon White Sanghal Leggings
62692	Glistening Aeon Black Sanghal Leggings
62693	Glistening Aeon Red Sanghal Leggings
62694	Glistening Aeon Blue Sanghal Leggings
62695	Glistening Aeon Green Sanghal Leggings
62696	Glistening Aeon Yellow Sanghal Leggings
62697	Glistening Aeon Orange Sanghal Leggings
62698	Glistening Aeon Pink Sanghal Leggings
62699	Glistening Aeon Purple Sanghal Leggings
62700	Glistening Aeon White Sanghal Top
62701	Glistening Aeon Black Sanghal Top
62702	Glistening Aeon Red Sanghal Top
62703	Glistening Aeon Blue Sanghal Top
62704	Glistening Aeon Green Sanghal Top
62705	Glistening Aeon Yellow Sanghal Top
62706	Glistening Aeon Orange Sanghal Top
62707	Glistening Aeon Pink Sanghal Top
62708	Glistening Aeon Purple Sanghal Top
62709	Glistening Aeon Turquoise Sanghal Strides
62710	Glistening Aeon Turquoise Sanghal Gloves
62711	Glistening Aeon Turquoise Sanghal Leggings
62712	Glistening Aeon Turquoise Sanghal Top
62713	Glistening Aeon White Sanghal Wig
62714	Glistening Aeon Black Sanghal Wig
62715	Glistening Aeon Red Sanghal Wig
62716	Glistening Aeon Blue Sanghal Wig
62717	Glistening Aeon Green Sanghal Wig
62718	Glistening Aeon Yellow Sanghal Wig
62719	Glistening Aeon Orange Sanghal Wig
62720	Glistening Aeon Pink Sanghal Wig
62721	Glistening Aeon Purple Sanghal Wig
62722	Glistening Aeon Turquoise Sanghal Wig
62723	Ancient Aeon Relic Spirit Cape
62724	Fabled Aeon Relic Spirit Cape
62725	Primal Aeon Relic Spirit Cape
62726	Legendary Aeon Relic Spirit Cape
62727	Mythic Aeon Relic Spirit Cape
62728	Ancient Aeon Spirit Glider
62729	Fabled Aeon Spirit Glider
62730	Primal Aeon Spirit Glider
62731	Legendary Aeon Spirit Glider
62732	Mythic Aeon Spirit Glider
62733	Gleaming Aeon Bagpipes
62734	Brilliant Aeon Bagpipes
62735	Lustrous Aeon Bagpipes
62736	Radiant Aeon Bagpipes
62737	Resplendent Aeon Bagpipes
62738	Gleaming Aeon Drum
62739	Brilliant Aeon Drum
62740	Lustrous Aeon Drum
62741	Radiant Aeon Drum
62742	Resplendent Aeon Drum
62743	Black Aeon Enchanted Armour Charm
62744	Blue Aeon Enchanted Armour Charm
62745	White Aeon Enchanted Armour Charm
62746	Ethereal Aeon Purple Enchanted Armour Charm
62747	Blazing Aeon Yellow Enchanted Armour Charm
62748	Blazing Aeon Red Enchanted Armour Charm
62749	Red Aeon Cosmic Wizard Charm
62750	Blue Aeon Cosmic Wizard Charm
62751	Black Aeon Cosmic Wizard Charm
62752	Radiant Aeon Yellow Cosmic Wizard Charm
62753	Radiant Aeon White Cosmic Wizard Charm
62754	Radiant Aeon Black Cosmic Wizard Charm
62755	Sage's Aeon Bay Stallion
62756	Sage's Aeon Black Stallion
62757	Sage's Aeon White Stallion
62758	Sage's Aeon Bay Colt
62759	Sage's Aeon Black Colt
62760	Sage's Aeon White Colt
62761	Red Aeon Dark Rider Gloves
62762	Pink Aeon Dark Rider Gloves
62763	Orange Aeon Dark Rider Gloves
62764	Yellow Aeon Dark Rider Gloves
62765	Green Aeon Dark Rider Gloves
62766	Turquoise Aeon Dark Rider Gloves
62767	Blue Aeon Dark Rider Gloves
62768	Purple Aeon Dark Rider Gloves
62769	Black Aeon Dark Rider Gloves
62770	White Aeon Dark Rider Gloves
62771	Red Aeon Dark Rider Leggings
62772	Pink Aeon Dark Rider Leggings
62773	Orange Aeon Dark Rider Leggings
62774	Yellow Aeon Dark Rider Leggings
62775	Green Aeon Dark Rider Leggings
62776	Turquoise Aeon Dark Rider Leggings
62777	Blue Aeon Dark Rider Leggings
62778	Purple Aeon Dark Rider Leggings
62779	Black Aeon Dark Rider Leggings
62780	White Aeon Dark Rider Leggings
62781	Red Aeon Dark Rider Boots
62782	Pink Aeon Dark Rider Boots
62783	Orange Aeon Dark Rider Boots
62784	Yellow Aeon Dark Rider Boots
62785	Green Aeon Dark Rider Boots
62786	Turquoise Aeon Dark Rider Boots
62787	Blue Aeon Dark Rider Boots
62788	Purple Aeon Dark Rider Boots
62789	Black Aeon Dark Rider Boots
62790	White Aeon Dark Rider Boots
62791	Red Aeon Dark Rider Tunic
62792	Pink Aeon Dark Rider Tunic
62793	Orange Aeon Dark Rider Tunic
62794	Yellow Aeon Dark Rider Tunic
62795	Green Aeon Dark Rider Tunic
62796	Turquoise Aeon Dark Rider Tunic
62797	Blue Aeon Dark Rider Tunic
62798	Purple Aeon Dark Rider Tunic
62799	Black Aeon Dark Rider Tunic
62800	White Aeon Dark Rider Tunic
62801	Red Aeon Dark Rider Hat
62802	Pink Aeon Dark Rider Hat
62803	Orange Aeon Dark Rider Hat
62804	Yellow Aeon Dark Rider Hat
62805	Green Aeon Dark Rider Hat
62806	Turquoise Aeon Dark Rider Hat
62807	Blue Aeon Dark Rider Hat
62808	Purple Aeon Dark Rider Hat
62809	Black Aeon Dark Rider Hat
62810	White Aeon Dark Rider Hat
62811	Blooddust Aeon Red Dark Rider Gloves
62812	Blooddust Aeon Pink Dark Rider Gloves
62813	Blooddust Aeon Orange Dark Rider Gloves
62814	Blooddust Aeon Yellow Dark Rider Gloves
62815	Blooddust Aeon Green Dark Rider Gloves
62816	Blooddust Aeon Turquoise Dark Rider Gloves
62817	Blooddust Aeon Blue Dark Rider Gloves
62818	Blooddust Aeon Purple Dark Rider Gloves
62819	Blooddust Aeon Black Dark Rider Gloves
62820	Blooddust Aeon White Dark Rider Gloves
62821	Blooddust Aeon Red Dark Rider Leggings
62822	Blooddust Aeon Pink Dark Rider Leggings
62823	Blooddust Aeon Orange Dark Rider Leggings
62824	Blooddust Aeon Yellow Dark Rider Leggings
62825	Blooddust Aeon Green Dark Rider Leggings
62826	Blooddust Aeon Turquoise Dark Rider Leggings
62827	Blooddust Aeon Blue Dark Rider Leggings
62828	Blooddust Aeon Purple Dark Rider Leggings
62829	Blooddust Aeon Black Dark Rider Leggings
62830	Blooddust Aeon White Dark Rider Leggings
62831	Blooddust Aeon Red Dark Rider Boots
62832	Blooddust Aeon Pink Dark Rider Boots
62833	Blooddust Aeon Orange Dark Rider Boots
62834	Blooddust Aeon Yellow Dark Rider Boots
62835	Blooddust Aeon Green Dark Rider Boots
62836	Blooddust Aeon Turquoise Dark Rider Boots
62837	Blooddust Aeon Blue Dark Rider Boots
62838	Blooddust Aeon Purple Dark Rider Boots
62839	Blooddust Aeon Black Dark Rider Boots
62840	Blooddust Aeon White Dark Rider Boots
62841	Blooddust Aeon Red Dark Rider Tunic
62842	Blooddust Aeon Pink Dark Rider Tunic
62843	Blooddust Aeon Orange Dark Rider Tunic
62844	Blooddust Aeon Yellow Dark Rider Tunic
62845	Blooddust Aeon Green Dark Rider Tunic
62846	Blooddust Aeon Turquoise Dark Rider Tunic
62847	Blooddust Aeon Blue Dark Rider Tunic
62848	Blooddust Aeon Purple Dark Rider Tunic
62849	Blooddust Aeon Black Dark Rider Tunic
62850	Blooddust Aeon White Dark Rider Tunic
62851	Blooddust Aeon Red Dark Rider Hat
62852	Blooddust Aeon Pink Dark Rider Hat
62853	Blooddust Aeon Orange Dark Rider Hat
62854	Blooddust Aeon Yellow Dark Rider Hat
62855	Blooddust Aeon Green Dark Rider Hat
62856	Blooddust Aeon Turquoise Dark Rider Hat
62857	Blooddust Aeon Blue Dark Rider Hat
62858	Blooddust Aeon Purple Dark Rider Hat
62859	Blooddust Aeon Black Dark Rider Hat
62860	Blooddust Aeon White Dark Rider Hat
62861	Red Aeon Archfiend Guise
62862	Pink Aeon Archfiend Guise
62863	Orange Aeon Archfiend Guise
62864	Yellow Aeon Archfiend Guise
62865	Green Aeon Archfiend Guise
62866	Turquoise Aeon Archfiend Guise
62867	Blue Aeon Archfiend Guise
62868	Purple Aeon Archfiend Guise
62869	Black Aeon Archfiend Guise
62870	White Aeon Archfiend Guise
62871	Spirited Aeon Red Archfiend Guise
62872	Spirited Aeon Pink Archfiend Guise
62873	Spirited Aeon Orange Archfiend Guise
62874	Spirited Aeon Yellow Archfiend Guise
62875	Spirited Aeon Green Archfiend Guise
62876	Spirited Aeon Turquoise Archfiend Guise
62877	Spirited Aeon Blue Archfiend Guise
62878	Spirited Aeon Purple Archfiend Guise
62879	Spirited Aeon Black Archfiend Guise
62880	Spirited Aeon White Archfiend Guise
62881	Red Aeon Duskcrow Guise
62882	Pink Aeon Duskcrow Guise
62883	Orange Aeon Duskcrow Guise
62884	Yellow Aeon Duskcrow Guise
62885	Green Aeon Duskcrow Guise
62886	Turquoise Aeon Duskcrow Guise
62887	Blue Aeon Duskcrow Guise
62888	Purple Aeon Duskcrow Guise
62889	Black Aeon Duskcrow Guise
62890	White Aeon Duskcrow Guise
62891	Spirited Aeon Red Duskcrow Guise
62892	Spirited Aeon Pink Duskcrow Guise
62893	Spirited Aeon Orange Duskcrow Guise
62894	Spirited Aeon Yellow Duskcrow Guise
62895	Spirited Aeon Green Duskcrow Guise
62896	Spirited Aeon Turquoise Duskcrow Guise
62897	Spirited Aeon Blue Duskcrow Guise
62898	Spirited Aeon Purple Duskcrow Guise
62899	Spirited Aeon Black Duskcrow Guise
62900	Spirited Aeon White Duskcrow Guise
62901	Shadowsteed Aeon of Oblivion
62902	Ironclad Aeon Shadowsteed of Oblivion
62903	Eldritchsteed Aeon of Oblivion
62904	Steelclad Aeon Elritchsteed of Oblivion
62905	Ancient Aeon Crowspine Skirr
62906	Fabled Aeon Crowspine Skirr
62907	Primal Aeon Crowspine Skirr
62908	Legendary Aeon Crowspine Skirr
62909	Mythic Aeon Crowspine Skirr
62910	Ancient Aeon Relic Archfiend Wings
62911	Fabled Aeon Relic Archfiend Wings
62912	Primal Aeon Relic Archfiend Wings
62913	Legendary Aeon Relic Archfiend Wings
62914	Mythic Aeon Relic Archfiend Wings
62915	Red Aeon Sacred Auroral Gloves
62916	Pink Aeon Sacred Auroral Gloves
62917	Orange Aeon Sacred Auroral Gloves
62918	Yellow Aeon Sacred Auroral Gloves
62919	Green Aeon Sacred Auroral Gloves
62920	Turquoise Aeon Sacred Auroral Gloves
62921	Blue Aeon Sacred Auroral Gloves
62922	Purple Aeon Sacred Auroral Gloves
62923	Black Aeon Sacred Auroral Gloves
62924	White Aeon Sacred Auroral Gloves
62925	Red Aeon Sacred Auroral Leggings
62926	Pink Aeon Sacred Auroral Leggings
62927	Orange Aeon Sacred Auroral Leggings
62928	Yellow Aeon Sacred Auroral Leggings
62929	Green Aeon Sacred Auroral Leggings
62930	Turquoise Aeon Sacred Auroral Leggings
62931	Blue Aeon Sacred Auroral Leggings
62932	Purple Aeon Sacred Auroral Leggings
62933	Black Aeon Sacred Auroral Leggings
62934	White Aeon Sacred Auroral Leggings
62935	Red Aeon Sacred Auroral Boots
62936	Pink Aeon Sacred Auroral Boots
62937	Orange Aeon Sacred Auroral Boots
62938	Yellow Aeon Sacred Auroral Boots
62939	Green Aeon Sacred Auroral Boots
62940	Turquoise Aeon Sacred Auroral Boots
62941	Blue Aeon Sacred Auroral Boots
62942	Purple Aeon Sacred Auroral Boots
62943	Black Aeon Sacred Auroral Boots
62944	White Aeon Sacred Auroral Boots
62945	Red Aeon Sacred Auroral Tunic
62946	Pink Aeon Sacred Auroral Tunic
62947	Orange Aeon Sacred Auroral Tunic
62948	Yellow Aeon Sacred Auroral Tunic
62949	Green Aeon Sacred Auroral Tunic
62950	Turquoise Aeon Sacred Auroral Tunic
62951	Blue Aeon Sacred Auroral Tunic
62952	Purple Aeon Sacred Auroral Tunic
62953	Black Aeon Sacred Auroral Tunic
62954	White Aeon Sacred Auroral Tunic
62955	Red Aeon Sacred Auroral Hat
62956	Pink Aeon Sacred Auroral Hat
62957	Orange Aeon Sacred Auroral Hat
62958	Yellow Aeon Sacred Auroral Hat
62959	Green Aeon Sacred Auroral Hat
62960	Turquoise Aeon Sacred Auroral Hat
62961	Blue Aeon Sacred Auroral Hat
62962	Purple Aeon Sacred Auroral Hat
62963	Black Aeon Sacred Auroral Hat
62964	White Aeon Sacred Auroral Hat
62965	Frostbreath Aeon Red Sacred Auroral Gloves
62966	Frostbreath Aeon Pink Sacred Auroral Gloves
62967	Frostbreath Aeon Orange Sacred Auroral Gloves
62968	Frostbreath Aeon Yellow Sacred Auroral Gloves
62969	Frostbreath Aeon Green Sacred Auroral Gloves
62970	Frostbreath Aeon Turquoise Sacred Auroral Gloves
62971	Frostbreath Aeon Blue Sacred Auroral Gloves
62972	Frostbreath Aeon Purple Sacred Auroral Gloves
62973	Frostbreath Aeon Black Sacred Auroral Gloves
62974	Frostbreath Aeon White Sacred Auroral Gloves
62975	Frostbreath Aeon Red Sacred Auroral Leggings
62976	Frostbreath Aeon Pink Sacred Auroral Leggings
62977	Frostbreath Aeon Orange Sacred Auroral Leggings
62978	Frostbreath Aeon Yellow Sacred Auroral Leggings
62979	Frostbreath Aeon Green Sacred Auroral Leggings
62980	Frostbreath Aeon Turquoise Sacred Auroral Leggings
62981	Frostbreath Aeon Blue Sacred Auroral Leggings
62982	Frostbreath Aeon Purple Sacred Auroral Leggings
62983	Frostbreath Aeon Black Sacred Auroral Leggings
62984	Frostbreath Aeon White Sacred Auroral Leggings
62985	Frostbreath Aeon Red Sacred Auroral Boots
62986	Frostbreath Aeon Pink Sacred Auroral Boots
62987	Frostbreath Aeon Orange Sacred Auroral Boots
62988	Frostbreath Aeon Yellow Sacred Auroral Boots
62989	Frostbreath Aeon Green Sacred Auroral Boots
62990	Frostbreath Aeon Turquoise Sacred Auroral Boots
62991	Frostbreath Aeon Blue Sacred Auroral Boots
62992	Frostbreath Aeon Purple Sacred Auroral Boots
62993	Frostbreath Aeon Black Sacred Auroral Boots
62994	Frostbreath Aeon White Sacred Auroral Boots
62995	Frostbreath Aeon Red Sacred Auroral Tunic
62996	Frostbreath Aeon Pink Sacred Auroral Tunic
62997	Frostbreath Aeon Orange Sacred Auroral Tunic
62998	Frostbreath Aeon Yellow Sacred Auroral Tunic
62999	Frostbreath Aeon Green Sacred Auroral Tunic
63000	Frostbreath Aeon Turquoise Sacred Auroral Tunic
63001	Frostbreath Aeon Blue Sacred Auroral Tunic
63002	Frostbreath Aeon Purple Sacred Auroral Tunic
63003	Frostbreath Aeon Black Sacred Auroral Tunic
63004	Frostbreath Aeon White Sacred Auroral Tunic
63005	Frostbreath Aeon Red Sacred Auroral Hat
63006	Frostbreath Aeon Pink Sacred Auroral Hat
63007	Frostbreath Aeon Orange Sacred Auroral Hat
63008	Frostbreath Aeon Yellow Sacred Auroral Hat
63009	Frostbreath Aeon Green Sacred Auroral Hat
63010	Frostbreath Aeon Turquoise Sacred Auroral Hat
63011	Frostbreath Aeon Blue Sacred Auroral Hat
63012	Frostbreath Aeon Purple Sacred Auroral Hat
63013	Frostbreath Aeon Black Sacred Auroral Hat
63014	Frostbreath Aeon White Sacred Auroral Hat
63015	Ancient Aeon Cascade Windgliders
63016	Fabled Aeon Cascade Windgliders
63017	Primal Aeon Cascade Windgliders
63018	Legendary Aeon Cascade Windgliders
63019	Mythic Aeon Cascade Windgliders
63020	Ancient Aeon Grovehawk
63021	Fabled Aeon Grovehawk
63022	Primal Aeon Grovehawk
63023	Legendary Aeon Grovehawk
63024	Mythic Aeon Grovehawk
63025	Cranfir Aeon Spiritmare
63026	Cranfir Aeon Spiritcharger
63027	Revered Aeon Cranfir Spiritsteed
63028	Revered Aeon Cranfir Spiritcolt
63029	Revered Aeon Cranfir Spiritmare
63030	Revered Aeon Cranfir Spiritcharger
63031	Red Aeon Armoured Imp Charm
63032	Pink Aeon Armoured Imp Charm
63033	Yellow Aeon Armoured Imp Charm
63034	Turquoise Aeon Armoured Imp Charm
63035	Green Aeon Armoured Imp Charm
63036	Blue Aeon Armoured Imp Charm
63037	Teal Aeon Armoured Imp Charm
63038	Mauve Aeon Armoured Imp Charm
63039	Black Aeon Armoured Imp Charm
63040	White Aeon Armoured Imp Charm
63041	Red Aeon Highlander Gloves
63042	Pink Aeon Highlander Gloves
63043	Orange Aeon Highlander Gloves
63044	Yellow Aeon Highlander Gloves
63045	Green Aeon Highlander Gloves
63046	Turquoise Aeon Highlander Gloves
63047	Blue Aeon Highlander Gloves
63048	Purple Aeon Highlander Gloves
63049	Black Aeon Highlander Gloves
63050	White Aeon Highlander Gloves
63051	Red Aeon Highlander Leggings
63052	Pink Aeon Highlander Leggings
63053	Orange Aeon Highlander Leggings
63054	Yellow Aeon Highlander Leggings
63055	Green Aeon Highlander Leggings
63056	Turquoise Aeon Highlander Leggings
63057	Blue Aeon Highlander Leggings
63058	Purple Aeon Highlander Leggings
63059	Black Aeon Highlander Leggings
63060	White Aeon Highlander Leggings
63061	Red Aeon Highlander Boots
63062	Pink Aeon Highlander Boots
63063	Orange Aeon Highlander Boots
63064	Yellow Aeon Highlander Boots
63065	Green Aeon Highlander Boots
63066	Turquoise Aeon Highlander Boots
63067	Blue Aeon Highlander Boots
63068	Purple Aeon Highlander Boots
63069	Black Aeon Highlander Boots
63070	White Aeon Highlander Boots
63071	Red Aeon Highlander Tunic
63072	Pink Aeon Highlander Tunic
63073	Orange Aeon Highlander Tunic
63074	Yellow Aeon Highlander Tunic
63075	Green Aeon Highlander Tunic
63076	Turquoise Aeon Highlander Tunic
63077	Blue Aeon Highlander Tunic
63078	Purple Aeon Highlander Tunic
63079	Black Aeon Highlander Tunic
63080	White Aeon Highlander Tunic
63081	Red Aeon Highlander Hat
63082	Pink Aeon Highlander Hat
63083	Orange Aeon Highlander Hat
63084	Yellow Aeon Highlander Hat
63085	Green Aeon Highlander Hat
63086	Turquoise Aeon Highlander Hat
63087	Blue Aeon Highlander Hat
63088	Purple Aeon Highlander Hat
63089	Black Aeon Highlander Hat
63090	White Aeon Highlander Hat
63091	Scintillating Aeon Red Highlander Gloves
63092	Scintillating Aeon Pink Highlander Gloves
63093	Scintillating Aeon Orange Highlander Gloves
63094	Scintillating Aeon Yellow Highlander Gloves
63095	Scintillating Aeon Green Highlander Gloves
63096	Scintillating Aeon Turquoise Highlander Gloves
63097	Scintillating Aeon Blue Highlander Gloves
63098	Scintillating Aeon Purple Highlander Gloves
63099	Scintillating Aeon Black Highlander Gloves
63100	Scintillating Aeon White Highlander Gloves
63101	Scintillating Aeon Red Highlander Leggings
63102	Scintillating Aeon Pink Highlander Leggings
63103	Scintillating Aeon Orange Highlander Leggings
63104	Scintillating Aeon Yellow Highlander Leggings
63105	Scintillating Aeon Green Highlander Leggings
63106	Scintillating Aeon Turquoise Highlander Leggings
63107	Scintillating Aeon Blue Highlander Leggings
63108	Scintillating Aeon Purple Highlander Leggings
63109	Scintillating Aeon Black Highlander Leggings
63110	Scintillating Aeon White Highlander Leggings
63111	Scintillating Aeon Red Highlander Boots
63112	Scintillating Aeon Pink Highlander Boots
63113	Scintillating Aeon Orange Highlander Boots
63114	Scintillating Aeon Yellow Highlander Boots
63115	Scintillating Aeon Green Highlander Boots
63116	Scintillating Aeon Turquoise Highlander Boots
63117	Scintillating Aeon Blue Highlander Boots
63118	Scintillating Aeon Purple Highlander Boots
63119	Scintillating Aeon Black Highlander Boots
63120	Scintillating Aeon White Highlander Boots
63121	Scintillating Aeon Red Highlander Tunic
63122	Scintillating Aeon Pink Highlander Tunic
63123	Scintillating Aeon Orange Highlander Tunic
63124	Scintillating Aeon Yellow Highlander Tunic
63125	Scintillating Aeon Green Highlander Tunic
63126	Scintillating Aeon Turquoise Highlander Tunic
63127	Scintillating Aeon Blue Highlander Tunic
63128	Scintillating Aeon Purple Highlander Tunic
63129	Scintillating Aeon Black Highlander Tunic
63130	Scintillating Aeon White Highlander Tunic
63131	Scintillating Aeon Red Highlander Hat
63132	Scintillating Aeon Pink Highlander Hat
63133	Scintillating Aeon Orange Highlander Hat
63134	Scintillating Aeon Yellow Highlander Hat
63135	Scintillating Aeon Green Highlander Hat
63136	Scintillating Aeon Turquoise Highlander Hat
63137	Scintillating Aeon Blue Highlander Hat
63138	Scintillating Aeon Purple Highlander Hat
63139	Scintillating Aeon Black Highlander Hat
63140	Scintillating Aeon White Highlander Hat
63141	Ancient Aeon Relic Razorback Cape
63142	Fabled Aeon Relic Razorback Cape
63143	Primal Aeon Relic Razorback Cape
63144	Legendary Aeon Relic Razorback Cape
63145	Mythic Aeon Relic Razorback Cape
63146	Ancient Aeon Warthog Staff
63147	Fabled Aeon Warthog Staff
63148	Primal Aeon Warthog Staff
63149	Legendary Aeon Warthog Staff
63150	Mythic Aeon Warthog Staff
63151	Savage Aeon Warthog
63152	Brutal Aeon Razorback
63153	Revered Aeon Wild Boar
63154	Revered Aeon Fierce Briarhog
63155	Revered Savage Aeon Warthog
63156	Revered Brutal Aeon Razorback
63157	Aeon Mystery Chest
63158	Black Aeon Sunlit Boots
63159	Black Aeon Sunlit Leggings
63160	Black Aeon Sunlit Top
63161	Black Aeon Sunlit Wristguards
63162	White Aeon Sunlit Boots
63163	White Aeon Sunlit Leggings
63164	White Aeon Sunlit Top
63165	White Aeon Sunlit Wristguards
63166	Sparkling Green Aeon Beltane Wig
63167	Sparkling Dark Green Aeon Beltane Wig
63168	Sparkling Blue Aeon Beltane Wig
63169	Sparkling Purple Aeon Beltane Wig
63170	Sparkling White Aeon Beltane Wig
63171	Sparkling Pink Aeon Beltane Wig
63172	Sparkling Black Aeon Beltane Wig
63173	Sparkling Grey Aeon Beltane Wig
63174	Sparkling Red Aeon Beltane Wig
63175	Sparkling Orange Aeon Beltane Wig
63176	Sparkling Brown Aeon Beltane Wig
63177	Sparkling Blonde Aeon Beltane Wig
63178	Darkfell Pict Aeon Charm
63179	Jotun Aeon Charm
63180	Darkfell Flamebringer Aeon Charm
63181	Sparkling Pict Aeon Charm
63182	Sparkling Jotun Aeon Charm
63183	Sparkling Flamebringer Aeon Charm
63184	Leystone Fragment
63185	Tiny Green Hatchling
63186	Small Green Hatchling
63187	Medium Green Hatchling
63188	Large Green Hatchling
63189	Huge Green Hatchling
63190	Giant Green Hatchling
63191	Tiny Red Hatchling
63192	Small Red Hatchling
63193	Medium Red Hatchling
63194	Large Red Hatchling
63195	Huge Red Hatchling
63196	Giant Red Hatchling
63197	Tiny Blue Hatchling
63198	Small Blue Hatchling
63199	Medium Blue Hatchling
63200	Large Blue Hatchling
63201	Huge Blue Hatchling
63202	Giant Blue Hatchling
63203	Tiny Black Hatchling
63204	Small Black Hatchling
63205	Medium Black Hatchling
63206	Large Black Hatchling
63207	Huge Black Hatchling
63208	Giant Black Hatchling
63209	Tiny Hatchling Food
63210	Small Hatchling Food
63211	Medium Hatchling Food
63212	Large Hatchling Food
63213	Huge Hatchling Food
63214	Giant Hatchling Food
63215	Cavernous Broth
63216	Potion of Purification
63217	Corrupted Barb
63218	Mighty Bloodleaf Pendant of Shielding
63219	Majestic Bloodleaf Pendant of Shielding
63220	Royal Bloodleaf Pendant of Shielding
63221	Imperial Bloodleaf Pendant of Shielding
63222	Godly Bloodleaf Pendant of Shielding
63223	Mighty Bloodleaf Pendant of Subtlety
63224	Majestic Bloodleaf Pendant of Subtlety
63225	Royal Bloodleaf Pendant of Subtlety
63226	Imperial Bloodleaf Pendant of Subtlety
63227	Godly Bloodleaf Pendant of Subtlety
63228	Mighty Bloodleaf Pendant of Precision
63229	Majestic Bloodleaf Pendant of Precision
63230	Royal Bloodleaf Pendant of Precision
63231	Imperial Bloodleaf Pendant of Precision
63232	Godly Bloodleaf Pendant of Precision
63233	Mighty Bloodleaf Pendant of Invocation
63234	Majestic Bloodleaf Pendant of Invocation
63235	Royal Bloodleaf Pendant of Invocation
63236	Imperial Bloodleaf Pendant of Invocation
63237	Godly Bloodleaf Pendant of Invocation
63238	Mighty Bloodleaf Pendant of Transcendence
63239	Majestic Bloodleaf Pendant of Transcendence
63240	Royal Bloodleaf Pendant of Transcendence
63241	Imperial Bloodleaf Pendant of Transcendence
63242	Godly Bloodleaf Pendant of Transcendence
63243	Mighty Bloodleaf Charm of Shielding
63244	Majestic Bloodleaf Charm of Shielding
63245	Royal Bloodleaf Charm of Shielding
63246	Imperial Bloodleaf Charm of Shielding
63247	Godly Bloodleaf Charm of Shielding
63248	Mighty Bloodleaf Charm of Subtlety
63249	Majestic Bloodleaf Charm of Subtlety
63250	Royal Bloodleaf Charm of Subtlety
63251	Imperial Bloodleaf Charm of Subtlety
63252	Godly Bloodleaf Charm of Subtlety
63253	Mighty Bloodleaf Charm of Precision
63254	Majestic Bloodleaf Charm of Precision
63255	Royal Bloodleaf Charm of Precision
63256	Imperial Bloodleaf Charm of Precision
63257	Godly Bloodleaf Charm of Precision
63258	Mighty Bloodleaf Charm of Invocation
63259	Majestic Bloodleaf Charm of Invocation
63260	Royal Bloodleaf Charm of Invocation
63261	Imperial Bloodleaf Charm of Invocation
63262	Godly Bloodleaf Charm of Invocation
63263	Mighty Bloodleaf Charm of Transcendence
63264	Majestic Bloodleaf Charm of Transcendence
63265	Royal Bloodleaf Charm of Transcendence
63266	Imperial Bloodleaf Charm of Transcendence
63267	Godly Bloodleaf Charm of Transcendence
63268	Ossified Shard
63269	Ossified Chunk
63270	Carved Bone Idol
63271	Ossified Heartstone
63272	The Shatterstone Ritual
63273	Phylactery Shard
63274	Phylactery Crystal
63275	Ancient Phylactery
63276	Phylactery Casing
63277	Keystone Orb
63278	DNU
63279	DNU
63280	DNU
63281	DNU
63282	DNU
63283	DNU
63284	DNU
63285	DNU
63286	DNU
63287	DNU
63288	DNU
63289	DNU
63290	DNU
63291	DNU
63292	DNU
63293	DNU
63294	DNU
63295	DNU
63296	DNU
63297	DNU
63298	DNU
63299	DNU
63300	DNU
63301	DNU
63302	DNU
63303	DNU
63304	DNU
63305	DNU
63306	DNU
63307	DNU
63308	DNU
63309	DNU
63310	DNU
63311	DNU
63312	DNU
63313	DNU
63314	DNU
63315	DNU
63316	DNU
63317	DNU
63318	DNU
63319	DNU
63320	DNU
63321	DNU
63322	DNU
63323	DNU
63324	DNU
63325	DNU
63326	DNU
63327	DNU
63328	DNU
63329	DNU
63330	DNU
63331	DNU
63332	DNU
63333	DNU
63334	DNU
63335	DNU
63336	DNU
63337	DNU
63338	DNU
63339	DNU
63340	DNU
63341	DNU
63342	DNU
63343	DNU
63344	DNU
63345	DNU
63346	DNU
63347	DNU
63348	DNU
63349	DNU
63350	DNU
63351	DNU
63352	DNU
63353	DNU
63354	DNU
63355	DNU
63356	DNU
63357	DNU
63358	DNU
63359	DNU
63360	DNU
63361	DNU
63362	DNU
63363	DNU
63364	DNU
63365	DNU
63366	DNU
63367	DNU
63368	DNU
63369	DNU
63370	DNU
63371	DNU
63372	DNU
63373	DNU
63374	DNU
63375	DNU
63376	DNU
63377	DNU
63378	DNU
63379	DNU
63380	DNU
63381	DNU
63382	DNU
63383	DNU
63384	DNU
63385	DNU
63386	DNU
63387	DNU
63388	Croms Quiver
63389	Croms Grimoire
63390	Croms Grimoire
63399	Embossed Shield of Resistance
63400	Embossed Sword of Resistance
63401	Embossed Dagger of Revenge
63402	Embossed Blade of Revenge
63403	Embossed Bow of Mastery
63404	Embossed Quiver of Mastery
63405	Embossed Wand of Sorcery
63406	Embossed Grimoire of Sorcery
63407	Embossed Totem of Prosperity
63408	Embossed Codex of Prosperity
63413	Skeletal Reaver Ring of Fortitude
63414	Cadaverous Reaver Ring of Fortitude
63415	Undead Reaver Ring of Fortitude
63416	Lifeless Reaver Ring of Fortitude
63417	Skeletal Reaver Ring of Coercion
63418	Cadaverous Reaver Ring of Coercion
63419	Undead Reaver Ring of Coercion
63420	Lifeless Reaver Ring of Coercion
63421	Skeletal Reaver Ring of Finesse
63422	Cadaverous Reaver Ring of Finesse
63423	Undead Reaver Ring of Finesse
63424	Lifeless Reaver Ring of Finesse
63425	Skeletal Reaver Ring of Conjuring
63426	Cadaverous Reaver Ring of Conjuring
63427	Undead Reaver Ring of Conjuring
63428	Lifeless Reaver Ring of Conjuring
63429	Skeletal Reaver Ring of Restoration
63430	Cadaverous Reaver Ring of Restoration
63431	Undead Reaver Ring of Restoration
63432	Lifeless Reaver Ring of Restoration
63433	Skeletal Reaver Bracelet of Fortitude
63434	Cadaverous Reaver Bracelet of Fortitude
63435	Undead Reaver Bracelet of Fortitude
63436	Lifeless Reaver Bracelet of Fortitude
63437	Skeletal Reaver Bracelet of Coercion
63438	Cadaverous Reaver Bracelet of Coercion
63439	Undead Reaver Bracelet of Coercion
63440	Lifeless Reaver Bracelet of Coercion
63441	Skeletal Reaver Bracelet of Finesse
63442	Cadaverous Reaver Bracelet of Finesse
63443	Undead Reaver Bracelet of Finesse
63444	Lifeless Reaver Bracelet of Finesse
63445	Skeletal Reaver Bracelet of Conjuring
63446	Cadaverous Reaver Bracelet of Conjuring
63447	Undead Reaver Bracelet of Conjuring
63448	Lifeless Reaver Bracelet of Conjuring
63449	Skeletal Reaver Bracelet of Restoration
63450	Cadaverous Reaver Bracelet of Restoration
63451	Undead Reaver Bracelet of Restoration
63452	Lifeless Reaver Bracelet of Restoration
63453	Skeletal Reaver Necklace of Fortitude
63454	Cadaverous Reaver Necklace of Fortitude
63455	Undead Reaver Necklace of Fortitude
63456	Lifeless Reaver Necklace of Fortitude
63457	Skeletal Reaver Necklace of Coercion
63458	Cadaverous Reaver Necklace of Coercion
63459	Undead Reaver Necklace of Coercion
63460	Lifeless Reaver Necklace of Coercion
63461	Skeletal Reaver Necklace of Finesse
63462	Cadaverous Reaver Necklace of Finesse
63463	Undead Reaver Necklace of Finesse
63464	Lifeless Reaver Necklace of Finesse
63465	Skeletal Reaver Necklace of Conjuring
63466	Cadaverous Reaver Necklace of Conjuring
63467	Undead Reaver Necklace of Conjuring
63468	Lifeless Reaver Necklace of Conjuring
63469	Skeletal Reaver Necklace of Restoration
63470	Cadaverous Reaver Necklace of Restoration
63471	Undead Reaver Necklace of Restoration
63472	Lifeless Reaver Necklace of Restoration
63473	Masked Lich Band of Fortitude
63474	Veiled Lich Band of Fortitude
63475	Cloaked Lich Band of Fortitude
63476	Shrouded Lich Band of Fortitude
63477	Masked Lich Band of Coercion
63478	Veiled Lich Band of Coercion
63479	Cloaked Lich Band of Coercion
63480	Shrouded Lich Band of Coercion
63481	Masked Lich Band of Finesse
63482	Veiled Lich Band of Finesse
63483	Cloaked Lich Band of Finesse
63484	Shrouded Lich Band of Finesse
63485	Masked Lich Band of Conjuring
63486	Veiled Lich Band of Conjuring
63487	Cloaked Lich Band of Conjuring
63488	Shrouded Lich Band of Conjuring
63489	Masked Lich Band of Restoration
63490	Veiled Lich Band of Restoration
63491	Cloaked Lich Band of Restoration
63492	Shrouded Lich Band of Restoration
63493	Masked Lich Bracer of Fortitude
63494	Veiled Lich Bracer of Fortitude
63495	Cloaked Lich Bracer of Fortitude
63496	Shrouded Lich Bracer of Fortitude
63497	Masked Lich Bracer of Coercion
63498	Veiled Lich Bracer of Coercion
63499	Cloaked Lich Bracer of Coercion
63500	Shrouded Lich Bracer of Coercion
63501	Masked Lich Bracer of Finesse
63502	Veiled Lich Bracer of Finesse
63503	Cloaked Lich Bracer of Finesse
63504	Shrouded Lich Bracer of Finesse
63505	Masked Lich Bracer of Conjuring
63506	Veiled Lich Bracer of Conjuring
63507	Cloaked Lich Bracer of Conjuring
63508	Shrouded Lich Bracer of Conjuring
63509	Masked Lich Bracer of Restoration
63510	Veiled Lich Bracer of Restoration
63511	Cloaked Lich Bracer of Restoration
63512	Shrouded Lich Bracer of Restoration
63513	Masked Lich Pendant of Fortitude
63514	Veiled Lich Pendant of Fortitude
63515	Cloaked Lich Pendant of Fortitude
63516	Shrouded Lich Pendant of Fortitude
63517	Masked Lich Pendant of Coercion
63518	Veiled Lich Pendant of Coercion
63519	Cloaked Lich Pendant of Coercion
63520	Shrouded Lich Pendant of Coercion
63521	Masked Lich Pendant of Finesse
63522	Veiled Lich Pendant of Finesse
63523	Cloaked Lich Pendant of Finesse
63524	Shrouded Lich Pendant of Finesse
63525	Masked Lich Pendant of Conjuring
63526	Veiled Lich Pendant of Conjuring
63527	Cloaked Lich Pendant of Conjuring
63528	Shrouded Lich Pendant of Conjuring
63529	Masked Lich Pendant of Restoration
63530	Veiled Lich Pendant of Restoration
63531	Cloaked Lich Pendant of Restoration
63532	Shrouded Lich Pendant of Restoration
63535	Mighty Bloodfang Helm of Endurance
63536	Majestic Bloodfang Helm of Endurance
63537	Royal Bloodfang Helm of Endurance
63538	Imperial Bloodfang Helm of Endurance
63539	Godly Bloodfang Helm of Endurance
63540	Mighty Bloodfang Helm of Ferocity
63541	Majestic Bloodfang Helm of Ferocity
63542	Royal Bloodfang Helm of Ferocity
63543	Imperial Bloodfang Helm of Ferocity
63544	Godly Bloodfang Helm of Ferocity
63545	Mighty Bloodfang Helm of Concealment
63546	Majestic Bloodfang Helm of Concealment
63547	Royal Bloodfang Helm of Concealment
63548	Imperial Bloodfang Helm of Concealment
63549	Godly Bloodfang Helm of Concealment
63550	Mighty Bloodfang Helm of Mutilation
63551	Majestic Bloodfang Helm of Mutilation
63552	Royal Bloodfang Helm of Mutilation
63553	Imperial Bloodfang Helm of Mutilation
63554	Godly Bloodfang Helm of Mutilation
63555	Mighty Bloodfang Helm of Precision
63556	Majestic Bloodfang Helm of Precision
63557	Royal Bloodfang Helm of Precision
63558	Imperial Bloodfang Helm of Precision
63559	Godly Bloodfang Helm of Precision
63560	Mighty Bloodfang Helm of Marksmanship
63561	Majestic Bloodfang Helm of Marksmanship
63562	Royal Bloodfang Helm of Marksmanship
63563	Imperial Bloodfang Helm of Marksmanship
63564	Godly Bloodfang Helm of Marksmanship
63565	Mighty Bloodfang Helm of Tenacity
63566	Majestic Bloodfang Helm of Tenacity
63567	Royal Bloodfang Helm of Tenacity
63568	Imperial Bloodfang Helm of Tenacity
63569	Godly Bloodfang Helm of Tenacity
63570	Mighty Bloodfang Helm of Bombardment
63571	Majestic Bloodfang Helm of Bombardment
63572	Royal Bloodfang Helm of Bombardment
63573	Imperial Bloodfang Helm of Bombardment
63574	Godly Bloodfang Helm of Bombardment
63575	Mighty Bloodfang Helm of Mysticism
63576	Majestic Bloodfang Helm of Mysticism
63577	Royal Bloodfang Helm of Mysticism
63578	Imperial Bloodfang Helm of Mysticism
63579	Godly Bloodfang Helm of Mysticism
63580	Mighty Bloodfang Helm of Conflagration
63581	Majestic Bloodfang Helm of Conflagration
63582	Royal Bloodfang Helm of Conflagration
63583	Imperial Bloodfang Helm of Conflagration
63584	Godly Bloodfang Helm of Conflagration
63585	Mighty Bloodfang Helm of Prosperity
63586	Majestic Bloodfang Helm of Prosperity
63587	Royal Bloodfang Helm of Prosperity
63588	Imperial Bloodfang Helm of Prosperity
63589	Godly Bloodfang Helm of Prosperity
63590	Mighty Bloodfang Helm of Rejuvination
63591	Majestic Bloodfang Helm of Rejuvination
63592	Royal Bloodfang Helm of Rejuvination
63593	Imperial Bloodfang Helm of Rejuvination
63594	Godly Bloodfang Helm of Rejuvination
63595	Red Shaman Wristwraps
63596	Pink Shaman Wristwraps
63597	Orange Shaman Wristwraps
63598	Yellow Shaman Wristwraps
63599	Green Shaman Wristwraps
63600	Turquoise Shaman Wristwraps
63601	Blue Shaman Wristwraps
63602	Purple Shaman Wristwraps
63603	Black Shaman Wristwraps
63604	White Shaman Wristwraps
63605	Teal Shaman Wristwraps
63606	Mauve Shaman Wristwraps
63607	Red Shaman Leggings
63608	Pink Shaman Leggings
63609	Orange Shaman Leggings
63610	Yellow Shaman Leggings
63611	Green Shaman Leggings
63612	Turquoise Shaman Leggings
63613	Blue Shaman Leggings
63614	Purple Shaman Leggings
63615	Black Shaman Leggings
63616	White Shaman Leggings
63617	Teal Shaman Leggings
63618	Mauve Shaman Leggings
63619	Red Shaman Boots
63620	Pink Shaman Boots
63621	Orange Shaman Boots
63622	Yellow Shaman Boots
63623	Green Shaman Boots
63624	Turquoise Shaman Boots
63625	Blue Shaman Boots
63626	Purple Shaman Boots
63627	Black Shaman Boots
63628	White Shaman Boots
63629	Teal Shaman Boots
63630	Mauve Shaman Boots
63631	Red Shaman Mantle
63632	Pink Shaman Mantle
63633	Orange Shaman Mantle
63634	Yellow Shaman Mantle
63635	Green Shaman Mantle
63636	Turquoise Shaman Mantle
63637	Blue Shaman Mantle
63638	Purple Shaman Mantle
63639	Black Shaman Mantle
63640	White Shaman Mantle
63641	Teal Shaman Mantle
63642	Mauve Shaman Mantle
63643	Red Shaman Headdress
63644	Pink Shaman Headdress
63645	Orange Shaman Headdress
63646	Yellow Shaman Headdress
63647	Green Shaman Headdress
63648	Turquoise Shaman Headdress
63649	Blue Shaman Headdress
63650	Purple Shaman Headdress
63651	Black Shaman Headdress
63652	White Shaman Headdress
63653	Teal Shaman Headdress
63654	Mauve Shaman Headdress
63655	Spiritbound Red Shaman Wristwraps
63656	Spiritbound Pink Shaman Wristwraps
63657	Spiritbound Orange Shaman Wristwraps
63658	Spiritbound Yellow Shaman Wristwraps
63659	Spiritbound Green Shaman Wristwraps
63660	Spiritbound Turquoise Shaman Wristwraps
63661	Spiritbound Blue Shaman Wristwraps
63662	Spiritbound Purple Shaman Wristwraps
63663	Spiritbound Black Shaman Wristwraps
63664	Spiritbound White Shaman Wristwraps
63665	Spiritbound Teal Shaman Wristwraps
63666	Spiritbound Mauve Shaman Wristwraps
63667	Spiritbound Red Shaman Leggings
63668	Spiritbound Pink Shaman Leggings
63669	Spiritbound Orange Shaman Leggings
63670	Spiritbound Yellow Shaman Leggings
63671	Spiritbound Green Shaman Leggings
63672	Spiritbound Turquoise Shaman Leggings
63673	Spiritbound Blue Shaman Leggings
63674	Spiritbound Purple Shaman Leggings
63675	Spiritbound Black Shaman Leggings
63676	Spiritbound White Shaman Leggings
63677	Spiritbound Teal Shaman Leggings
63678	Spiritbound Mauve Shaman Leggings
63679	Spiritbound Red Shaman Boots
63680	Spiritbound Pink Shaman Boots
63681	Spiritbound Orange Shaman Boots
63682	Spiritbound Yellow Shaman Boots
63683	Spiritbound Green Shaman Boots
63684	Spiritbound Turquoise Shaman Boots
63685	Spiritbound Blue Shaman Boots
63686	Spiritbound Purple Shaman Boots
63687	Spiritbound Black Shaman Boots
63688	Spiritbound White Shaman Boots
63689	Spiritbound Teal Shaman Boots
63690	Spiritbound Mauve Shaman Boots
63691	Spiritbound Red Shaman Mantle
63692	Spiritbound Pink Shaman Mantle
63693	Spiritbound Orange Shaman Mantle
63694	Spiritbound Yellow Shaman Mantle
63695	Spiritbound Green Shaman Mantle
63696	Spiritbound Turquoise Shaman Mantle
63697	Spiritbound Blue Shaman Mantle
63698	Spiritbound Purple Shaman Mantle
63699	Spiritbound Black Shaman Mantle
63700	Spiritbound White Shaman Mantle
63701	Spiritbound Teal Shaman Mantle
63702	Spiritbound Mauve Shaman Mantle
63703	Spiritbound Red Shaman Headdress
63704	Spiritbound Pink Shaman Headdress
63705	Spiritbound Orange Shaman Headdress
63706	Spiritbound Yellow Shaman Headdress
63707	Spiritbound Green Shaman Headdress
63708	Spiritbound Turquoise Shaman Headdress
63709	Spiritbound Blue Shaman Headdress
63710	Spiritbound Purple Shaman Headdress
63711	Spiritbound Black Shaman Headdress
63712	Spiritbound White Shaman Headdress
63713	Spiritbound Teal Shaman Headdress
63714	Spiritbound Mauve Shaman Headdress
63715	Yule Champion Angler's Top
63716	Yule Champion Angler's Leggings
63717	Yule Champion Angler's Hat
63718	Yule Champion Angler's Gloves
63719	Yule Champion Angler's Boots
63720	Yule Challenger Angler's Top
63721	Yule Challenger Angler's Leggings
63722	Yule Challenger Angler's Hat
63723	Yule Challenger Angler's Gloves
63724	Yule Challenger Angler's Boots
63725	Yule Contender Angler's Top
63726	Yule Contender Angler's Leggings
63727	Yule Contender Angler's Hat
63728	Yule Contender Angler's Gloves
63729	Yule Contender Angler's Boots
63730	Yule Competitor Angler's Top
63731	Yule Competitor Angler's Leggings
63732	Yule Competitor Angler's Hat
63733	Yule Competitor Angler's Gloves
63734	Yule Competitor Angler's Boots
63735	Red Charm of the Lich
63736	Pink Charm of the Lich
63737	Orange Charm of the Lich
63738	Yellow Charm of the Lich
63739	Green Charm of the Lich
63740	Turquoise Charm of the Lich
63741	Blue Charm of the Lich
63742	Purple Charm of the Lich
63743	Black Charm of the Lich
63744	White Charm of the Lich
63745	Teal Charm of the Lich
63746	Mauve Charm of the Lich
63747	Empowered Red Charm of the Lich
63748	Empowered Pink Charm of the Lich
63749	Empowered Orange Charm of the Lich
63750	Empowered Yellow Charm of the Lich
63751	Empowered Green Charm of the Lich
63752	Empowered Turquoise Charm of the Lich
63753	Empowered Blue Charm of the Lich
63754	Empowered Purple Charm of the Lich
63755	Empowered Black Charm of the Lich
63756	Empowered White Charm of the Lich
63757	Empowered Teal Charm of the Lich
63758	Empowered Mauve Charm of the Lich
63759	Red Charm of the Reaver
63760	Pink Charm of the Reaver
63761	Orange Charm of the Reaver
63762	Yellow Charm of the Reaver
63763	Green Charm of the Reaver
63764	Turquoise Charm of the Reaver
63765	Blue Charm of the Reaver
63766	Purple Charm of the Reaver
63767	Black Charm of the Reaver
63768	White Charm of the Reaver
63769	Teal Charm of the Reaver
63770	Mauve Charm of the Reaver
63771	Luminous Red Charm of the Reaver
63772	Luminous Pink Charm of the Reaver
63773	Luminous Orange Charm of the Reaver
63774	Luminous Yellow Charm of the Reaver
63775	Luminous Green Charm of the Reaver
63776	Luminous Turquoise Charm of the Reaver
63777	Luminous Blue Charm of the Reaver
63778	Luminous Purple Charm of the Reaver
63779	Luminous Black Charm of the Reaver
63780	Luminous White Charm of the Reaver
63781	Luminous Teal Charm of the Reaver
63782	Luminous Mauve Charm of the Reaver
63783	Tame Brown War Elk
63784	Trained Brown War Elk
63785	Hardened Brown War Elk
63786	Relentless Brown War Elk
63787	Ferocious Brown War Elk
63788	Primal Brown War Elk
63789	Tame Red War Elk
63790	Trained Red War Elk
63791	Hardened Red War Elk
63792	Relentless Red War Elk
63793	Ferocious Red War Elk
63794	Primal Red War Elk
63795	Tame Black War Elk
63796	Trained Black War Elk
63797	Hardened Black War Elk
63798	Relentless Black War Elk
63799	Ferocious Black War Elk
63800	Primal Black War Elk
63801	Tame Silver War Elk
63802	Trained Silver War Elk
63803	Hardened Silver War Elk
63804	Relentless Silver War Elk
63805	Ferocious Silver War Elk
63806	Primal Silver War Elk
63807	Tiny Brown Eagle
63808	Small Brown Eagle
63809	Medium Brown Eagle
63810	Large Brown Eagle
63811	Huge Brown Eagle
63812	Giant Brown Eagle
63813	Tiny Red Eagle
63814	Small Red Eagle
63815	Medium Red Eagle
63816	Large Red Eagle
63817	Huge Red Eagle
63818	Giant Red Eagle
63819	Tiny Black Eagle
63820	Small Black Eagle
63821	Medium Black Eagle
63822	Large Black Eagle
63823	Huge Black Eagle
63824	Giant Black Eagle
63825	Tiny Silver Eagle
63826	Small Silver Eagle
63827	Medium Silver Eagle
63828	Large Silver Eagle
63829	Huge Silver Eagle
63830	Giant Silver Eagle
63831	Tiny Eagle Food
63832	Small Eagle Food
63833	Medium Eagle Food
63834	Large Eagle Food
63835	Huge Eagle Food
63836	Giant Eagle Food
63837	Snowstorm Mystery Chest
63838	Red Vindicator Gauntlets
63839	Pink Vindicator Gauntlets
63840	Orange Vindicator Gauntlets
63841	Yellow Vindicator Gauntlets
63842	Green Vindicator Gauntlets
63843	Turquoise Vindicator Gauntlets
63844	Blue Vindicator Gauntlets
63845	Purple Vindicator Gauntlets
63846	Black Vindicator Gauntlets
63847	White Vindicator Gauntlets
63848	Teal Vindicator Gauntlets
63849	Mauve Vindicator Gauntlets
63850	Red Vindicator Greaves
63851	Pink Vindicator Greaves
63852	Orange Vindicator Greaves
63853	Yellow Vindicator Greaves
63854	Green Vindicator Greaves
63855	Turquoise Vindicator Greaves
63856	Blue Vindicator Greaves
63857	Purple Vindicator Greaves
63858	Black Vindicator Greaves
63859	White Vindicator Greaves
63860	Teal Vindicator Greaves
63861	Mauve Vindicator Greaves
63862	Red Vindicator Sabatons
63863	Pink Vindicator Sabatons
63864	Orange Vindicator Sabatons
63865	Yellow Vindicator Sabatons
63866	Green Vindicator Sabatons
63867	Turquoise Vindicator Sabatons
63868	Blue Vindicator Sabatons
63869	Purple Vindicator Sabatons
63870	Black Vindicator Sabatons
63871	White Vindicator Sabatons
63872	Teal Vindicator Sabatons
63873	Mauve Vindicator Sabatons
63874	Red Vindicator Breastplate
63875	Pink Vindicator Breastplate
63876	Orange Vindicator Breastplate
63877	Yellow Vindicator Breastplate
63878	Green Vindicator Breastplate
63879	Turquoise Vindicator Breastplate
63880	Blue Vindicator Breastplate
63881	Purple Vindicator Breastplate
63882	Black Vindicator Breastplate
63883	White Vindicator Breastplate
63884	Teal Vindicator Breastplate
63885	Mauve Vindicator Breastplate
63886	Red Vindicator Helm
63887	Pink Vindicator Helm
63888	Orange Vindicator Helm
63889	Yellow Vindicator Helm
63890	Green Vindicator Helm
63891	Turquoise Vindicator Helm
63892	Blue Vindicator Helm
63893	Purple Vindicator Helm
63894	Black Vindicator Helm
63895	White Vindicator Helm
63896	Teal Vindicator Helm
63897	Mauve Vindicator Helm
63898	Prophetic Red Vindicator Gauntlets
63899	Prophetic Pink Vindicator Gauntlets
63900	Prophetic Orange Vindicator Gauntlets
63901	Prophetic Yellow Vindicator Gauntlets
63902	Prophetic Green Vindicator Gauntlets
63903	Prophetic Turquoise Vindicator Gauntlets
63904	Prophetic Blue Vindicator Gauntlets
63905	Prophetic Purple Vindicator Gauntlets
63906	Prophetic Black Vindicator Gauntlets
63907	Prophetic White Vindicator Gauntlets
63908	Prophetic Teal Vindicator Gauntlets
63909	Prophetic Mauve Vindicator Gauntlets
63910	Prophetic Red Vindicator Greaves
63911	Prophetic Pink Vindicator Greaves
63912	Prophetic Orange Vindicator Greaves
63913	Prophetic Yellow Vindicator Greaves
63914	Prophetic Green Vindicator Greaves
63915	Prophetic Turquoise Vindicator Greaves
63916	Prophetic Blue Vindicator Greaves
63917	Prophetic Purple Vindicator Greaves
63918	Prophetic Black Vindicator Greaves
63919	Prophetic White Vindicator Greaves
63920	Prophetic Teal Vindicator Greaves
63921	Prophetic Mauve Vindicator Greaves
63922	Prophetic Red Vindicator Sabatons
63923	Prophetic Pink Vindicator Sabatons
63924	Prophetic Orange Vindicator Sabatons
63925	Prophetic Yellow Vindicator Sabatons
63926	Prophetic Green Vindicator Sabatons
63927	Prophetic Turquoise Vindicator Sabatons
63928	Prophetic Blue Vindicator Sabatons
63929	Prophetic Purple Vindicator Sabatons
63930	Prophetic Black Vindicator Sabatons
63931	Prophetic White Vindicator Sabatons
63932	Prophetic Teal Vindicator Sabatons
63933	Prophetic Mauve Vindicator Sabatons
63934	Prophetic Red Vindicator Breastplate
63935	Prophetic Pink Vindicator Breastplate
63936	Prophetic Orange Vindicator Breastplate
63937	Prophetic Yellow Vindicator Breastplate
63938	Prophetic Green Vindicator Breastplate
63939	Prophetic Turquoise Vindicator Breastplate
63940	Prophetic Blue Vindicator Breastplate
63941	Prophetic Purple Vindicator Breastplate
63942	Prophetic Black Vindicator Breastplate
63943	Prophetic White Vindicator Breastplate
63944	Prophetic Teal Vindicator Breastplate
63945	Prophetic Mauve Vindicator Breastplate
63946	Prophetic Red Vindicator Helm
63947	Prophetic Pink Vindicator Helm
63948	Prophetic Orange Vindicator Helm
63949	Prophetic Yellow Vindicator Helm
63950	Prophetic Green Vindicator Helm
63951	Prophetic Turquoise Vindicator Helm
63952	Prophetic Blue Vindicator Helm
63953	Prophetic Purple Vindicator Helm
63954	Prophetic Black Vindicator Helm
63955	Prophetic White Vindicator Helm
63956	Prophetic Teal Vindicator Helm
63957	Prophetic Mauve Vindicator Helm
63958	Mince Pie
63959	Exquisite Mince Pie
63960	Perfected Mince Pie
63961	Gingerbread Man
63962	Exquisite Gingerbread Man
63963	Perfected Gingerbread Man
63964	Yule Pudding
63965	Exquisite Yule Pudding
63966	Perfected Yule Pudding
63967	Chocolate Lord MacLir
63968	Chocolate Mordris
63969	Chocolate Gelebron
63970	Holiday Spices
63971	Red Barding of Frostbite
63972	Pink Barding of Frostbite
63973	Orange Barding of Frostbite
63974	Yellow Barding of Frostbite
63975	Green Barding of Frostbite
63976	Turquoise Barding of Frostbite
63977	Blue Barding of Frostbite
63978	Purple Barding of Frostbite
63979	Black Barding of Frostbite
63980	White Barding of Frostbite
63981	Ling
63982	Red Cheerful Jester's Hat
63983	Pink Cheerful Jester's Hat
63984	Orange Cheerful Jester's Hat
63985	Yellow Cheerful Jester's Hat
63986	Green Cheerful Jester's Hat
63987	Turquoise Cheerful Jester's Hat
63988	Blue Cheerful Jester's Hat
63989	Purple Cheerful Jester's Hat
63990	Black Cheerful Jester's Hat
63991	White Cheerful Jester's Hat
63992	Spirited Red Cheerful Jester's Hat
63993	Spirited Pink Cheerful Jester's Hat
63994	Spirited Orange Cheerful Jester's Hat
63995	Spirited Yellow Cheerful Jester's Hat
63996	Spirited Green Cheerful Jester's Hat
63997	Spirited Turquoise Cheerful Jester's Hat
63998	Spirited Blue Cheerful Jester's Hat
63999	Spirited Purple Cheerful Jester's Hat
64000	Spirited Black Cheerful Jester's Hat
64001	Spirited White Cheerful Jester's Hat
64002	Festive Cracker
64003	'Mince Pie' Recipe Book
64004	'Gingerbread Man' Recipe Book
64005	'Yule Pudding' Recipe Book
64006	'Chocolate Lord MacLir' Recipe Book
64007	Teal Cheerful Jester's Hat
64008	Mauve Cheerful Jester's Hat
64009	Spirited Teal Cheerful Jester's Hat
64010	Spirited Mauve Cheerful Jester's Hat
64011	Red Charm of the Auctioneer
64012	Pink Charm of the Auctioneer
64013	Orange Charm of the Auctioneer
64014	Yellow Charm of the Auctioneer
64015	Green Charm of the Auctioneer
64016	Turquoise Charm of the Auctioneer
64017	Blue Charm of the Auctioneer
64018	Purple Charm of the Auctioneer
64019	Black Charm of the Auctioneer
64020	White Charm of the Auctioneer
64021	Teal Charm of the Auctioneer
64022	Mauve Charm of the Auctioneer
64023	Flawless Red Charm of the Auctioneer
64024	Flawless Pink Charm of the Auctioneer
64025	Flawless Orange Charm of the Auctioneer
64026	Flawless Yellow Charm of the Auctioneer
64027	Flawless Green Charm of the Auctioneer
64028	Flawless Turquoise Charm of the Auctioneer
64029	Flawless Blue Charm of the Auctioneer
64030	Flawless Purple Charm of the Auctioneer
64031	Flawless Black Charm of the Auctioneer
64032	Flawless White Charm of the Auctioneer
64033	Flawless Teal Charm of the Auctioneer
64034	Flawless Mauve Charm of the Auctioneer
64035	Teal Barding of Frostbite
64036	Mauve Barding of Frostbite
64037	Red Yulebringer's Celebratory Hat
64038	Pink Yulebringer's Celebratory Hat
64039	Orange Yulebringer's Celebratory Hat
64040	Yellow Yulebringer's Celebratory Hat
64041	Green Yulebringer's Celebratory Hat
64042	Turquoise Yulebringer's Celebratory Hat
64043	Blue Yulebringer's Celebratory Hat
64044	Purple Yulebringer's Celebratory Hat
64045	Black Yulebringer's Celebratory Hat
64046	White Yulebringer's Celebratory Hat
64047	Red Frostbringer's Celebratory Hat
64048	Pink Frostbringer's Celebratory Hat
64049	Orange Frostbringer's Celebratory Hat
64050	Yellow Frostbringer's Celebratory Hat
64051	Green Frostbringer's Celebratory Hat
64052	Turquoise Frostbringer's Celebratory Hat
64053	Blue Frostbringer's Celebratory Hat
64054	Purple Frostbringer's Celebratory Hat
64055	Black Frostbringer's Celebratory Hat
64056	White Frostbringer's Celebratory Hat
64057	Teal Yulebringer's Celebratory Hat
64058	Mauve Yulebringer's Celebratory Hat
64059	Teal Frostbringer's Celebratory Hat
64060	Mauve Frostbringer's Celebratory Hat
64061	Bespoke Yuletide Gift
64062	Bespoke Yuletide Present
64063	Crom Reaver Wings
64064	Royal Corrupted Broadhead of Agony
64065	Imperial Corrupted Broadhead of Agony
64066	Godly Corrupted Broadhead of Agony
64067	Royal Corrupted Broadhead of Conflagration
64068	Imperial Corrupted Broadhead of Conflagration
64069	Godly Corrupted Broadhead of Conflagration
64070	Royal Corrupted Broadhead of Frostbite
64071	Imperial Corrupted Broadhead of Frostbite
64072	Godly Corrupted Broadhead of Frostbite
64073	Royal Corrupted Broadhead of Sorcery
64074	Imperial Corrupted Broadhead of Sorcery
64075	Godly Corrupted Broadhead of Sorcery
64076	Royal Corrupted Broadhead of Necrosis
64077	Imperial Corrupted Broadhead of Necrosis
64078	Godly Corrupted Broadhead of Necrosis
64079	Mighty Jagged Ring of Pummel
64080	Majestic Jagged Ring of Pummel
64081	Royal Jagged Ring of Pummel
64082	Imperial Jagged Ring of Pummel
64083	Godly Jagged Ring of Pummel
64084	Mighty Jagged Ring of Protective Stance
64085	Majestic Jagged Ring of Protective Stance
64086	Royal Jagged Ring of Protective Stance
64087	Imperial Jagged Ring of Protective Stance
64088	Godly Jagged Ring of Protective Stance
64089	Mighty Jagged Ring of Taunt
64090	Majestic Jagged Ring of Taunt
64091	Royal Jagged Ring of Taunt
64092	Imperial Jagged Ring of Taunt
64093	Godly Jagged Ring of Taunt
64094	Mighty Jagged Ring of Giant Swing
64095	Majestic Jagged Ring of Giant Swing
64096	Royal Jagged Ring of Giant Swing
64097	Imperial Jagged Ring of Giant Swing
64098	Godly Jagged Ring of Giant Swing
64099	Mighty Jagged Ring of Rend
64100	Majestic Jagged Ring of Rend
64101	Royal Jagged Ring of Rend
64102	Imperial Jagged Ring of Rend
64103	Godly Jagged Ring of Rend
64104	Mighty Jagged Ring of Quick Strike
64105	Majestic Jagged Ring of Quick Strike
64106	Royal Jagged Ring of Quick Strike
64107	Imperial Jagged Ring of Quick Strike
64108	Godly Jagged Ring of Quick Strike
64109	Mighty Jagged Ring of Poison Weapon
64110	Majestic Jagged Ring of Poison Weapon
64111	Royal Jagged Ring of Poison Weapon
64112	Imperial Jagged Ring of Poison Weapon
64113	Godly Jagged Ring of Poison Weapon
64114	Mighty Jagged Ring of Fast Reflexes
64115	Majestic Jagged Ring of Fast Reflexes
64116	Royal Jagged Ring of Fast Reflexes
64117	Imperial Jagged Ring of Fast Reflexes
64118	Godly Jagged Ring of Fast Reflexes
64119	Mighty Jagged Ring of Rapid Shot
64120	Majestic Jagged Ring of Rapid Shot
64121	Royal Jagged Ring of Rapid Shot
64122	Imperial Jagged Ring of Rapid Shot
64123	Godly Jagged Ring of Rapid Shot
64124	Mighty Jagged Ring of Barbed Shot
64125	Majestic Jagged Ring of Barbed Shot
64126	Royal Jagged Ring of Barbed Shot
64127	Imperial Jagged Ring of Barbed Shot
64128	Godly Jagged Ring of Barbed Shot
64129	Mighty Jagged Ring of Bolas
64130	Majestic Jagged Ring of Bolas
64131	Royal Jagged Ring of Bolas
64132	Imperial Jagged Ring of Bolas
64133	Godly Jagged Ring of Bolas
64134	Mighty Jagged Ring of Steady Aim
64135	Majestic Jagged Ring of Steady Aim
64136	Royal Jagged Ring of Steady Aim
64137	Imperial Jagged Ring of Steady Aim
64138	Godly Jagged Ring of Steady Aim
64139	Mighty Jagged Ring of Fire Bolt
64140	Majestic Jagged Ring of Fire Bolt
64141	Royal Jagged Ring of Fire Bolt
64142	Imperial Jagged Ring of Fire Bolt
64143	Godly Jagged Ring of Fire Bolt
64144	Mighty Jagged Ring of Ice Shards
64145	Majestic Jagged Ring of Ice Shards
64146	Royal Jagged Ring of Ice Shards
64147	Imperial Jagged Ring of Ice Shards
64148	Godly Jagged Ring of Ice Shards
64149	Mighty Jagged Ring of Lure of Fire
64150	Majestic Jagged Ring of Lure of Fire
64151	Royal Jagged Ring of Lure of Fire
64152	Imperial Jagged Ring of Lure of Fire
64153	Godly Jagged Ring of Lure of Fire
64154	Mighty Jagged Ring of Lure of Ice
64155	Majestic Jagged Ring of Lure of Ice
64156	Royal Jagged Ring of Lure of Ice
64157	Imperial Jagged Ring of Lure of Ice
64158	Godly Jagged Ring of Lure of Ice
64159	Mighty Jagged Ring of Strangling Vines
64160	Majestic Jagged Ring of Strangling Vines
64161	Royal Jagged Ring of Strangling Vines
64162	Imperial Jagged Ring of Strangling Vines
64163	Godly Jagged Ring of Strangling Vines
64164	Mighty Jagged Ring of Grasping Roots
64165	Majestic Jagged Ring of Grasping Roots
64166	Royal Jagged Ring of Grasping Roots
64167	Imperial Jagged Ring of Grasping Roots
64168	Godly Jagged Ring of Grasping Roots
64169	Mighty Jagged Ring of Lightning Strike
64170	Majestic Jagged Ring of Lightning Strike
64171	Royal Jagged Ring of Lightning Strike
64172	Imperial Jagged Ring of Lightning Strike
64173	Godly Jagged Ring of Lightning Strike
64174	Mighty Jagged Ring of Shield of Bark
64175	Majestic Jagged Ring of Shield of Bark
64176	Royal Jagged Ring of Shield of Bark
64177	Imperial Jagged Ring of Shield of Bark
64178	Godly Jagged Ring of Shield of Bark
64179	Yule Champion's Chicken
64180	Yule Challenger's Chicken
64181	Yule Contender's Chicken
64182	Yule Competitor's Chicken
64183	Yule Champion's Chicken Chieftain
64184	Yule Challenger's Chicken General
64185	Yule Contender's Chicken Guardian
64186	Yule Competitor's Chicken Clansman
64187	Grimy Reaver Remains
64188	Tarnished Reaver Remains
64189	Polished Reaver Remains
64190	Gleaming Reaver Remains
64191	Gilded Reaver Remains
64192	Perfect Reaver Remains
64193	Grimy Lich Talisman
64194	Tarnished Lich Talisman
64195	Polished Lich Talisman
64196	Gleaming Lich Talisman
64197	Gilded Lich Talisman
64198	Perfect Lich Talisman
64199	Grimy Corrupted Foliage
64200	Tarnished Corrupted Foliage
64201	Polished Corrupted Foliage
64202	Gleaming Corrupted Foliage
64203	Gilded Corrupted Foliage
64204	Perfect Corrupted Foliage
64205	Battleforged Gauntlets
64206	Battleforged Boots
64207	Battleforged Helm
64208	Battleforged Greaves
64209	Battleforged Breastplate
64210	Battleforged Wristguards
64211	Battleforged Sandals
64212	Battleforged Circlet
64213	Battleforged Leggings
64214	Battleforged Robe
64215	Battleforged Vambraces
64216	Battleforged Treads
64217	Battleforged Hood
64218	Battleforged Legguards
64219	Battleforged Cuirass
64220	Battleforged Gloves
64221	Battleforged Shoes
64222	Battleforged Hat
64223	Battleforged Skirt
64224	Battleforged Gown
64225	Battleforged Handwraps
64226	Battleforged Footguards
64227	Battleforged Cowl
64228	Battleforged Breeches
64229	Battleforged Jerkin
64230	Reaver Battle Standard
64231	Lich Battle Standard
64232	Lesser Potion of Reaver's Resilience
64233	Potion of Reaver's Resilience
64234	Enhanced Potion of Reaver's Resilience
64235	Lesser Acuity of the Lich Potion
64236	Acuity of the Lich Potion
64237	Enhanced Acuity of the Lich Potion
64238	Reaver Treasure Trove
64239	Lich Treasure Trove
64240	Mighty Ring of Critical Mastery
64241	Majestic Ring of Critical Mastery
64242	Royal Ring of Critical Mastery
64243	Imperial Ring of Critical Mastery
64244	Godly Ring of Critical Mastery
64245	Blackstone Missive
64246	Vial of 'Absolute Agony'
64247	Superior Potion of Reaver's Resilience
64248	Superior Acuity of the Lich Potion
64249	Barding of the Reaver
64250	Barding of the Lich
64256	Volatile Barding of the Reaver
64257	Runic Barding of the Lich
64258	Crate of Royal Corrupted Broadheads of Agony
64259	Crate of Imperial Corrupted Broadheads of Agony
64260	Crate of Godly Corrupted Broadheads of Agony
64261	Crate of Royal Corrupted Broadheads of Conflagration
64262	Crate of Imperial Corrupted Broadheads of Conflagration
64263	Crate of Godly Corrupted Broadheads of Conflagration
64264	Crate of Royal Corrupted Broadheads of Frostbite
64265	Crate of Imperial Corrupted Broadheads of Frostbite
64266	Crate of Godly Corrupted Broadheads of Frostbite
64267	Crate of Royal Corrupted Broadheads of Sorcery
64268	Crate of Imperial Corrupted Broadheads of Sorcery
64269	Crate of Godly Corrupted Broadheads of Sorcery
64270	Crate of Royal Corrupted Broadheads of Necrosis
64271	Crate of Imperial Corrupted Broadheads of Necrosis
64272	Crate of Godly Corrupted Broadheads of Necrosis
64273	Red Demonheart Gloves
64274	Pink Demonheart Gloves
64275	Orange Demonheart Gloves
64276	Yellow Demonheart Gloves
64277	Green Demonheart Gloves
64278	Turquoise Demonheart Gloves
64279	Blue Demonheart Gloves
64280	Purple Demonheart Gloves
64281	Black Demonheart Gloves
64282	White Demonheart Gloves
64283	Teal Demonheart Gloves
64284	Mauve Demonheart Gloves
64285	Red Demonheart Leggings
64286	Pink Demonheart Leggings
64287	Orange Demonheart Leggings
64288	Yellow Demonheart Leggings
64289	Green Demonheart Leggings
64290	Turquoise Demonheart Leggings
64291	Blue Demonheart Leggings
64292	Purple Demonheart Leggings
64293	Black Demonheart Leggings
64294	White Demonheart Leggings
64295	Teal Demonheart Leggings
64296	Mauve Demonheart Leggings
64297	Red Demonheart Boots
64298	Pink Demonheart Boots
64299	Orange Demonheart Boots
64300	Yellow Demonheart Boots
64301	Green Demonheart Boots
64302	Turquoise Demonheart Boots
64303	Blue Demonheart Boots
64304	Purple Demonheart Boots
64305	Black Demonheart Boots
64306	White Demonheart Boots
64307	Teal Demonheart Boots
64308	Mauve Demonheart Boots
64309	Red Demonheart Tunic
64310	Pink Demonheart Tunic
64311	Orange Demonheart Tunic
64312	Yellow Demonheart Tunic
64313	Green Demonheart Tunic
64314	Turquoise Demonheart Tunic
64315	Blue Demonheart Tunic
64316	Purple Demonheart Tunic
64317	Black Demonheart Tunic
64318	White Demonheart Tunic
64319	Teal Demonheart Tunic
64320	Mauve Demonheart Tunic
64321	Red Demonheart Mask
64322	Pink Demonheart Mask
64323	Orange Demonheart Mask
64324	Yellow Demonheart Mask
64325	Green Demonheart Mask
64326	Turquoise Demonheart Mask
64327	Blue Demonheart Mask
64328	Purple Demonheart Mask
64329	Black Demonheart Mask
64330	White Demonheart Mask
64331	Teal Demonheart Mask
64332	Mauve Demonheart Mask
64333	Unleashed Red Demonheart Gloves
64334	Unleashed Pink Demonheart Gloves
64335	Unleashed Orange Demonheart Gloves
64336	Unleashed Yellow Demonheart Gloves
64337	Unleashed Green Demonheart Gloves
64338	Unleashed Turquoise Demonheart Gloves
64339	Unleashed Blue Demonheart Gloves
64340	Unleashed Purple Demonheart Gloves
64341	Unleashed Black Demonheart Gloves
64342	Unleashed White Demonheart Gloves
64343	Unleashed Teal Demonheart Gloves
64344	Unleashed Mauve Demonheart Gloves
64345	Unleashed Red Demonheart Leggings
64346	Unleashed Pink Demonheart Leggings
64347	Unleashed Orange Demonheart Leggings
64348	Unleashed Yellow Demonheart Leggings
64349	Unleashed Green Demonheart Leggings
64350	Unleashed Turquoise Demonheart Leggings
64351	Unleashed Blue Demonheart Leggings
64352	Unleashed Purple Demonheart Leggings
64353	Unleashed Black Demonheart Leggings
64354	Unleashed White Demonheart Leggings
64355	Unleashed Teal Demonheart Leggings
64356	Unleashed Mauve Demonheart Leggings
64357	Unleashed Red Demonheart Boots
64358	Unleashed Pink Demonheart Boots
64359	Unleashed Orange Demonheart Boots
64360	Unleashed Yellow Demonheart Boots
64361	Unleashed Green Demonheart Boots
64362	Unleashed Turquoise Demonheart Boots
64363	Unleashed Blue Demonheart Boots
64364	Unleashed Purple Demonheart Boots
64365	Unleashed Black Demonheart Boots
64366	Unleashed White Demonheart Boots
64367	Unleashed Teal Demonheart Boots
64368	Unleashed Mauve Demonheart Boots
64369	Unleashed Red Demonheart Tunic
64370	Unleashed Pink Demonheart Tunic
64371	Unleashed Orange Demonheart Tunic
64372	Unleashed Yellow Demonheart Tunic
64373	Unleashed Green Demonheart Tunic
64374	Unleashed Turquoise Demonheart Tunic
64375	Unleashed Blue Demonheart Tunic
64376	Unleashed Purple Demonheart Tunic
64377	Unleashed Black Demonheart Tunic
64378	Unleashed White Demonheart Tunic
64379	Unleashed Teal Demonheart Tunic
64380	Unleashed Mauve Demonheart Tunic
64381	Unleashed Red Demonheart Mask
64382	Unleashed Pink Demonheart Mask
64383	Unleashed Orange Demonheart Mask
64384	Unleashed Yellow Demonheart Mask
64385	Unleashed Green Demonheart Mask
64386	Unleashed Turquoise Demonheart Mask
64387	Unleashed Blue Demonheart Mask
64388	Unleashed Purple Demonheart Mask
64389	Unleashed Black Demonheart Mask
64390	Unleashed White Demonheart Mask
64391	Unleashed Teal Demonheart Mask
64392	Unleashed Mauve Demonheart Mask
64393	Stolen Disc Fragments
64394	Red Barding of the Demonheart
64395	Pink Barding of the Demonheart
64396	Orange Barding of the Demonheart
64397	Yellow Barding of the Demonheart
64398	Green Barding of the Demonheart
64399	Turquoise Barding of the Demonheart
64400	Blue Barding of the Demonheart
64401	Purple Barding of the Demonheart
64402	Black Barding of the Demonheart
64403	White Barding of the Demonheart
64404	Teal Barding of the Demonheart
64405	Mauve Barding of the Demonheart
64406	Overgrowth Mystery Chest
64407	Tibia of the Grand Sorceress
64408	Mighty Bloodleaf Amulet of Destruction
64409	Majestic Bloodleaf Amulet of Destruction
64410	Royal Bloodleaf Amulet of Destruction
64411	Imperial Bloodleaf Amulet of Destruction
64412	Godly Bloodleaf Amulet of Destruction
64413	Mighty Bloodleaf Amulet of Ferocity
64414	Majestic Bloodleaf Amulet of Ferocity
64415	Royal Bloodleaf Amulet of Ferocity
64416	Imperial Bloodleaf Amulet of Ferocity
64417	Godly Bloodleaf Amulet of Ferocity
64418	Mighty Bloodleaf Amulet of Brutality
64419	Majestic Bloodleaf Amulet of Brutality
64420	Royal Bloodleaf Amulet of Brutality
64421	Imperial Bloodleaf Amulet of Brutality
64422	Godly Bloodleaf Amulet of Brutality
64423	Mighty Bloodleaf Amulet of the Arcanist
64424	Majestic Bloodleaf Amulet of the Arcanist
64425	Royal Bloodleaf Amulet of the Arcanist
64426	Imperial Bloodleaf Amulet of the Arcanist
64427	Godly Bloodleaf Amulet of the Arcanist
64428	Mighty Bloodleaf Amulet of Transmutation
64429	Majestic Bloodleaf Amulet of Transmutation
64430	Royal Bloodleaf Amulet of Transmutation
64431	Imperial Bloodleaf Amulet of Transmutation
64432	Godly Bloodleaf Amulet of Transmutation
64433	Mighty Bloodleaf Charm of Destruction
64434	Majestic Bloodleaf Charm of Destruction
64435	Royal Bloodleaf Charm of Destruction
64436	Imperial Bloodleaf Charm of Destruction
64437	Godly Bloodleaf Charm of Destruction
64438	Mighty Bloodleaf Charm of Ferocity
64439	Majestic Bloodleaf Charm of Ferocity
64440	Royal Bloodleaf Charm of Ferocity
64441	Imperial Bloodleaf Charm of Ferocity
64442	Godly Bloodleaf Charm of Ferocity
64443	Mighty Bloodleaf Charm of Brutality
64444	Majestic Bloodleaf Charm of Brutality
64445	Royal Bloodleaf Charm of Brutality
64446	Imperial Bloodleaf Charm of Brutality
64447	Godly Bloodleaf Charm of Brutality
64448	Mighty Bloodleaf Charm of the Arcanist
64449	Majestic Bloodleaf Charm of the Arcanist
64450	Royal Bloodleaf Charm of the Arcanist
64451	Imperial Bloodleaf Charm of the Arcanist
64452	Godly Bloodleaf Charm of the Arcanist
64453	Mighty Bloodleaf Charm of Transmutation
64454	Majestic Bloodleaf Charm of Transmutation
64455	Royal Bloodleaf Charm of Transmutation
64456	Imperial Bloodleaf Charm of Transmutation
64457	Godly Bloodleaf Charm of Transmutation
64458	Mighty Bloodleaf Ring of Double Attack
64459	Majestic Bloodleaf Ring of Double Attack
64460	Royal Bloodleaf Ring of Double Attack
64461	Imperial Bloodleaf Ring of Double Attack
64462	Godly Bloodleaf Ring of Double Attack
64463	Mighty Bloodleaf Ring of Double Shot
64464	Majestic Bloodleaf Ring of Double Shot
64465	Royal Bloodleaf Ring of Double Shot
64466	Imperial Bloodleaf Ring of Double Shot
64467	Godly Bloodleaf Ring of Double Shot
64468	Mighty Bloodleaf Ring of Pummel
64469	Majestic Bloodleaf Ring of Pummel
64470	Royal Bloodleaf Ring of Pummel
64471	Imperial Bloodleaf Ring of Pummel
64472	Godly Bloodleaf Ring of Pummel
64473	Mighty Bloodleaf Ring of Rupture
64474	Majestic Bloodleaf Ring of Rupture
64475	Royal Bloodleaf Ring of Rupture
64476	Imperial Bloodleaf Ring of Rupture
64477	Godly Bloodleaf Ring of Rupture
64478	Mighty Bloodleaf Ring of Giant Swing
64479	Majestic Bloodleaf Ring of Giant Swing
64480	Royal Bloodleaf Ring of Giant Swing
64481	Imperial Bloodleaf Ring of Giant Swing
64482	Godly Bloodleaf Ring of Giant Swing
64483	Mighty Bloodleaf Ring of Shield Wall
64484	Majestic Bloodleaf Ring of Shield Wall
64485	Royal Bloodleaf Ring of Shield Wall
64486	Imperial Bloodleaf Ring of Shield Wall
64487	Godly Bloodleaf Ring of Shield Wall
64488	Mighty Bloodleaf Ring of Assassinate
64489	Majestic Bloodleaf Ring of Assassinate
64490	Royal Bloodleaf Ring of Assassinate
64491	Imperial Bloodleaf Ring of Assassinate
64492	Godly Bloodleaf Ring of Assassinate
64493	Mighty Bloodleaf Ring of Sneaky Attack
64494	Majestic Bloodleaf Ring of Sneaky Attack
64495	Royal Bloodleaf Ring of Sneaky Attack
64496	Imperial Bloodleaf Ring of Sneaky Attack
64497	Godly Bloodleaf Ring of Sneaky Attack
64498	Mighty Bloodleaf Ring of Life Steal
64499	Majestic Bloodleaf Ring of Life Steal
64500	Royal Bloodleaf Ring of Life Steal
64501	Imperial Bloodleaf Ring of Life Steal
64502	Godly Bloodleaf Ring of Life Steal
64503	Mighty Bloodleaf Ring of Riposte
64504	Majestic Bloodleaf Ring of Riposte
64505	Royal Bloodleaf Ring of Riposte
64506	Imperial Bloodleaf Ring of Riposte
64507	Godly Bloodleaf Ring of Riposte
64508	Mighty Bloodleaf Ring of Longshot
64509	Majestic Bloodleaf Ring of Longshot
64510	Royal Bloodleaf Ring of Longshot
64511	Imperial Bloodleaf Ring of Longshot
64512	Godly Bloodleaf Ring of Longshot
64513	Mighty Bloodleaf Ring of Sharp Shot
64514	Majestic Bloodleaf Ring of Sharp Shot
64515	Royal Bloodleaf Ring of Sharp Shot
64516	Imperial Bloodleaf Ring of Sharp Shot
64517	Godly Bloodleaf Ring of Sharp Shot
64518	Mighty Bloodleaf Ring of Rapid Shot
64519	Majestic Bloodleaf Ring of Rapid Shot
64520	Royal Bloodleaf Ring of Rapid Shot
64521	Imperial Bloodleaf Ring of Rapid Shot
64522	Godly Bloodleaf Ring of Rapid Shot
64523	Mighty Bloodleaf Ring of Light Heal
64524	Majestic Bloodleaf Ring of Light Heal
64525	Royal Bloodleaf Ring of Light Heal
64526	Imperial Bloodleaf Ring of Light Heal
64527	Godly Bloodleaf Ring of Light Heal
64528	Mighty Bloodleaf Ring of Sanctuary
64529	Majestic Bloodleaf Ring of Sanctuary
64530	Royal Bloodleaf Ring of Sanctuary
64531	Imperial Bloodleaf Ring of Sanctuary
64532	Godly Bloodleaf Ring of Sanctuary
64533	Mighty Bloodleaf Ring of Natures Breath
64534	Majestic Bloodleaf Ring of Natures Breath
64535	Royal Bloodleaf Ring of Natures Breath
64536	Imperial Bloodleaf Ring of Natures Breath
64537	Godly Bloodleaf Ring of Natures Breath
64538	Mighty Bloodleaf Ring of Storm Touch
64539	Majestic Bloodleaf Ring of Storm Touch
64540	Royal Bloodleaf Ring of Storm Touch
64541	Imperial Bloodleaf Ring of Storm Touch
64542	Godly Bloodleaf Ring of Storm Touch
64543	Mighty Bloodleaf Ring of Energy Harvest
64544	Majestic Bloodleaf Ring of Energy Harvest
64545	Royal Bloodleaf Ring of Energy Harvest
64546	Imperial Bloodleaf Ring of Energy Harvest
64547	Godly Bloodleaf Ring of Energy Harvest
64548	Mighty Bloodleaf Ring of Strangling Vines
64549	Majestic Bloodleaf Ring of Strangling Vines
64550	Royal Bloodleaf Ring of Strangling Vines
64551	Imperial Bloodleaf Ring of Strangling Vines
64552	Godly Bloodleaf Ring of Strangling Vines
64553	Mighty Bloodleaf Ring of Ice Shards
64554	Majestic Bloodleaf Ring of Ice Shards
64555	Royal Bloodleaf Ring of Ice Shards
64556	Imperial Bloodleaf Ring of Ice Shards
64557	Godly Bloodleaf Ring of Ice Shards
64558	Mighty Bloodleaf Ring of Ice Blast
64559	Majestic Bloodleaf Ring of Ice Blast
64560	Royal Bloodleaf Ring of Ice Blast
64561	Imperial Bloodleaf Ring of Ice Blast
64562	Godly Bloodleaf Ring of Ice Blast
64563	Mighty Bloodleaf Ring of Firestorm
64564	Majestic Bloodleaf Ring of Firestorm
64565	Royal Bloodleaf Ring of Firestorm
64566	Imperial Bloodleaf Ring of Firestorm
64567	Godly Bloodleaf Ring of Firestorm
64568	Mighty Bloodleaf Ring of Energy Shield
64569	Majestic Bloodleaf Ring of Energy Shield
64570	Royal Bloodleaf Ring of Energy Shield
64571	Imperial Bloodleaf Ring of Energy Shield
64572	Godly Bloodleaf Ring of Energy Shield
64573	Mighty Bloodleaf Ring of Energy Boost
64574	Majestic Bloodleaf Ring of Energy Boost
64575	Royal Bloodleaf Ring of Energy Boost
64576	Imperial Bloodleaf Ring of Energy Boost
64577	Godly Bloodleaf Ring of Energy Boost
64578	Mighty Bloodleaf Band of Shielding
64579	Majestic Bloodleaf Band of Shielding
64580	Royal Bloodleaf Band of Shielding
64581	Imperial Bloodleaf Band of Shielding
64582	Godly Bloodleaf Band of Shielding
64583	Mighty Bloodleaf Band of Subtlety
64584	Majestic Bloodleaf Band of Subtlety
64585	Royal Bloodleaf Band of Subtlety
64586	Imperial Bloodleaf Band of Subtlety
64587	Godly Bloodleaf Band of Subtlety
64588	Mighty Bloodleaf Band of Precision
64589	Majestic Bloodleaf Band of Precision
64590	Royal Bloodleaf Band of Precision
64591	Imperial Bloodleaf Band of Precision
64592	Godly Bloodleaf Band of Precision
64593	Mighty Bloodleaf Band of Invocation
64594	Majestic Bloodleaf Band of Invocation
64595	Royal Bloodleaf Band of Invocation
64596	Imperial Bloodleaf Band of Invocation
64597	Godly Bloodleaf Band of Invocation
64598	Mighty Bloodleaf Band of Transcendence
64599	Majestic Bloodleaf Band of Transcendence
64600	Royal Bloodleaf Band of Transcendence
64601	Imperial Bloodleaf Band of Transcendence
64602	Godly Bloodleaf Band of Transcendence
64603	Mighty Bloodleaf Band of Destruction
64604	Majestic Bloodleaf Band of Destruction
64605	Royal Bloodleaf Band of Destruction
64606	Imperial Bloodleaf Band of Destruction
64607	Godly Bloodleaf Band of Destruction
64608	Mighty Bloodleaf Band of Ferocity
64609	Majestic Bloodleaf Band of Ferocity
64610	Royal Bloodleaf Band of Ferocity
64611	Imperial Bloodleaf Band of Ferocity
64612	Godly Bloodleaf Band of Ferocity
64613	Mighty Bloodleaf Band of Brutality
64614	Majestic Bloodleaf Band of Brutality
64615	Royal Bloodleaf Band of Brutality
64616	Imperial Bloodleaf Band of Brutality
64617	Godly Bloodleaf Band of Brutality
64618	Mighty Bloodleaf Band of the Arcanist
64619	Majestic Bloodleaf Band of the Arcanist
64620	Royal Bloodleaf Band of the Arcanist
64621	Imperial Bloodleaf Band of the Arcanist
64622	Godly Bloodleaf Band of the Arcanist
64623	Mighty Bloodleaf Band of Transmutation
64624	Majestic Bloodleaf Band of Transmutation
64625	Royal Bloodleaf Band of Transmutation
64626	Imperial Bloodleaf Band of Transmutation
64627	Godly Bloodleaf Band of Transmutation
64628	Red Forest Guard Helm
64629	Pink Forest Guard Helm
64630	Orange Forest Guard Helm
64631	Yellow Forest Guard Helm
64632	Green Forest Guard Helm
64633	Turquoise Forest Guard Helm
64634	Blue Forest Guard Helm
64635	Purple Forest Guard Helm
64636	Black Forest Guard Helm
64637	White Forest Guard Helm
64638	Lifebloom Red Forest Guard Helm
64639	Lifebloom Pink Forest Guard Helm
64640	Lifebloom Orange Forest Guard Helm
64641	Lifebloom Yellow Forest Guard Helm
64642	Lifebloom Green Forest Guard Helm
64643	Lifebloom Turquoise Forest Guard Helm
64644	Lifebloom Blue Forest Guard Helm
64645	Lifebloom Purple Forest Guard Helm
64646	Lifebloom Black Forest Guard Helm
64647	Lifebloom White Forest Guard Helm
64648	Fragmented Shield of Dormant Power
64649	Lesser Shield of Dormant Power
64650	Mystic Shield of Dormant Power
64651	Greater Shield of Dormant Power
64652	Grand Shield of Dormant Power
64653	Mighty Shield of Dormant Power
64654	Majestic Shield of Dormant Power
64655	Cuhcullain's Bastion
64656	Cuhcullain's Bastion Evoked
64657	Cuhcullain's Bastion Awakened
64658	Fragmented Axe of Dormant Power
64659	Lesser Axe of Dormant Power
64660	Mystic Axe of Dormant Power
64661	Greater Axe of Dormant Power
64662	Grand Axe of Dormant Power
64663	Mighty Axe of Dormant Power
64664	Majestic Axe of Dormant Power
64665	Cuhcullain's Fury
64666	Cuhcullain's Fury Evoked
64667	Cuhcullain's Fury Awakened
64668	Fragmented Blade of Dormant Power
64669	Lesser Blade of Dormant Power
64670	Mystic Blade of Dormant Power
64671	Greater Blade of Dormant Power
64672	Grand Blade of Dormant Power
64673	Mighty Blade of Dormant Power
64674	Majestic Blade of Dormant Power
64675	Fingal's Edge of Prowess
64676	Fingal's Edge of Prowess Evoked
64677	Fingal's Edge of Prowess Awakened
64678	Fragmented Dagger of Dormant Power
64679	Lesser Dagger of Dormant Power
64680	Mystic Dagger of Dormant Power
64681	Greater Dagger of Dormant Power
64682	Grand Dagger of Dormant Power
64683	Mighty Dagger of Dormant Power
64684	Majestic Dagger of Dormant Power
64685	Fingal's Edge of Finesse
64686	Fingal's Edge of Finesse Evoked
64687	Fingal's Edge of Finesse Awakened
64688	Fragmented Quiver of Dormant Power
64689	Lesser Quiver of Dormant Power
64690	Mystic Quiver of Dormant Power
64691	Greater Quiver of Dormant Power
64692	Grand Quiver of Dormant Power
64693	Mighty Quiver of Dormant Power
64694	Majestic Quiver of Dormant Power
64695	Myrine's Featherdraw
64696	Myrine's Featherdraw Evoked
64697	Myrine's Featherdraw Awakened
64698	Fragmented Rearguard of Dormant Power
64699	Lesser Rearguard of Dormant Power
64700	Mystic Rearguard of Dormant Power
64701	Greater Rearguard of Dormant Power
64702	Grand Rearguard of Dormant Power
64703	Mighty Rearguard of Dormant Power
64704	Majestic Rearguard of Dormant Power
64705	Myrine's Crossfire
64706	Myrine's Crossfire Evoked
64707	Myrine's Crossfire Awakened
64708	Fragmented Tome of Dormant Power
64709	Lesser Tome of Dormant Power
64710	Mystic Tome of Dormant Power
64711	Greater Tome of Dormant Power
64712	Grand Tome of Dormant Power
64713	Mighty Tome of Dormant Power
64714	Majestic Tome of Dormant Power
64715	Myrrdin's Sacred Flame
64716	Myrrdin's Sacred Flame Evoked
64717	Myrrdin's Sacred Flame Awakened
64718	Fragmented Grimoire of Dormant Power
64719	Lesser Grimoire of Dormant Power
64720	Mystic Grimoire of Dormant Power
64721	Greater Grimoire of Dormant Power
64722	Grand Grimoire of Dormant Power
64723	Mighty Grimoire of Dormant Power
64724	Majestic Grimoire of Dormant Power
64725	Myrrdin's Glacial Embrace
64726	Myrrdin's Glacial Embrace Evoked
64727	Myrrdin's Glacial Embrace Awakened
64728	Fragmented Lexicon of Dormant Power
64729	Lesser Lexicon of Dormant Power
64730	Mystic Lexicon of Dormant Power
64731	Greater Lexicon of Dormant Power
64732	Grand Lexicon of Dormant Power
64733	Mighty Lexicon of Dormant Power
64734	Majestic Lexicon of Dormant Power
64735	Myrrdin's Adaptation
64736	Myrrdin's Adaptation Evoked
64737	Myrrdin's Adaptation Awakened
64738	Fragmented Codex of Dormant Power
64739	Lesser Codex of Dormant Power
64740	Mystic Codex of Dormant Power
64741	Greater Codex of Dormant Power
64742	Grand Codex of Dormant Power
64743	Mighty Codex of Dormant Power
64744	Majestic Codex of Dormant Power
64745	Dian Cecht's Grace
64746	Dian Cecht's Grace Evoked
64747	Dian Cecht's Grace Awakened
64748	Fragmented Compendium of Dormant Power
64749	Lesser Compendium of Dormant Power
64750	Mystic Compendium of Dormant Power
64751	Greater Compendium of Dormant Power
64752	Grand Compendium of Dormant Power
64753	Mighty Compendium of Dormant Power
64754	Majestic Compendium of Dormant Power
64755	Dian Cecht's Boon
64756	Dian Cecht's Boon Evoked
64757	Dian Cecht's Boon Awakened
64758	Fragmented Octavo of Dormant Power
64759	Lesser Octavo of Dormant Power
64760	Mystic Octavo of Dormant Power
64761	Greater Octavo of Dormant Power
64762	Grand Octavo of Dormant Power
64763	Mighty Octavo of Dormant Power
64764	Majestic Octavo of Dormant Power
64765	Dian Cecht's Stormrage
64766	Dian Cecht's Stormrage Evoked
64767	Dian Cecht's Stormrage Awakened
64768	Inert Shield of Dormant Power
64769	Inert Axe of Dormant Power
64770	Inert Blade of Dormant Power
64771	Inert Dagger of Dormant Power
64772	Inert Quiver of Dormant Power
64773	Inert Rearguard of Dormant Power
64774	Inert Tome of Dormant Power
64775	Inert Grimoire of Dormant Power
64776	Inert Lexicon of Dormant Power
64777	Inert Codex of Dormant Power
64778	Inert Compendium of Dormant Power
64779	Inert Octavo of Dormant Power
64780	Echo of the First Wardens
64781	Corrupted Drake Claws
64782	Ostara Culinarian Competitor's Top
64783	Ostara Culinarian Competitor's Leggings
64784	Ostara Culinarian Competitor's Hat
64785	Ostara Culinarian Competitor's Gloves
64786	Ostara Culinarian Competitor's Boots
64787	Ostara Culinarian Champion's Top
64788	Ostara Culinarian Champion's Leggings
64789	Ostara Culinarian Champion's Hat
64790	Ostara Culinarian Champion's Gloves
64791	Ostara Culinarian Champion's Boots
64792	Ostara Culinarian Challenger's Top
64793	Ostara Culinarian Challenger's Leggings
64794	Ostara Culinarian Challenger's Hat
64795	Ostara Culinarian Challenger's Gloves
64796	Ostara Culinarian Challenger's Boots
64797	Ostara Culinarian Contender's Top
64798	Ostara Culinarian Contender's Leggings
64799	Ostara Culinarian Contender's Hat
64800	Ostara Culinarian Contender's Gloves
64801	Ostara Culinarian Contender's Boots
64802	Seed of Corruption
64803	Mighty Bloodleaf Ring of Natures Touch
64804	Majestic Bloodleaf Ring of Natures Touch
64805	Royal Bloodleaf Ring of Natures Touch
64806	Imperial Bloodleaf Ring of Natures Touch
64807	Godly Bloodleaf Ring of Natures Touch
64808	Mighty Bloodleaf Ring of Lightning Strike
64809	Majestic Bloodleaf Ring of Lightning Strike
64810	Royal Bloodleaf Ring of Lightning Strike
64811	Imperial Bloodleaf Ring of Lightning Strike
64812	Godly Bloodleaf Ring of Lightning Strike
64813	Mighty Bloodleaf Ring of Quick Strike
64814	Majestic Bloodleaf Ring of Quick Strike
64815	Royal Bloodleaf Ring of Quick Strike
64816	Imperial Bloodleaf Ring of Quick Strike
64817	Godly Bloodleaf Ring of Quick Strike
64818	Mighty Bloodleaf Ring of Fire Bolt
64819	Majestic Bloodleaf Ring of Fire Bolt
64820	Royal Bloodleaf Ring of Fire Bolt
64821	Imperial Bloodleaf Ring of Fire Bolt
64822	Godly Bloodleaf Ring of Fire Bolt
64823	Ostara Culinarian Champion's Ladel
64824	Ostara Culinarian Challenger's Ladel
64825	Ostara Culinarian Contender's Ladel
64826	Blazeroot Seedling
64827	Frostroot Seedling
64828	Salveroot Seedling
64829	Causticroot Seedling
64830	Chaosroot Seedling
64831	Voltroot Seedling
64832	Template Tiger Orange
64833	Template Tiger White
64834	Template Tiger Black
64835	Template Tiger Spirit
64836	Ritual Candle
64837	Golden Ritual Candle
64838	Red Crown of the Yule Father
64839	Pink Crown of the Yule Father
64840	Orange Crown of the Yule Father
64841	Yellow Crown of the Yule Father
64842	Green Crown of the Yule Father
64843	Turquoise Crown of the Yule Father
64844	Blue Crown of the Yule Father
64845	Purple Crown of the Yule Father
64846	Black Crown of the Yule Father
64847	White Crown of the Yule Father
64848	Blessed Red Crown of the Yule Father
64849	Blessed Pink Crown of the Yule Father
64850	Blessed Orange Crown of the Yule Father
64851	Blessed Yellow Crown of the Yule Father
64852	Blessed Green Crown of the Yule Father
64853	Blessed Turquoise Crown of the Yule Father
64854	Blessed Blue Crown of the Yule Father
64855	Blessed Purple Crown of the Yule Father
64856	Blessed Black Crown of the Yule Father
64857	Blessed White Crown of the Yule Father
64858	Red Oni Mask
64859	Pink Oni Mask
64860	Orange Oni Mask
64861	Yellow Oni Mask
64862	Green Oni Mask
64863	Turquoise Oni Mask
64864	Blue Oni Mask
64865	Purple Oni Mask
64866	Black Oni Mask
64867	White Oni Mask
64868	Teal Oni Mask
64869	Mauve Oni Mask
64870	Red Oni Armor
64871	Pink Oni Armor
64872	Orange Oni Armor
64873	Yellow Oni Armor
64874	Green Oni Armor
64875	Turquoise Oni Armor
64876	Blue Oni Armor
64877	Purple Oni Armor
64878	Black Oni Armor
64879	White Oni Armor
64880	Teal Oni Armor
64881	Mauve Oni Armor
64882	Red Oni Gloves
64883	Pink Oni Gloves
64884	Orange Oni Gloves
64885	Yellow Oni Gloves
64886	Green Oni Gloves
64887	Turquoise Oni Gloves
64888	Blue Oni Gloves
64889	Purple Oni Gloves
64890	Black Oni Gloves
64891	White Oni Gloves
64892	Teal Oni Gloves
64893	Mauve Oni Gloves
64894	Red Oni Leggings
64895	Pink Oni Leggings
64896	Orange Oni Leggings
64897	Yellow Oni Leggings
64898	Green Oni Leggings
64899	Turquoise Oni Leggings
64900	Blue Oni Leggings
64901	Purple Oni Leggings
64902	Black Oni Leggings
64903	White Oni Leggings
64904	Teal Oni Leggings
64905	Mauve Oni Leggings
64906	Red Oni Boots
64907	Pink Oni Boots
64908	Orange Oni Boots
64909	Yellow Oni Boots
64910	Green Oni Boots
64911	Turquoise Oni Boots
64912	Blue Oni Boots
64913	Purple Oni Boots
64914	Black Oni Boots
64915	White Oni Boots
64916	Teal Oni Boots
64917	Mauve Oni Boots
64918	Template Red Phoenix
64919	Template Orange Phoenix
64920	Template Blue Phoenix
64921	Template Purple Phoenix
64923	7th Anniversary Red Firework
64924	7th Anniversary Pink Firework
64925	7th Anniversary Orange Firework
64926	7th Anniversary Yellow Firework
64927	7th Anniversary Green Firework
64928	7th Anniversary Turquoise Firework
64929	7th Anniversary Blue Firework
64930	7th Anniversary Purple Firework
64931	7th Anniversary Black Firework
64932	7th Anniversary White Firework
64933	Unleashed Red Oni Armor
64934	Unleashed Red Oni Mask
64935	Unleashed Red Oni Gloves
64936	Unleashed Red Oni Leggings
64937	Unleashed Red Oni Boots
64938	Unleashed Pink Oni Armor
64939	Unleashed Pink Oni Mask
64940	Unleashed Pink Oni Gloves
64941	Unleashed Pink Oni Leggings
64942	Unleashed Pink Oni Boots
64943	Unleashed Orange Oni Armor
64944	Unleashed Orange Oni Mask
64945	Unleashed Orange Oni Gloves
64946	Unleashed Orange Oni Leggings
64947	Unleashed Orange Oni Boots
64948	Unleashed Yellow Oni Armor
64949	Unleashed Yellow Oni Mask
64950	Unleashed Yellow Oni Gloves
64951	Unleashed Yellow Oni Leggings
64952	Unleashed Yellow Oni Boots
64953	Unleashed Green Oni Armor
64954	Unleashed Green Oni Mask
64955	Unleashed Green Oni Gloves
64956	Unleashed Green Oni Leggings
64957	Unleashed Green Oni Boots
64958	Unleashed Turquoise Oni Armor
64959	Unleashed Turquoise Oni Mask
64960	Unleashed Turquoise Oni Gloves
64961	Unleashed Turquoise Oni Leggings
64962	Unleashed Turquoise Oni Boots
64963	Unleashed Blue Oni Armor
64964	Unleashed Blue Oni Mask
64965	Unleashed Blue Oni Gloves
64966	Unleashed Blue Oni Leggings
64967	Unleashed Blue Oni Boots
64968	Unleashed Purple Oni Armor
64969	Unleashed Purple Oni Mask
64970	Unleashed Purple Oni Gloves
64971	Unleashed Purple Oni Leggings
64972	Unleashed Purple Oni Boots
64973	Unleashed Black Oni Armor
64974	Unleashed Black Oni Mask
64975	Unleashed Black Oni Gloves
64976	Unleashed Black Oni Leggings
64977	Unleashed Black Oni Boots
64978	Unleashed White Oni Armor
64979	Unleashed White Oni Mask
64980	Unleashed White Oni Gloves
64981	Unleashed White Oni Leggings
64982	Unleashed White Oni Boots
64983	Unleashed Teal Oni Armor
64984	Unleashed Teal Oni Mask
64985	Unleashed Teal Oni Gloves
64986	Unleashed Teal Oni Leggings
64987	Unleashed Teal Oni Boots
64988	Unleashed Mauve Oni Armor
64989	Unleashed Mauve Oni Mask
64990	Unleashed Mauve Oni Gloves
64991	Unleashed Mauve Oni Leggings
64992	Unleashed Mauve Oni Boots
64993	Tiny Red Phoenix
64994	Small Red Phoenix
64995	Medium Red Phoenix
64996	Large Red Phoenix
64997	Huge Red Phoenix
64998	Giant Red Phoenix
64999	Tiny Orange Phoenix
65000	Small Orange Phoenix
65001	Medium Orange Phoenix
65002	Large Orange Phoenix
65003	Huge Orange Phoenix
65004	Giant Orange Phoenix
65005	Tiny Blue Phoenix
65006	Small Blue Phoenix
65007	Medium Blue Phoenix
65008	Large Blue Phoenix
65009	Huge Blue Phoenix
65010	Giant Blue Phoenix
65011	Tiny Purple Phoenix
65012	Small Purple Phoenix
65013	Medium Purple Phoenix
65014	Large Purple Phoenix
65015	Huge Purple Phoenix
65016	Giant Purple Phoenix
65017	Tame Orange War Tiger
65018	Trained Orange War Tiger
65019	Hardened Orange War Tiger
65020	Relentless Orange War Tiger
65021	Ferocious Orange War Tiger
65022	Primal Orange War Tiger
65023	Tame Yellow War Tiger
65024	Trained Yellow War Tiger
65025	Hardened Yellow War Tiger
65026	Relentless Yellow War Tiger
65027	Ferocious Yellow War Tiger
65028	Primal Yellow War Tiger
65029	Tame Black War Tiger
65030	Trained Black War Tiger
65031	Hardened Black War Tiger
65032	Relentless Black War Tiger
65033	Ferocious Black War Tiger
65034	Primal Black War Tiger
65035	Tame White War Tiger
65036	Trained White War Tiger
65037	Hardened White War Tiger
65038	Relentless White War Tiger
65039	Ferocious White War Tiger
65040	Primal White War Tiger
65041	Tiny Phoenix Food
65042	Small Phoenix Food
65043	Medium Phoenix Food
65044	Large Phoenix Food
65045	Huge Phoenix Food
65046	Giant Phoenix Food
65047	Phoenix Egg
65048	Thunder God Mystery Chest
65049	Spirit War Tiger
65050	Spirit War Wolf
65051	Spirit War Bear
65052	Spirit War Elk
65053	Spirit War Horse
65054	Hellforged Bracelet of Fortitude
65055	Hellforged Bracelet of Spirit
65056	Hellforged Bracelet of Resilience
65057	Rage of the Deathless
65058	Will of the Deathless
65059	Guile of the Deathless
65060	Bane of the Deathless
65061	Imbued Blade of the Chosen
65062	Imbued Axe of the Lair
65063	Imbued Hammer of the Hoard
65064	Imbued Drakefang Dagger
65065	Imbued Drakehorn Bow
65066	Imbued Drakeflame Wand
65067	Imbued Drake's Eye Staff
65068	Illusions of the Apostate
65069	Knowledge of the Apostate
65070	Guilt of the Banished
65071	Sacrifice of the Banished
65072	Hero's Battleworn Blade
65073	Woodcutter's Sturdy Axe
65074	Warrior's Smashing Mace
65075	Thief's Vanishing Dagger
65076	Huntsman's Ensnaring Bow
65077	Wizard's Lucky Wand
65078	Sage's Walking Staff
65079	Afflicted Master Sword
65080	Afflicted Master Axe
65081	Afflicted Master Mace
65082	Afflicted Master Dagger
65083	Afflicted Master Bow
65084	Afflicted Master Wand
65085	Afflicted Master Staff
65086	Phantom Ring
65087	Volcanic Ring
65088	Swamp Ring
65089	Wyrmheart Sword
65090	Wyrmheart Handaxe
65091	Wyrmheart Club
65092	Wyrmheart Dagger
65093	Wyrmsong Bow
65094	Wyrmsong Staff
65095	Wyrmsong Wand
65096	Humming Skull Charm
65097	Rhyming Skull Charm
65098	Singing Skull Charm
65099	Chanting Skull Charm
65100	Whistling Skull Charm
65101	Chirping Skull Charm
65102	Invader Greatsword
65103	Invader Great Axe
65104	Invader Great Maul
65105	Blade of Duhblainn
65106	Wrath of Ursa Bracelet
65107	Fury of Ursa Bracelet
65108	Spirit of Ursa Bracelet
65109	Courage of Ursa Bracelet
65110	Emerald Knight Gauntlets
65111	Emerald Knight Boots
65112	Emerald Knight Helm
65113	Emerald Knight Greaves
65114	Emerald Knight Breastplate
65115	Blade of Nirvana
65116	Dagger of Nirvana
65117	Bow of Nirvana
65118	Wand of Nirvana
65119	Totem of Nirvana
65120	Charm of the Fading
65121	Charm of the Forgotten
65122	Minor Amulet of Borrum
65123	Lesser Amulet of Borrum
65124	Greater Amulet of Borrum
65125	Enchanted Amulet of Borrum
65126	Blessed Amulet of Borrum
65127	Blade of Regeneration
65128	Dagger of Regeneration
65129	Bow of Regeneration
65130	Wand of Regeneration
65131	Totem of Regeneration
65132	Taunting Bloom Ring
65133	Calming Bloom Ring
65134	Bracelet of Divine Retribution
65135	Bracelet of Divine Protection
65136	Red Jester Hat
65137	Pink Jester Hat
65138	Orange Jester Hat
65139	Yellow Jester Hat
65140	Green Jester Hat
65141	Turquoise Jester Hat
65142	Blue Jester Hat
65143	Purple Jester Hat
65144	Black Jester Hat
65145	White Jester Hat
65146	Red Jester Shirt
65147	Pink Jester Shirt
65148	Orange Jester Shirt
65149	Yellow Jester Shirt
65150	Green Jester Shirt
65151	Turquoise Jester Shirt
65152	Blue Jester Shirt
65153	Purple Jester Shirt
65154	Black Jester Shirt
65155	White Jester Shirt
65156	Red Jester Gloves
65157	Pink Jester Gloves
65158	Orange Jester Gloves
65159	Yellow Jester Gloves
65160	Green Jester Gloves
65161	Turquoise Jester Gloves
65162	Blue Jester Gloves
65163	Purple Jester Gloves
65164	Black Jester Gloves
65165	White Jester Gloves
65166	Red Jester Pants
65167	Pink Jester Pants
65168	Orange Jester Pants
65169	Yellow Jester Pants
65170	Green Jester Pants
65171	Turquoise Jester Pants
65172	Blue Jester Pants
65173	Purple Jester Pants
65174	Black Jester Pants
65175	White Jester Pants
65176	Red Jester Shoes
65177	Pink Jester Shoes
65178	Orange Jester Shoes
65179	Yellow Jester Shoes
65180	Green Jester Shoes
65181	Turquoise Jester Shoes
65182	Blue Jester Shoes
65183	Purple Jester Shoes
65184	Black Jester Shoes
65185	White Jester Shoes
65186	Festive Red Jester Hat
65187	Festive Pink Jester Hat
65188	Festive Orange Jester Hat
65189	Festive Yellow Jester Hat
65190	Festive Green Jester Hat
65191	Festive Turquoise Jester Hat
65192	Festive Blue Jester Hat
65193	Festive Purple Jester Hat
65194	Festive Black Jester Hat
65195	Festive White Jester Hat
65196	Festive Red Jester Shirt
65197	Festive Pink Jester Shirt
65198	Festive Orange Jester Shirt
65199	Festive Yellow Jester Shirt
65200	Festive Green Jester Shirt
65201	Festive Turquoise Jester Shirt
65202	Festive Blue Jester Shirt
65203	Festive Purple Jester Shirt
65204	Festive Black Jester Shirt
65205	Festive White Jester Shirt
65206	Festive Red Jester Gloves
65207	Festive Pink Jester Gloves
65208	Festive Orange Jester Gloves
65209	Festive Yellow Jester Gloves
65210	Festive Green Jester Gloves
65211	Festive Turquoise Jester Gloves
65212	Festive Blue Jester Gloves
65213	Festive Purple Jester Gloves
65214	Festive Black Jester Gloves
65215	Festive White Jester Gloves
65216	Festive Red Jester Pants
65217	Festive Pink Jester Pants
65218	Festive Orange Jester Pants
65219	Festive Yellow Jester Pants
65220	Festive Green Jester Pants
65221	Festive Turquoise Jester Pants
65222	Festive Blue Jester Pants
65223	Festive Purple Jester Pants
65224	Festive Black Jester Pants
65225	Festive White Jester Pants
65226	Festive Red Jester Shoes
65227	Festive Pink Jester Shoes
65228	Festive Orange Jester Shoes
65229	Festive Yellow Jester Shoes
65230	Festive Green Jester Shoes
65231	Festive Turquoise Jester Shoes
65232	Festive Blue Jester Shoes
65233	Festive Purple Jester Shoes
65234	Festive Black Jester Shoes
65235	Festive White Jester Shoes
65236	Snowfall Mystery Chest
65237	Red Midwinter Hat
65238	Pink Midwinter Hat
65239	Orange Midwinter Hat
65240	Yellow Midwinter Hat
65241	Green Midwinter Hat
65242	Turquoise Midwinter Hat
65243	Blue Midwinter Hat
65244	Purple Midwinter Hat
65245	Black Midwinter Hat
65246	White Midwinter Hat
65247	Frosty Red Midwinter Hat
65248	Frosty Pink Midwinter Hat
65249	Frosty Orange Midwinter Hat
65250	Frosty Yellow Midwinter Hat
65251	Frosty Green Midwinter Hat
65252	Frosty Turquoise Midwinter Hat
65253	Frosty Blue Midwinter Hat
65254	Frosty Purple Midwinter Hat
65255	Frosty Black Midwinter Hat
65256	Frosty White Midwinter Hat
65257	Red Midwinter Hat
65258	Midwinter Present
65259	Midwinter Gift
65260	Red Floral Wreath of Ostara
65261	Pink Floral Wreath of Ostara
65262	Orange Floral Wreath of Ostara
65263	Yellow Floral Wreath of Ostara
65264	Green Floral Wreath of Ostara
65265	Turquoise Floral Wreath of Ostara
65266	Blue Floral Wreath of Ostara
65267	Purple Floral Wreath of Ostara
65268	Black Floral Wreath of Ostara
65269	White Floral Wreath of Ostara
65270	Glimmering Red Floral Wreath of Ostara
65271	Glimmering Pink Floral Wreath of Ostara
65272	Glimmering Orange Floral Wreath of Ostara
65273	Glimmering Yellow Floral Wreath of Ostara
65274	Glimmering Green Floral Wreath of Ostara
65275	Glimmering Turquoise Floral Wreath of Ostara
65276	Glimmering Blue Floral Wreath of Ostara
65277	Glimmering Purple Floral Wreath of Ostara
65278	Glimmering Black Floral Wreath of Ostara
65279	Glimmering White Floral Wreath of Ostara
65280	Ostara Egg
65281	Bejewelled Ostara Egg
65282	Red Scoithniamh Helmet
65283	Pink Scoithniamh Helmet
65284	Orange Scoithniamh Helmet
65285	Yellow Scoithniamh Helmet
65286	Green Scoithniamh Helmet
65287	Turquoise Scoithniamh Helmet
65288	Blue Scoithniamh Helmet
65289	Purple Scoithniamh Helmet
65290	Black Scoithniamh Helmet
65291	White Scoithniamh Helmet
65292	Red Scoithniamh Tunic
65293	Pink Scoithniamh Tunic
65294	Orange Scoithniamh Tunic
65295	Yellow Scoithniamh Tunic
65296	Green Scoithniamh Tunic
65297	Turquoise Scoithniamh Tunic
65298	Blue Scoithniamh Tunic
65299	Purple Scoithniamh Tunic
65300	Black Scoithniamh Tunic
65301	White Scoithniamh Tunic
65302	Red Scoithniamh Gloves
65303	Pink Scoithniamh Gloves
65304	Orange Scoithniamh Gloves
65305	Yellow Scoithniamh Gloves
65306	Green Scoithniamh Gloves
65307	Turquoise Scoithniamh Gloves
65308	Blue Scoithniamh Gloves
65309	Purple Scoithniamh Gloves
65310	Black Scoithniamh Gloves
65311	White Scoithniamh Gloves
65312	Red Scoithniamh Leggings
65313	Pink Scoithniamh Leggings
65314	Orange Scoithniamh Leggings
65315	Yellow Scoithniamh Leggings
65316	Green Scoithniamh Leggings
65317	Turquoise Scoithniamh Leggings
65318	Blue Scoithniamh Leggings
65319	Purple Scoithniamh Leggings
65320	Black Scoithniamh Leggings
65321	White Scoithniamh Leggings
65322	Red Scoithniamh Boots
65323	Pink Scoithniamh Boots
65324	Orange Scoithniamh Boots
65325	Yellow Scoithniamh Boots
65326	Green Scoithniamh Boots
65327	Turquoise Scoithniamh Boots
65328	Blue Scoithniamh Boots
65329	Purple Scoithniamh Boots
65330	Black Scoithniamh Boots
65331	White Scoithniamh Boots
65332	Efflorescent Red Scoithniamh Helmet
65333	Efflorescent Pink Scoithniamh Helmet
65334	Efflorescent Orange Scoithniamh Helmet
65335	Efflorescent Yellow Scoithniamh Helmet
65336	Efflorescent Green Scoithniamh Helmet
65337	Efflorescent Turquoise Scoithniamh Helmet
65338	Efflorescent Blue Scoithniamh Helmet
65339	Efflorescent Purple Scoithniamh Helmet
65340	Efflorescent Black Scoithniamh Helmet
65341	Efflorescent White Scoithniamh Helmet
65342	Efflorescent Red Scoithniamh Tunic
65343	Efflorescent Pink Scoithniamh Tunic
65344	Efflorescent Orange Scoithniamh Tunic
65345	Efflorescent Yellow Scoithniamh Tunic
65346	Efflorescent Green Scoithniamh Tunic
65347	Efflorescent Turquoise Scoithniamh Tunic
65348	Efflorescent Blue Scoithniamh Tunic
65349	Efflorescent Purple Scoithniamh Tunic
65350	Efflorescent Black Scoithniamh Tunic
65351	Efflorescent White Scoithniamh Tunic
65352	Efflorescent Red Scoithniamh Gloves
65353	Efflorescent Pink Scoithniamh Gloves
65354	Efflorescent Orange Scoithniamh Gloves
65355	Efflorescent Yellow Scoithniamh Gloves
65356	Efflorescent Green Scoithniamh Gloves
65357	Efflorescent Turquoise Scoithniamh Gloves
65358	Efflorescent Blue Scoithniamh Gloves
65359	Efflorescent Purple Scoithniamh Gloves
65360	Efflorescent Black Scoithniamh Gloves
65361	Efflorescent White Scoithniamh Gloves
65362	Efflorescent Red Scoithniamh Leggings
65363	Efflorescent Pink Scoithniamh Leggings
65364	Efflorescent Orange Scoithniamh Leggings
65365	Efflorescent Yellow Scoithniamh Leggings
65366	Efflorescent Green Scoithniamh Leggings
65367	Efflorescent Turquoise Scoithniamh Leggings
65368	Efflorescent Blue Scoithniamh Leggings
65369	Efflorescent Purple Scoithniamh Leggings
65370	Efflorescent Black Scoithniamh Leggings
65371	Efflorescent White Scoithniamh Leggings
65372	Efflorescent Red Scoithniamh Boots
65373	Efflorescent Pink Scoithniamh Boots
65374	Efflorescent Orange Scoithniamh Boots
65375	Efflorescent Yellow Scoithniamh Boots
65376	Efflorescent Green Scoithniamh Boots
65377	Efflorescent Turquoise Scoithniamh Boots
65378	Efflorescent Blue Scoithniamh Boots
65379	Efflorescent Purple Scoithniamh Boots
65380	Efflorescent Black Scoithniamh Boots
65381	Efflorescent White Scoithniamh Boots
65382	Everbloom Mystery Chest
65383	Tiny Pink Pig
65384	Small Pink Pig
65385	Medium Pink Pig
65386	Large Pink Pig
65387	Huge Pink Pig
65388	Giant Pink Pig
65389	Tiny Black Pig
65390	Small Black Pig
65391	Medium Black Pig
65392	Large Black Pig
65393	Huge Black Pig
65394	Giant Black Pig
65395	Tiny White Pig
65396	Small White Pig
65397	Medium White Pig
65398	Large White Pig
65399	Huge White Pig
65400	Giant White Pig
65401	Tiny Gold Pig
65402	Small Gold Pig
65403	Medium Gold Pig
65404	Large Gold Pig
65405	Huge Gold Pig
65406	Giant Gold Pig
65407	Tiny Pig Food
65408	Small Pig Food
65409	Medium Pig Food
65410	Large Pig Food
65411	Huge Pig Food
65412	Giant Pig Food
65413	Tiny Blazeroot Seedling
65414	Small Blazeroot Seedling
65415	Medium Blazeroot Seedling
65416	Large Blazeroot Seedling
65417	Huge Blazeroot Seedling
65418	Giant Blazeroot Seedling
65419	Tiny Frostroot Seedling
65420	Small Frostroot Seedling
65421	Medium Frostroot Seedling
65422	Large Frostroot Seedling
65423	Huge Frostroot Seedling
65424	Giant Frostroot Seedling
65425	Tiny Salveroot Seedling
65426	Small Salveroot Seedling
65427	Medium Salveroot Seedling
65428	Large Salveroot Seedling
65429	Huge Salveroot Seedling
65430	Giant Salveroot Seedling
65431	Tiny Causticroot Seedling
65432	Small Causticroot Seedling
65433	Medium Causticroot Seedling
65434	Large Causticroot Seedling
65435	Huge Causticroot Seedling
65436	Giant Causticroot Seedling
65437	Tiny Chaosroot Seedling
65438	Small Chaosroot Seedling
65439	Medium Chaosroot Seedling
65440	Large Chaosroot Seedling
65441	Huge Chaosroot Seedling
65442	Giant Chaosroot Seedling
65443	Tiny Voltroot Seedling
65444	Small Voltroot Seedling
65445	Medium Voltroot Seedling
65446	Large Voltroot Seedling
65447	Huge Voltroot Seedling
65448	Giant Voltroot Seedling
65449	Tiny Seedling Food
65450	Small Seedling Food
65451	Medium Seedling Food
65452	Large Seedling Food
65453	Huge Seedling Food
65454	Giant Seedling Food
65455	Corrupted Seed
65456	Darksworn Hammer of Ashes
65457	Darksworn Hammer of Winter
65458	Darksworn Hammer of Earth
65459	Darksworn Sword of Ashes
65460	Darksworn Sword of Winter
65461	Darksworn Sword of Earth
65462	Darksworn Dagger of Ashes
65463	Darksworn Dagger of Winter
65464	Darksworn Dagger of Earth
65465	Darksworn Knuckleblade of Ashes
65466	Darksworn Knuckleblade of Winter
65467	Darksworn Knuckleblade of Earth
65468	Darksworn Bow of Ashes
65469	Darksworn Bow of Winter
65470	Darksworn Bow of Earth
65471	Darksworn Wand of Ashes
65472	Darksworn Wand of Winter
65473	Darksworn Wand of Earth
65474	Darksworn Totem of Ashes
65475	Darksworn Totem of Winter
65476	Darksworn Totem of Earth
65477	Darksworn Grimoire of Ashes
65478	Darksworn Grimoire of Winter
65479	Darksworn Grimoire of Earth
65480	Shadowsworn Hammer of Ashes
65481	Shadowsworn Hammer of Winter
65482	Shadowsworn Hammer of Earth
65483	Shadowsworn Sword of Ashes
65484	Shadowsworn Sword of Winter
65485	Shadowsworn Sword of Earth
65486	Shadowsworn Dagger of Ashes
65487	Shadowsworn Dagger of Winter
65488	Shadowsworn Dagger of Earth
65489	Shadowsworn Knuckleblade of Ashes
65490	Shadowsworn Knuckleblade of Winter
65491	Shadowsworn Knuckleblade of Earth
65492	Shadowsworn Bow of Ashes
65493	Shadowsworn Bow of Winter
65494	Shadowsworn Bow of Earth
65495	Shadowsworn Wand of Ashes
65496	Shadowsworn Wand of Winter
65497	Shadowsworn Wand of Earth
65498	Shadowsworn Totem of Ashes
65499	Shadowsworn Totem of Winter
65500	Shadowsworn Totem of Earth
65501	Shadowsworn Grimoire of Ashes
65502	Shadowsworn Grimoire of Winter
65503	Shadowsworn Grimoire of Earth
65504	Voidsworn Hammer of Ashes
65505	Voidsworn Hammer of Winter
65506	Voidsworn Hammer of Earth
65507	Voidsworn Sword of Ashes
65508	Voidsworn Sword of Winter
65509	Voidsworn Sword of Earth
65510	Voidsworn Dagger of Ashes
65511	Voidsworn Dagger of Winter
65512	Voidsworn Dagger of Earth
65513	Voidsworn Knuckleblade of Ashes
65514	Voidsworn Knuckleblade of Winter
65515	Voidsworn Knuckleblade of Earth
65516	Voidsworn Bow of Ashes
65517	Voidsworn Bow of Winter
65518	Voidsworn Bow of Earth
65519	Voidsworn Wand of Ashes
65520	Voidsworn Wand of Winter
65521	Voidsworn Wand of Earth
65522	Voidsworn Totem of Ashes
65523	Voidsworn Totem of Winter
65524	Voidsworn Totem of Earth
65525	Voidsworn Grimoire of Ashes
65526	Voidsworn Grimoire of Winter
65527	Voidsworn Grimoire of Earth
65528	Goibniu's Hammer of Ashes
65529	Goibniu's Hammer of Winter
65530	Goibniu's Hammer of Earth
65531	Goibniu's Sword of Ashes
65532	Goibniu's Sword of Winter
65533	Goibniu's Sword of Earth
65534	Creidhne's Dagger of Ashes
65535	Creidhne's Dagger of Winter
65536	Creidhne's Dagger of Earth
65537	Creidhne's Knuckleblade of Ashes
65538	Creidhne's Knuckleblade of Winter
65539	Creidhne's Knuckleblade of Earth
65540	Creidhne's Bow of Ashes
65541	Creidhne's Bow of Winter
65542	Creidhne's Bow of Earth
65543	Luchtaine's Wand of Ashes
65544	Luchtaine's Wand of Winter
65545	Luchtaine's Wand of Earth
65546	Luchtaine's Totem of Ashes
65547	Luchtaine's Totem of Winter
65548	Luchtaine's Totem of Earth
65549	Luchtaine's Grimoire of Ashes
65550	Luchtaine's Grimoire of Winter
65551	Luchtaine's Grimoire of Earth
65552	Majestic Eidolic Necklace of Knights
65553	Royal Eidolic Necklace of Knights
65554	Imperial Eidolic Necklace of Knights
65555	Godly Eidolic Necklace of Knights
65556	Camulus' Necklace of Knights
65557	Majestic Eidolic Necklace of Vikings
65558	Royal Eidolic Necklace of Vikings
65559	Imperial Eidolic Necklace of Vikings
65560	Godly Eidolic Necklace of Vikings
65561	Camulus' Necklace of Vikings
65562	Majestic Eidolic Necklace of Barbarians
65563	Royal Eidolic Necklace of Barbarians
65564	Imperial Eidolic Necklace of Barbarians
65565	Godly Eidolic Necklace of Barbarians
65566	Camulus' Necklace of Barbarians
65567	Majestic Eidolic Necklace of Valor
65568	Royal Eidolic Necklace of Valor
65569	Imperial Eidolic Necklace of Valor
65570	Godly Eidolic Necklace of Valor
65571	Camulus' Necklace of Valor
65572	Majestic Eidolic Necklace of Assassins
65573	Royal Eidolic Necklace of Assassins
65574	Imperial Eidolic Necklace of Assassins
65575	Godly Eidolic Necklace of Assassins
65576	Ankou's Necklace of Assassins
65577	Majestic Eidolic Necklace of Shadows
65578	Royal Eidolic Necklace of Shadows
65579	Imperial Eidolic Necklace of Shadows
65580	Godly Eidolic Necklace of Shadows
65581	Ankou's Necklace of Shadows
65582	Majestic Eidolic Necklace of Archers
65583	Royal Eidolic Necklace of Archers
65584	Imperial Eidolic Necklace of Archers
65585	Godly Eidolic Necklace of Archers
65586	Ankou's Necklace of Archers
65587	Majestic Eidolic Necklace of Hunters
65588	Royal Eidolic Necklace of Hunters
65589	Imperial Eidolic Necklace of Hunters
65590	Godly Eidolic Necklace of Hunters
65591	Ankou's Necklace of Hunters
65592	Majestic Eidolic Necklace of Brawlers
65593	Royal Eidolic Necklace of Brawlers
65594	Imperial Eidolic Necklace of Brawlers
65595	Godly Eidolic Necklace of Brawlers
65596	Ankou's Necklace of Brawlers
65597	Majestic Eidolic Necklace of Mercenaries
65598	Royal Eidolic Necklace of Mercenaries
65599	Imperial Eidolic Necklace of Mercenaries
65600	Godly Eidolic Necklace of Mercenaries
65601	Ankou's Necklace of Mercenaries
65602	Majestic Eidolic Necklace of the Sage
65603	Royal Eidolic Necklace of the Sage
65604	Imperial Eidolic Necklace of the Sage
65605	Godly Eidolic Necklace of the Sage
65606	Ogmios' Necklace of the Sage
65607	Majestic Eidolic Necklace of the Seer
65608	Royal Eidolic Necklace of the Seer
65609	Imperial Eidolic Necklace of the Seer
65610	Godly Eidolic Necklace of the Seer
65611	Ogmios' Necklace of the Seer
65612	Majestic Eidolic Necklace of Flames
65613	Royal Eidolic Necklace of Flames
65614	Imperial Eidolic Necklace of Flames
65615	Godly Eidolic Necklace of Flames
65616	Ogmios' Necklace of Flames
65617	Majestic Eidolic Necklace of Blizzards
65618	Royal Eidolic Necklace of Blizzards
65619	Imperial Eidolic Necklace of Blizzards
65620	Godly Eidolic Necklace of Blizzards
65621	Ogmios' Necklace of Blizzards
65622	Majestic Spectral Bracelet of Rupture
65623	Royal Spectral Bracelet of Rupture
65624	Imperial Spectral Bracelet of Rupture
65625	Godly Spectral Bracelet of Rupture
65626	Andarta's Bracelet of Rupture
65627	Majestic Aberrant Bracelet of Pummel
65628	Royal Aberrant Bracelet of Pummel
65629	Imperial Aberrant Bracelet of Pummel
65630	Godly Aberrant Bracelet of Pummel
65631	Andarta's Bracelet of Pummel
65632	Majestic Spectral Bracelet of Taunt
65633	Royal Spectral Bracelet of Taunt
65634	Imperial Spectral Bracelet of Taunt
65635	Godly Spectral Bracelet of Taunt
65636	Dagda's Bracelet of Taunt
65637	Majestic Aberrant Bracelet of Shield Wall
65638	Royal Aberrant Bracelet of Shield Wall
65639	Imperial Aberrant Bracelet of Shield Wall
65640	Godly Aberrant Bracelet of Shield Wall
65641	Dagda's Bracelet of Shield Wall
65642	Majestic Spectral Bracelet of Rend
65643	Royal Spectral Bracelet of Rend
65644	Imperial Spectral Bracelet of Rend
65645	Godly Spectral Bracelet of Rend
65646	Cichol's Bracelet of Rend
65647	Majestic Aberrant Bracelet of Quick Strike
65648	Royal Aberrant Bracelet of Quick Strike
65649	Imperial Aberrant Bracelet of Quick Strike
65650	Godly Aberrant Bracelet of Quick Strike
65651	Cichol's Bracelet of Quick Strike
65652	Majestic Spectral Bracelet of Shadowstrike
65653	Royal Spectral Bracelet of Shadowstrike
65654	Imperial Spectral Bracelet of Shadowstrike
65655	Godly Spectral Bracelet of Shadowstrike
65656	Arawn's Bracelet of Shadowstrike
65657	Majestic Aberrant Bracelet of Sneaky Attack
65658	Royal Aberrant Bracelet of Sneaky Attack
65659	Imperial Aberrant Bracelet of Sneaky Attack
65660	Godly Aberrant Bracelet of Sneaky Attack
65661	Arawn's Aberrant Bracelet of Sneaky Attack
65662	Majestic Spectral Bracelet of Sharp Shot
65663	Royal Spectral Bracelet of Sharp Shot
65664	Imperial Spectral Bracelet of Sharp Shot
65665	Godly Spectral Bracelet of Sharp Shot
65666	Flidais' Bracelet of Sharp Shot
65667	Majestic Aberrant Bracelet of Longshot
65668	Royal Aberrant Bracelet of Longshot
65669	Imperial Aberrant Bracelet of Longshot
65670	Godly Aberrant Bracelet of Longshot
65671	Flidais' Bracelet of Longshot
65672	Majestic Spectral Bracelet of Barbed Shot
65673	Royal Spectral Bracelet of Barbed Shot
65674	Imperial Spectral Bracelet of Barbed Shot
65675	Godly Spectral Bracelet of Barbed Shot
65676	Nodens' Bracelet of Barbed Shot
65677	Majestic Aberrant Bracelet of Rapid Shot
65678	Royal Aberrant Bracelet of Rapid Shot
65679	Imperial Aberrant Bracelet of Rapid Shot
65680	Godly Aberrant Bracelet of Rapid Shot
65681	Nodens' Bracelet of Rapid Shot
65682	Majestic Spectral Bracelet of Fire Bolt
65683	Royal Spectral Bracelet of Fire Bolt
65684	Imperial Spectral Bracelet of Fire Bolt
65685	Godly Spectral Bracelet of Fire Bolt
65686	Nantosuelta's Bracelet of Fire Bolt
65687	Majestic Aberrant Bracelet of Firestorm
65688	Royal Aberrant Bracelet of Firestorm
65689	Imperial Aberrant Bracelet of Firestorm
65690	Godly Aberrant Bracelet of Firestorm
65691	Nantosuelta's Bracelet of Firestorm
65692	Majestic Spectral Bracelet of Ice Shards
65693	Royal Spectral Bracelet of Ice Shards
65694	Imperial Spectral Bracelet of Ice Shards
65695	Godly Spectral Bracelet of Ice Shards
65696	Belisama's Bracelet of Ice Shards
65697	Majestic Aberrant Bracelet of Ice Blast
65698	Royal Aberrant Bracelet of Ice Blast
65699	Imperial Aberrant Bracelet of Ice Blast
65700	Godly Aberrant Bracelet of Ice Blast
65701	Belisama's Bracelet of Ice Blast
65702	Majestic Deviant Bracelet of Laceration
65703	Royal Deviant Bracelet of Laceration
65704	Imperial Deviant Bracelet of Laceration
65705	Godly Deviant Bracelet of Laceration
65706	Beag's Bracelet of Laceration
65707	Majestic Deviant Bracelet of Contusion
65708	Royal Deviant Bracelet of Contusion
65709	Imperial Deviant Bracelet of Contusion
65710	Godly Deviant Bracelet of Contusion
65711	Beag's Bracelet of Contusion
65712	Majestic Spectral Bracelet of Lightning Strike
65713	Royal Spectral Bracelet of Lightning Strike
65714	Imperial Spectral Bracelet of Lightning Strike
65715	Godly Spectral Bracelet of Lightning Strike
65716	Ambisagrus' Bracelet of Lightning Strike
65717	Majestic Aberrant Bracelet of Storm Touch
65718	Royal Aberrant Bracelet of Storm Touch
65719	Imperial Aberrant Bracelet of Storm Touch
65720	Godly Aberrant Bracelet of Storm Touch
65721	Ambisagrus' Bracelet of Storm Touch
65722	Majestic Spectral Bracelet of Natures Touch
65723	Royal Spectral Bracelet of Natures Touch
65724	Imperial Spectral Bracelet of Natures Touch
65725	Godly Spectral Bracelet of Natures Touch
65726	Grannus' Bracelet of Natures Touch
65727	Majestic Aberrant Bracelet of Natures Breath
65728	Royal Aberrant Bracelet of Natures Breath
65729	Imperial Aberrant Bracelet of Natures Breath
65730	Godly Aberrant Bracelet of Natures Breath
65731	Grannus' Bracelet of Natures Breath
65732	Majestic Deviant Bracelet of Opposition
65733	Royal Deviant Bracelet of Opposition
65734	Imperial Deviant Bracelet of Opposition
65735	Godly Deviant Bracelet of Opposition
65736	Brigid's Bracelet of Opposition
65737	Majestic Deviant Bracelet of Resistance
65738	Royal Deviant Bracelet of Resistance
65739	Imperial Deviant Bracelet of Resistance
65740	Godly Deviant Bracelet of Resistance
65741	Brigid's Bracelet of Resistance
65742	Darksworn Axe of Ashes
65743	Darksworn Axe of Winter
65744	Darksworn Axe of Earth
65745	Shadowsworn Axe of Ashes
65746	Shadowsworn Axe of Winter
65747	Shadowsworn Axe of Earth
65748	Voidsworn Axe of Ashes
65749	Voidsworn Axe of Winter
65750	Voidsworn Axe of Earth
65751	Goibniu's Axe of Ashes
65752	Goibniu's Axe of Winter
65753	Goibniu's Axe of Earth
65754	Transformation Authorization
65755	Mighty Bloodleaf Band of Demolition
65756	Majestic Bloodleaf Band of Demolition
65757	Royal Bloodleaf Band of Demolition
65758	Imperial Bloodleaf Band of Demolition
65759	Godly Bloodleaf Band of Demolition
65760	Mighty Bloodleaf Band of Decimation
65761	Majestic Bloodleaf Band of Decimation
65762	Royal Bloodleaf Band of Decimation
65763	Imperial Bloodleaf Band of Decimation
65764	Godly Bloodleaf Band of Decimation
65765	Mighty Bloodleaf Band of Termination
65766	Majestic Bloodleaf Band of Termination
65767	Royal Bloodleaf Band of Termination
65768	Imperial Bloodleaf Band of Termination
65769	Godly Bloodleaf Band of Termination
65770	Tame Hellsteed
65771	Trained Hellsteed
65772	Hardened Hellsteed
65773	Relentless Hellsteed
65774	Ferocious Hellsteed
65775	Primal Hellsteed
65776	Dark Essence
65777	Witchbane Mystery Chest
65778	'Sun King Soup' Recipe Book
65779	'Yule Cookies' Recipe Book
65780	'Rice Pudding' Recipe Book
65781	'Yule Cake' Recipe Book
65782	'Spiced Beef' Recipe Book
65783	'Yule Roast' Recipe Book
65784	'Sunshine Casserole' Recipe Book
65785	'Spicy Fruit Salad' Recipe Book
65786	'Minty Fruit Salad' Recipe Book
65787	'Honey Fruit Salad' Recipe Book
65800	Burnt Sun King Soup
65801	Sun King Soup
65802	Exquisite Sun King Soup
65803	Perfected Sun King Soup
65804	Burnt Yule Cookies
65805	Yule Cookies
65806	Exquisite Yule Cookies
65807	Perfected Yule Cookies
65808	Burnt Rice Pudding
65809	Rice Pudding
65810	Exquisite Rice Pudding
65811	Perfected Rice Pudding
65812	Burnt Yule Cake
65813	Yule Cake
65814	Exquisite Yule Cake
65815	Perfected Yule Cake
65816	Burnt Spiced Beef
65817	Spiced Beef
65818	Exquisite Spiced Beef
65819	Perfected Spiced Beef
65820	Burnt Yule Roast
65821	Yule Roast
65822	Exquisite Yule Roast
65823	Perfected Yule Roast
65824	Burnt Sunshine Casserole
65825	Sunshine Casserole
65826	Exquisite Sunshine Casserole
65827	Perfected Sunshine Casserole
65828	Burnt Spicy Fruit Salad
65829	Spicy Fruit Salad
65830	Exquisite Spicy Fruit Salad
65831	Perfected Spicy Fruit Salad
65832	Burnt Minty Fruit Salad
65833	Minty Fruit Salad
65834	Exquisite Minty Fruit Salad
65835	Perfected Minty Fruit Salad
65836	Burnt Honey Fruit Salad
65837	Honey Fruit Salad
65838	Exquisite Honey Fruit Salad
65839	Perfected Honey Fruit Salad
65844	Crushed Candy Cane
65900	Red Winterblight Crown
65901	Pink Winterblight Crown
65902	Orange Winterblight Crown
65903	Yellow Winterblight Crown
65904	Green Winterblight Crown
65905	Turquoise Winterblight Crown
65906	Blue Winterblight Crown
65907	Purple Winterblight Crown
65908	Black Winterblight Crown
65909	White Winterblight Crown
65910	Glacial Red Winterblight Crown
65911	Glacial Pink Winterblight Crown
65912	Glacial Orange Winterblight Crown
65913	Glacial Yellow Winterblight Crown
65914	Glacial Green Winterblight Crown
65915	Glacial Turquoise Winterblight Crown
65916	Glacial Blue Winterblight Crown
65917	Glacial Purple Winterblight Crown
65918	Glacial Black Winterblight Crown
65919	Glacial White Winterblight Crown
65920	Stolen Gift
65921	Ornate Stolen Gift
65922	Tiny Festive Reindeer
65923	Small Festive Reindeer
65924	Medium Festive Reindeer
65925	Large Festive Reindeer
65926	Huge Festive Reindeer
65927	Giant Festive Reindeer
65928	Tiny Festive Reindeer Food
65929	Small Festive Reindeer Food
65930	Medium Festive Reindeer Food
65931	Large Festive Reindeer Food
65932	Huge Festive Reindeer Food
65933	Giant Festive Reindeer Food
65934	Magical Bell
65935	Everfrost Mystery Chest
65936	Bag of Two Dragon Hatchling Eggs
65937	Bag of Three Dragon Hatchling Eggs
65938	Bag of Two Phoenix Eggs
65939	Bag of Three Phoenix Eggs
65940	Bag of Two Corrupted Seeds
65941	Bag of Three Corrupted Seeds
65942	Bag of Two Magical Bells
65943	Bag of Three Magical Bells
65944	Bag of Two Dark Essences
65945	Bag of Three Dark Essences
65946	Demontide Mystery Chest
65947	Tiny Imp Food
65948	Small Imp Food
65949	Medium Imp Food
65950	Large Imp Food
65951	Huge Imp Food
65952	Giant Imp Food
65953	Cursed Coin
65954	Tiny Bloodbound Imp
65955	Small Bloodbound Imp
65956	Medium Bloodbound Imp
65957	Large Bloodbound Imp
65958	Huge Bloodbound Imp
65959	Giant Bloodbound Imp
65960	Tiny Hexbound Imp
65961	Small Hexbound Imp
65962	Medium Hexbound Imp
65963	Large Hexbound Imp
65964	Huge Hexbound Imp
65965	Giant Hexbound Imp
65966	Tiny Blightbound Imp
65967	Small Blightbound Imp
65968	Medium Blightbound Imp
65969	Large Blightbound Imp
65970	Huge Blightbound Imp
65971	Giant Blightbound Imp
65972	Tiny Soulbound Imp
65973	Small Soulbound Imp
65974	Medium Soulbound Imp
65975	Large Soulbound Imp
65976	Huge Soulbound Imp
65977	Giant Soulbound Imp
65978	Bag of Two Cursed Coins
65979	Bag of Three Cursed Coins
65980	Mount Whistle
65981	Bag of Ninety-Six Pet Tokens
65982	Bag of One-Hundred-Twenty-Eight Pet Tokens
65983	Bag of Ninety-Six Mount Tokens
65984	Bag of One-Hundred-Twenty-Eight Mount Tokens
65985	Red Decennial Headdress
65986	Pink Decennial Headdress
65987	Orange Decennial Headdress
65988	Yellow Decennial Headdress
65989	Green Decennial Headdress
65990	Turquoise Decennial Headdress
65991	Blue Decennial Headdress
65992	Purple Decennial Headdress
65993	Black Decennial Headdress
65994	White Decennial Headdress
65995	Red Decennial Tunic
65996	Pink Decennial Tunic
65997	Orange Decennial Tunic
65998	Yellow Decennial Tunic
65999	Green Decennial Tunic
66000	Turquoise Decennial Tunic
66001	Blue Decennial Tunic
66002	Purple Decennial Tunic
66003	Black Decennial Tunic
66004	White Decennial Tunic
66005	Red Decennial Gloves
66006	Pink Decennial Gloves
66007	Orange Decennial Gloves
66008	Yellow Decennial Gloves
66009	Green Decennial Gloves
66010	Turquoise Decennial Gloves
66011	Blue Decennial Gloves
66012	Purple Decennial Gloves
66013	Black Decennial Gloves
66014	White Decennial Gloves
66015	Red Decennial Leggings
66016	Pink Decennial Leggings
66017	Orange Decennial Leggings
66018	Yellow Decennial Leggings
66019	Green Decennial Leggings
66020	Turquoise Decennial Leggings
66021	Blue Decennial Leggings
66022	Purple Decennial Leggings
66023	Black Decennial Leggings
66024	White Decennial Leggings
66025	Red Decennial Boots
66026	Pink Decennial Boots
66027	Orange Decennial Boots
66028	Yellow Decennial Boots
66029	Green Decennial Boots
66030	Turquoise Decennial Boots
66031	Blue Decennial Boots
66032	Purple Decennial Boots
66033	Black Decennial Boots
66034	White Decennial Boots
66035	Sparkling Red Decennial Headdress
66036	Sparkling Pink Decennial Headdress
66037	Sparkling Orange Decennial Headdress
66038	Sparkling Yellow Decennial Headdress
66039	Sparkling Green Decennial Headdress
66040	Sparkling Turquoise Decennial Headdress
66041	Sparkling Blue Decennial Headdress
66042	Sparkling Purple Decennial Headdress
66043	Sparkling Black Decennial Headdress
66044	Sparkling White Decennial Headdress
66045	Sparkling Red Decennial Tunic
66046	Sparkling Pink Decennial Tunic
66047	Sparkling Orange Decennial Tunic
66048	Sparkling Yellow Decennial Tunic
66049	Sparkling Green Decennial Tunic
66050	Sparkling Turquoise Decennial Tunic
66051	Sparkling Blue Decennial Tunic
66052	Sparkling Purple Decennial Tunic
66053	Sparkling Black Decennial Tunic
66054	Sparkling White Decennial Tunic
66055	Sparkling Red Decennial Gloves
66056	Sparkling Pink Decennial Gloves
66057	Sparkling Orange Decennial Gloves
66058	Sparkling Yellow Decennial Gloves
66059	Sparkling Green Decennial Gloves
66060	Sparkling Turquoise Decennial Gloves
66061	Sparkling Blue Decennial Gloves
66062	Sparkling Purple Decennial Gloves
66063	Sparkling Black Decennial Gloves
66064	Sparkling White Decennial Gloves
66065	Sparkling Red Decennial Leggings
66066	Sparkling Pink Decennial Leggings
66067	Sparkling Orange Decennial Leggings
66068	Sparkling Yellow Decennial Leggings
66069	Sparkling Green Decennial Leggings
66070	Sparkling Turquoise Decennial Leggings
66071	Sparkling Blue Decennial Leggings
66072	Sparkling Purple Decennial Leggings
66073	Sparkling Black Decennial Leggings
66074	Sparkling White Decennial Leggings
66075	Sparkling Red Decennial Boots
66076	Sparkling Pink Decennial Boots
66077	Sparkling Orange Decennial Boots
66078	Sparkling Yellow Decennial Boots
66079	Sparkling Green Decennial Boots
66080	Sparkling Turquoise Decennial Boots
66081	Sparkling Blue Decennial Boots
66082	Sparkling Purple Decennial Boots
66083	Sparkling Black Decennial Boots
66084	Sparkling White Decennial Boots
66085	Dal Riata Mystery Chest
66086	Bottled Memories
66087	Shimmering Bottled Memories
66088	Red Horns of Twilight
66089	Pink Horns of Twilight
66090	Orange Horns of Twilight
66091	Yellow Horns of Twilight
66092	Green Horns of Twilight
66093	Turquoise Horns of Twilight
66094	Blue Horns of Twilight
66095	Purple Horns of Twilight
66096	Black Horns of Twilight
66097	White Horns of Twilight
66098	Dreaming Red Horns of Twilight
66099	Dreaming Pink Horns of Twilight
66100	Dreaming Orange Horns of Twilight
66101	Dreaming Yellow Horns of Twilight
66102	Dreaming Green Horns of Twilight
66103	Dreaming Turquoise Horns of Twilight
66104	Dreaming Blue Horns of Twilight
66105	Dreaming Purple Horns of Twilight
66106	Dreaming Black Horns of Twilight
66107	Dreaming White Horns of Twilight
66108	10th Anniversary Red Firework
66109	10th Anniversary Pink Firework
66110	10th Anniversary Orange Firework
66111	10th Anniversary Yellow Firework
66112	10th Anniversary Green Firework
66113	10th Anniversary Turquoise Firework
66114	10th Anniversary Blue Firework
66115	10th Anniversary Purple Firework
66116	10th Anniversary Black Firework
66117	10th Anniversary White Firework
66118	Jubilation Elixir
66119	Spirit Mastiff
66120	Spirit Hare
66121	Spirit Wolf
66122	Spirit Spider
66123	Spirit Boar
66124	Spirit Chicken
66125	Spirit Eagle
66126	Spirit Pig
66127	Spirit Green Hatchling
66128	Spirit Red Hatchling
66129	Spirit Blue Hatchling
66130	Spirit Black Hatchling
66131	Spirit Red Phoenix
66132	Spirit Orange Phoenix
66133	Spirit Blue Phoenix
66134	Spirit Purple Phoenix
66135	Spirit Blazeroot Seedling
66136	Spirit Frostroot Seedling
66137	Spirit Salveroot Seedling
66138	Spirit Causticroot Seedling
66139	Spirit Chaosroot Seedling
66140	Spirit Voltroot Seedling
66141	Spirit Bloodbound Imp
66142	Spirit Hexbound Imp
66143	Spirit Blightbound Imp
66144	Spirit Soulbound Imp
66145	Spirit Mastiff Food
66146	Spirit Hare Food
66147	Spirit Wolf Food
66148	Spirit Spider Food
66149	Spirit Boar Food
66150	Spirit Chicken Food
66151	Spirit Hatchling Food
66152	Spirit Eagle Food
66153	Spirit Phoenix Food
66154	Spirit Pig Food
66155	Spirit Seedling Food
66156	Spirit Imp Food
66157	Bag of Six Dragon Hatchling Eggs
66158	Bag of Six Phoenix Eggs
66159	Bag of Six Corrupted Seeds
66160	Bag of Six Cursed Coins
66161	5 Jubilation Elixirs
900001	Doch Gul Gauntlets of Fortitude
900002	Doch Gul Boots of Fortitude
900003	Doch Gul Helm of Fortitude
900004	Doch Gul Greaves of Fortitude
900005	Doch Gul Breastplate of Fortitude
